[
    {
        "name": "Xiaomi Smart Air Fryer 6.5L",
        "price": "9,444\u00a0EGP EGP",
        "image_url": "https://dubaiphone.s3.eu-central-1.amazonaws.com/dp-prod/wp-content/uploads/2024/02/Xiaomi-Smart-Air-Fryer-6.5L_Air-Fryer_8581_2-300x300.jpeg",
        "product_url": "https://www.dubaiphone.net/shop/xiaomi-smart-air-fryer-6-5l/",
        "category_type": "Appliances"
    },
    {
        "name": "Sokany Stainless Steel Chopper 5 Litres 800 Watt, SK-7015",
        "price": "1,450\u00a0EGP EGP",
        "image_url": "https://dubaiphone.s3.eu-central-1.amazonaws.com/dp-prod/wp-content/uploads/2024/02/Sokany-Stainless-Steel-Chopper-5-Litres-800-Watt-SK-7015_Blenders-Mixers_9142_2-300x300.png",
        "product_url": "https://www.dubaiphone.net/shop/sokany-stainless-steel-chopper-5-litres-800-watt-sk-7015/",
        "category_type": "Appliances"
    },
    {
        "name": "Sokany Rechargeable Hand Mixer 1200 mAh, SK-201A",
        "price": "385\u00a0EGP EGP",
        "image_url": "https://dubaiphone.s3.eu-central-1.amazonaws.com/dp-prod/wp-content/uploads/2024/03/Sokany-Rechargeable-Hand-Mixer-1200-mAh-SK-201A_Kettle-Coffee-Maker_9312_2-300x300.jpeg",
        "product_url": "https://www.dubaiphone.net/shop/sokany-rechargeable-hand-mixer-1200-mah-sk-201a/",
        "category_type": "Appliances"
    },
    {
        "name": "Sokany Blender With Grinder 2.5 Litres 5000 Watt, SK-666",
        "price": "1,950\u00a0EGP EGP",
        "image_url": "https://dubaiphone.s3.eu-central-1.amazonaws.com/dp-prod/wp-content/uploads/2024/02/Sokany-Blender-With-Grinder-2.5-Litres-5000-Watt-SK-666_Blenders-Mixers_9109_2-300x300.png",
        "product_url": "https://www.dubaiphone.net/shop/sokany-blender-with-grinder-2-5-litres-5000-watt-sk-666/",
        "category_type": "Appliances"
    },
    {
        "name": "Philips Hair Dryer 2100 Watt, 6 Heat and Speed settings Series 3000 \u2013 BHD351",
        "price": "1,777\u00a0EGP EGP",
        "image_url": "https://dubaiphone.s3.eu-central-1.amazonaws.com/dp-prod/wp-content/uploads/2024/02/Philips-Hair-Dryer-2100-Watt-6-Heat-and-Speed-settings-Series-3000-BHD351_Personal-Care_8598_2-1-300x300.jpeg",
        "product_url": "https://www.dubaiphone.net/shop/philips-hair-dryer-2100-watt-6-heat-and-speed-settings-series-3000-bhd351/",
        "category_type": "Appliances"
    },
    {
        "name": "Xiaomi Mi Smart Air Fryer Pro 4L",
        "price": "7,800\u00a0EGP EGP",
        "image_url": "https://dubaiphone.s3.eu-central-1.amazonaws.com/dp-prod/wp-content/uploads/2024/02/Xiaomi-Mi-Smart-Air-Fryer-Pro-4L_Air-Fryer_8315_2-300x300.jpeg",
        "product_url": "https://www.dubaiphone.net/shop/xiaomi-mi-smart-air-fryer-pro-4l/",
        "category_type": "Appliances"
    },
    {
        "name": "Sokany Digital Air Fryer 3.8 Litres 1000 Watt, SK-8011",
        "price": "3,190\u00a0EGP EGP",
        "image_url": "https://dubaiphone.s3.eu-central-1.amazonaws.com/dp-prod/wp-content/uploads/2024/03/Sokany-Digital-Air-Fryer-3.8-Litres-1000-Watt-SK-8011_Air-Fryer_9394_2-300x300.jpeg",
        "product_url": "https://www.dubaiphone.net/shop/sokany-digital-air-fryer-3-8-litres-1000-watt-sk-8011/",
        "category_type": "Appliances"
    },
    {
        "name": "ORIENTAL Digital Air Fryer, 6.5 Liters 1600 watt \u2013 DF650AP",
        "price": "4,890\u00a0EGP EGP",
        "image_url": "https://dubaiphone.s3.eu-central-1.amazonaws.com/dp-prod/wp-content/uploads/2024/02/ORIENTAL-Digital-Air-Fryer-6.5-Liters-1600-watt-DF650AP_Air-Fryer_8599_2-300x300.jpeg",
        "product_url": "https://www.dubaiphone.net/shop/oriental-digital-air-fryer-6-5-liters-1600-watt-df650ap/",
        "category_type": "Appliances"
    },
    {
        "name": "Sokany Glass Kettle 1500W 2 Litres, SK-1045",
        "price": "550\u00a0EGP EGP",
        "image_url": "https://dubaiphone.s3.eu-central-1.amazonaws.com/dp-prod/wp-content/uploads/2024/04/Sokany-Glass-Kettle-1500W-2-Litres-SK-1045_Kettle-Coffee-Maker_10147_2-300x300.jpeg",
        "product_url": "https://www.dubaiphone.net/shop/sokany-glass-kettle-1500w-2-litres-sk-1045/",
        "category_type": "Appliances"
    },
    {
        "name": "Xiaomi Robot Vacuum E10",
        "price": "9,999\u00a0EGP EGP",
        "image_url": "https://dubaiphone.s3.eu-central-1.amazonaws.com/dp-prod/wp-content/uploads/2024/02/Xiaomi-Robot-Vacuum-E10-300x300.png",
        "product_url": "https://www.dubaiphone.net/shop/xiaomi-robot-vacuum-e10/",
        "category_type": "Appliances"
    },
    {
        "name": "Sokany Juicer 45 Watt 750ML, SK-623D",
        "price": "844\u00a0EGP EGP",
        "image_url": "https://dubaiphone.s3.eu-central-1.amazonaws.com/dp-prod/wp-content/uploads/2024/03/Sokany-Juicer-45-Watt-750ML-SK-623D_Blenders-Mixers_9313_2-300x300.jpeg",
        "product_url": "https://www.dubaiphone.net/shop/sokany-juicer-45-watt-750ml-sk-623d/",
        "category_type": "Appliances"
    },
    {
        "name": "Sokany Air Fryer 7.7 Litres 1800 Watt, SK-8012",
        "price": "5,333\u00a0EGP EGP",
        "image_url": "https://dubaiphone.s3.eu-central-1.amazonaws.com/dp-prod/wp-content/uploads/2024/04/Sokany-Air-Fryer-7.7-Litres-1800-Watt-SK-8012_Air-Fryer_9553_2-300x300.jpeg",
        "product_url": "https://www.dubaiphone.net/shop/sokany-air-fryer-7-7-litres-1800-watt-sk-8012/",
        "category_type": "Appliances"
    },
    {
        "name": "Sokany Stainless Steel Grinder 500 Watt, SK-156",
        "price": "1,490\u00a0EGP EGP",
        "image_url": "https://dubaiphone.s3.eu-central-1.amazonaws.com/dp-prod/wp-content/uploads/2024/02/Sokany-Stainless-Steel-Grinder-500-Watt-SK-156_Blenders-Mixers_9112_2-300x300.png",
        "product_url": "https://www.dubaiphone.net/shop/sokany-stainless-steel-grinder-500-watt-sk-156/",
        "category_type": "Appliances"
    },
    {
        "name": "Nutricook Air Fryer 2, Digital Control 5.5 Liters 1700 Watt \u2013 AF205",
        "price": "6,888\u00a0EGP EGP",
        "image_url": "https://dubaiphone.s3.eu-central-1.amazonaws.com/dp-prod/wp-content/uploads/2024/02/Nutricook-Air-Fryer-2-Digital-Control-5.5-Liters-1700-Watt-AF205K_Air-Fryer_8597_2-300x300.jpeg",
        "product_url": "https://www.dubaiphone.net/shop/nutricook-air-fryer-2-digital-control-5-5-liters-1700-watt-af205k/",
        "category_type": "Appliances"
    },
    {
        "name": "Sokany 3 in 1 Sandwich Maker 750 Watt, KJ-303",
        "price": "1,599\u00a0EGP EGP",
        "image_url": "https://dubaiphone.s3.eu-central-1.amazonaws.com/dp-prod/wp-content/uploads/2024/05/Sokany-3-in-1-Sandwich-Maker-750-Watt-KJ-303_Waffle-Sandwich-Maker_9116_2-300x300.png",
        "product_url": "https://www.dubaiphone.net/shop/sokany-3-in-1-sandwich-maker-750-watt-kj-303/",
        "category_type": "Appliances"
    },
    {
        "name": "Sokany Steam Iron 2200 Watt, PL-278",
        "price": "875\u00a0EGP EGP",
        "image_url": "https://dubaiphone.s3.eu-central-1.amazonaws.com/dp-prod/wp-content/uploads/2024/04/Sokany-Steam-Iron-2200-Watt-PL-278_Irons_10138_2-300x300.jpeg",
        "product_url": "https://www.dubaiphone.net/shop/sokany-steam-iron-2200-watt-pl-278/",
        "category_type": "Appliances"
    },
    {
        "name": "Sokany Steam Iron 2200 Watt 300ml, SK-YD-11001",
        "price": "875\u00a0EGP EGP",
        "image_url": "https://dubaiphone.s3.eu-central-1.amazonaws.com/dp-prod/wp-content/uploads/2024/04/Sokany-Steam-Iron-2200-Watt-300ml-SK-YD-11001_Irons_10149_2-300x300.jpeg",
        "product_url": "https://www.dubaiphone.net/shop/sokany-steam-iron-2200-watt-300ml-sk-yd-11001/",
        "category_type": "Appliances"
    },
    {
        "name": "Sokany Air Fryer 8.5 Litres 1700 Watt, SK-005",
        "price": "5,390\u00a0EGP EGP",
        "image_url": "https://dubaiphone.s3.eu-central-1.amazonaws.com/dp-prod/wp-content/uploads/2024/04/Sokany-Air-Fryer-8.5-Litres-1700-Watt-SK-005_Air-Fryer_9307_2-300x300.jpeg",
        "product_url": "https://www.dubaiphone.net/shop/sokany-air-fryer-8-5-litres-1700-watt-sk-005/",
        "category_type": "Appliances"
    },
    {
        "name": "Sokany Digital Air Fryer 5 Litres 1500 Watt, SK-3011",
        "price": "4,490\u00a0EGP EGP",
        "image_url": "https://dubaiphone.s3.eu-central-1.amazonaws.com/dp-prod/wp-content/uploads/2024/03/Sokany-Digital-Air-Fryer-5-Litres-1500-Watt-SK-3011_Air-Fryer_9101_2-300x300.png",
        "product_url": "https://www.dubaiphone.net/shop/sokany-digital-air-fryer-5-litres-1500-watt-sk-3011/",
        "category_type": "Appliances"
    },
    {
        "name": "Sokany Blender 2 Litres 4500 Watt, SK-444",
        "price": "1,690\u00a0EGP EGP",
        "image_url": "https://dubaiphone.s3.eu-central-1.amazonaws.com/dp-prod/wp-content/uploads/2024/03/Sokany-Blender-2-Litres-4500-Watt-SK-444_Blenders-Mixers_9395_2-300x300.jpeg",
        "product_url": "https://www.dubaiphone.net/shop/sokany-blender-2-litres-4500-watt-sk-444/",
        "category_type": "Appliances"
    },
    {
        "name": "Bosch Meat mincer CompactPower 1800 Watt With Full Accessories, Black \u2013 MFW3850B",
        "price": "6,999\u00a0EGP EGP",
        "image_url": "https://dubaiphone.s3.eu-central-1.amazonaws.com/dp-prod/wp-content/uploads/2024/03/Bosch-Meat-mincer-CompactPower-1800-Watt-With-Full-Accessories-Black-MFW3850B_Blenders-Mixers_9370_2-300x300.jpeg",
        "product_url": "https://www.dubaiphone.net/shop/bosch-meat-mincer-compactpower-1800-watt-with-full-accessories-black-mfw3850b/",
        "category_type": "Appliances"
    },
    {
        "name": "Sokany Steam Iron 2200 Watt 480ML, SK-YD-2118",
        "price": "1,125\u00a0EGP EGP",
        "image_url": "https://dubaiphone.s3.eu-central-1.amazonaws.com/dp-prod/wp-content/uploads/2024/02/Sokany-Steam-Iron-2200-Watt-480ML-SK-YD-2118_Irons_9118_2-300x300.png",
        "product_url": "https://www.dubaiphone.net/shop/sokany-steam-iron-2200-watt-480ml-sk-yd-2118/",
        "category_type": "Appliances"
    },
    {
        "name": "Sonai Classic Kettle 2200 Watt 1.7 Litres LED lights, MAR-3752",
        "price": "790\u00a0EGP EGP",
        "image_url": "https://dubaiphone.s3.eu-central-1.amazonaws.com/dp-prod/wp-content/uploads/2024/06/Sonai-Classic-Kettle-2200-Watt-1.7-Litres-LED-lights-MAR-3752_Kettle-Coffee-Maker_9987_2-300x300.jpeg",
        "product_url": "https://www.dubaiphone.net/shop/sonai-classic-kettle-2200-watt-1-7-litres-led-lights-mar-3752/",
        "category_type": "Appliances"
    },
    {
        "name": "Black and Decker XL Digital Air Fryer Oven 12 Liters 1500W \u2013 AOF100-B5",
        "price": "7,190\u00a0EGP EGP",
        "image_url": "https://dubaiphone.s3.eu-central-1.amazonaws.com/dp-prod/wp-content/uploads/2024/06/Black-and-Decker-XL-Digital-Air-Fryer-Oven-12-Liters-1500W-AOF100-B5_Air-Fryer_10608_2-300x300.jpeg",
        "product_url": "https://www.dubaiphone.net/shop/black-and-decker-xl-digital-air-fryer-oven-12-liters-1500w-aof100-b5/",
        "category_type": "Appliances"
    },
    {
        "name": "Black and Decker Portable Garment Steamer With Bottle Adaptor 1500 Watt \u2013 HST1500-B5",
        "price": "2,590\u00a0EGP EGP",
        "image_url": "https://dubaiphone.s3.eu-central-1.amazonaws.com/dp-prod/wp-content/uploads/2024/06/Black-and-Decker-Portable-Garment-Steamer-With-Bottle-Adaptor-1500-Watt-HST1500-B5_Irons_10616_2-300x300.jpeg",
        "product_url": "https://www.dubaiphone.net/shop/black-and-decker-portable-garment-steamer-with-bottle-adaptor-1500-watt-hst1500-b5/",
        "category_type": "Appliances"
    },
    {
        "name": "Black and Decker Digital Air Fryer 5.5 Liters 1500 Watt \u2013 AF5539-B5",
        "price": "6,190\u00a0EGP EGP",
        "image_url": "https://dubaiphone.s3.eu-central-1.amazonaws.com/dp-prod/wp-content/uploads/2024/06/Black-and-Decker-Digital-Air-Fryer-5.5-Liters-1500-Watt-AF5539-B5_Air-Fryer_10624_2-300x300.jpeg",
        "product_url": "https://www.dubaiphone.net/shop/black-and-decker-digital-air-fryer-5-5-liters-1500-watt-af5539-b5/",
        "category_type": "Appliances"
    },
    {
        "name": "Sokany Twin Digital Air Fryer 10 Litres 3400 Watt, SK-8047",
        "price": "6,590\u00a0EGP EGP",
        "image_url": "https://dubaiphone.s3.eu-central-1.amazonaws.com/dp-prod/wp-content/uploads/2024/05/Sokany-Twin-Digital-Air-Fryer-10-Litres-3400-Watt-SK-8047_Air-Fryer_9306_2-300x300.jpeg",
        "product_url": "https://www.dubaiphone.net/shop/sokany-twin-digital-air-fryer-10-litres-3400-watt-sk-8047/",
        "category_type": "Appliances"
    },
    {
        "name": "Sokany Waffle Maker 1000 Watt, KJ-225",
        "price": "1,375\u00a0EGP EGP",
        "image_url": "https://dubaiphone.s3.eu-central-1.amazonaws.com/dp-prod/wp-content/uploads/2024/05/Sokany-Waffle-Maker-1000-Watt-KJ-225_Waffle-Sandwich-Maker_10562_2-300x300.jpeg",
        "product_url": "https://www.dubaiphone.net/shop/sokany-waffle-maker-1000-watt-kj-225/",
        "category_type": "Appliances"
    },
    {
        "name": "Sokany Stainless Steel Chopper 6.5 Litres 1500 Watt, SK-7033",
        "price": "2,090\u00a0EGP EGP",
        "image_url": "https://dubaiphone.s3.eu-central-1.amazonaws.com/dp-prod/wp-content/uploads/2024/05/Sokany-Stainless-Steel-Chopper-6.5-Litres-1500-Watt-SK-7033_Blenders-Mixers_10514_2-300x300.png",
        "product_url": "https://www.dubaiphone.net/shop/sokany-stainless-steel-chopper-6-5-litres-1500-watt-sk-7033/",
        "category_type": "Appliances"
    },
    {
        "name": "Sokany Hand Blender 800 Watt + Cup, SK-02006",
        "price": "1,222\u00a0EGP EGP",
        "image_url": "https://dubaiphone.s3.eu-central-1.amazonaws.com/dp-prod/wp-content/uploads/2024/05/Sokany-Hand-Blender-800-Watt-Cup-SK-02006_Blenders-Mixers_10561_2-300x300.png",
        "product_url": "https://www.dubaiphone.net/shop/sokany-hand-blender-800-watt-cup-sk-02006/",
        "category_type": "Appliances"
    },
    {
        "name": "Sokany Air Fryer 5 Litres 1500 Watt, SK-8009",
        "price": "4,111\u00a0EGP EGP",
        "image_url": "https://dubaiphone.s3.eu-central-1.amazonaws.com/dp-prod/wp-content/uploads/2024/03/Sokany-Air-Fryer-5-Litres-1500-Watt-SK-8009_Air-Fryer_9391_2-300x300.jpeg",
        "product_url": "https://www.dubaiphone.net/shop/sokany-air-fryer-5-litres-1500-watt-sk-8009/",
        "category_type": "Appliances"
    },
    {
        "name": "Bosch Hand mixer 500 Watt, White \u2013 MFQ4080",
        "price": "3,699\u00a0EGP EGP",
        "image_url": "https://dubaiphone.s3.eu-central-1.amazonaws.com/dp-prod/wp-content/uploads/2024/03/Bosch-Hand-mixer-500-Watt-White-MFQ4080_Blenders-Mixers_9365_2-300x300.jpeg",
        "product_url": "https://www.dubaiphone.net/shop/bosch-hand-mixer-500-watt-white-mfq4080/",
        "category_type": "Appliances"
    },
    {
        "name": "Bosch Bagless Vacuum Cleaner 2000 Watt Series 4, White \u2013 BGS21WHYG",
        "price": "8,199\u00a0EGP EGP",
        "image_url": "https://dubaiphone.s3.eu-central-1.amazonaws.com/dp-prod/wp-content/uploads/2024/03/Bosch-Bagless-Vacuum-Cleaner-Series-4-White-BGS21WHYG_Vacuum_9361_2-300x300.jpeg",
        "product_url": "https://www.dubaiphone.net/shop/bosch-bagless-vacuum-cleaner-series-4-white-bgs21whyg/",
        "category_type": "Appliances"
    },
    {
        "name": "Black and Decker XL Digital Air Fryer 5.8 Liters 1700 Watt \u2013 AF700-B5",
        "price": "6,990\u00a0EGP EGP",
        "image_url": "https://dubaiphone.s3.eu-central-1.amazonaws.com/dp-prod/wp-content/uploads/2024/06/Black-and-Decker-XL-Digital-Air-Fryer-5.8-Liters-1700-Watt-AF700-B5_Air-Fryer_10607_2-300x300.jpeg",
        "product_url": "https://www.dubaiphone.net/shop/black-and-decker-xl-digital-air-fryer-5-8-liters-1700-watt-af700-b5/",
        "category_type": "Appliances"
    },
    {
        "name": "Black and Decker XL Digital Air Fryer 5.6 Liters 1800 Watt \u2013 AF625-B5",
        "price": "6,590\u00a0EGP EGP",
        "image_url": "https://dubaiphone.s3.eu-central-1.amazonaws.com/dp-prod/wp-content/uploads/2024/06/Black-and-Decker-XL-Digital-Air-Fryer-5.6-Liters-1800-Watt-AF625-B5_Air-Fryer_10606_2-300x300.jpeg",
        "product_url": "https://www.dubaiphone.net/shop/black-and-decker-xl-digital-air-fryer-5-6-liters-1800-watt-af625-b5/",
        "category_type": "Appliances"
    },
    {
        "name": "Black and Decker Steam Iron 2400 Watt 380ml \u2013 X2150-B5",
        "price": "2,290\u00a0EGP EGP",
        "image_url": "https://dubaiphone.s3.eu-central-1.amazonaws.com/dp-prod/wp-content/uploads/2024/06/Black-and-Decker-Steam-Iron-2400-Watt-380ml-X2150-B5_Irons_10621_2-300x300.jpeg",
        "product_url": "https://www.dubaiphone.net/shop/black-and-decker-steam-iron-2400-watt-380ml-x2150-b5/",
        "category_type": "Appliances"
    },
    {
        "name": "Black and Decker Stainless Steel Kettle 1.7 Liters 2200 Watt With Filter \u2013 JC454-B5",
        "price": "1,890\u00a0EGP EGP",
        "image_url": "https://dubaiphone.s3.eu-central-1.amazonaws.com/dp-prod/wp-content/uploads/2024/06/Black-and-Decker-Stainless-Steel-Kettle-1.7-Liters-2200-Watt-With-Filter-JC454-B5_Kettle-Coffee-Maker_10618_2-300x300.jpeg",
        "product_url": "https://www.dubaiphone.net/shop/black-and-decker-stainless-steel-kettle-1-7-liters-2200-watt-with-filter-jc454-b5/",
        "category_type": "Appliances"
    },
    {
        "name": "Black and Decker Digital Air Fryer 4 Liters 1500 Watt \u2013 AF400-B5",
        "price": "5,290\u00a0EGP EGP",
        "image_url": "https://dubaiphone.s3.eu-central-1.amazonaws.com/dp-prod/wp-content/uploads/2024/06/Black-and-Decker-Digital-Air-Fryer-4-Liters-1500-Watt-AF400-B5_Air-Fryer_10605_2-300x300.jpeg",
        "product_url": "https://www.dubaiphone.net/shop/black-and-decker-digital-air-fryer-4-liters-1500-watt-af400-b5/",
        "category_type": "Appliances"
    },
    {
        "name": "Black and Decker Bagless Vacuum Cleaner 2.5 Liters 1800 Watt \u2013 VM2080-B5",
        "price": "5,590\u00a0EGP EGP",
        "image_url": "https://dubaiphone.s3.eu-central-1.amazonaws.com/dp-prod/wp-content/uploads/2024/06/Black-and-Decker-Bagless-Vacuum-Cleaner-2.5-Liters-1800-Watt-VM2080-B5_Vacuum_10613_2-300x300.jpeg",
        "product_url": "https://www.dubaiphone.net/shop/black-and-decker-bagless-vacuum-cleaner-2-5-liters-1800-watt-vm2080-b5/",
        "category_type": "Appliances"
    },
    {
        "name": "Sokany Vertical 2-in-1 Vacuum Cleaner 1000 Watt, SK-3389",
        "price": "1,890\u00a0EGP EGP",
        "image_url": "https://dubaiphone.s3.eu-central-1.amazonaws.com/dp-prod/wp-content/uploads/2024/05/Sokany-Vertical-2-in-1-Vacuum-Cleaner-1000-Watt-SK-3389_Vacuum_10577_2-300x300.jpeg",
        "product_url": "https://www.dubaiphone.net/shop/sokany-vertical-2-in-1-vacuum-cleaner-1000-watt-sk-3389/",
        "category_type": "Appliances"
    },
    {
        "name": "Sokany Vertical Vacuum Cleaner 2000 Watt 1.1 L, SK-3378",
        "price": "2,690\u00a0EGP EGP",
        "image_url": "https://dubaiphone.s3.eu-central-1.amazonaws.com/dp-prod/wp-content/uploads/2024/05/Sokany-Vertical-Vacuum-Cleaner-2000-Watt-1.1-L-SK-3378_Vacuum_10146_2-300x300.jpeg",
        "product_url": "https://www.dubaiphone.net/shop/sokany-vertical-vacuum-cleaner-2000-watt-1-1-l-sk-3378/",
        "category_type": "Appliances"
    },
    {
        "name": "Sokany Steam Iron 2400 Watt 450ML, EL-8888",
        "price": "1,222\u00a0EGP EGP",
        "image_url": "https://dubaiphone.s3.eu-central-1.amazonaws.com/dp-prod/wp-content/uploads/2024/05/Sokany-Steam-Iron-2400-Watt-450ML-EL-8888_Irons_9117_2-300x300.png",
        "product_url": "https://www.dubaiphone.net/shop/sokany-steam-iron-2400-watt-450ml-el-8888/",
        "category_type": "Appliances"
    },
    {
        "name": "Sokany Garment Handheld Steamer 1500 Watts, SK-3067",
        "price": "1,555\u00a0EGP EGP",
        "image_url": "https://dubaiphone.s3.eu-central-1.amazonaws.com/dp-prod/wp-content/uploads/2024/05/Sokany-Garment-Handheld-Steamer-1500-Watts-SK-3067_Irons_10140_2-300x300.jpeg",
        "product_url": "https://www.dubaiphone.net/shop/sokany-garment-handheld-steamer-1500-watts-sk-3067/",
        "category_type": "Appliances"
    },
    {
        "name": "Sokany Digital Air Fryer 8 Litres 1800 Watt, SK-8014",
        "price": "5,333\u00a0EGP EGP",
        "image_url": "https://dubaiphone.s3.eu-central-1.amazonaws.com/dp-prod/wp-content/uploads/2024/05/Sokany-Digital-Air-Fryer-8-Litres-1800-Watt-SK-8014_Air-Fryer_9556_2-300x300.jpeg",
        "product_url": "https://www.dubaiphone.net/shop/sokany-digital-air-fryer-8-litres-1800-watt-sk-8014/",
        "category_type": "Appliances"
    },
    {
        "name": "Sokany Blender 3\u00d71 6000 Watt 2.5 Litres, SK-999",
        "price": "2,111\u00a0EGP EGP",
        "image_url": "https://dubaiphone.s3.eu-central-1.amazonaws.com/dp-prod/wp-content/uploads/2024/05/Sokany-Blender-3x1-6000-Watt-2.5-Litres-SK-999_Blenders-Mixers_9397_2-300x300.jpeg",
        "product_url": "https://www.dubaiphone.net/shop/sokany-blender-3x1-6000-watt-2-5-litres-sk-999/",
        "category_type": "Appliances"
    },
    {
        "name": "Sokany Steam Iron 2000 Watt 220ml, SL-6699",
        "price": "875\u00a0EGP EGP",
        "image_url": "https://dubaiphone.s3.eu-central-1.amazonaws.com/dp-prod/wp-content/uploads/2024/04/Sokany-Steam-Iron-2000-Watt-220ml-SL-6699_Irons_10139_2-300x300.jpeg",
        "product_url": "https://www.dubaiphone.net/shop/sokany-steam-iron-2000-watt-220ml-sl-6699/",
        "category_type": "Appliances"
    },
    {
        "name": "Bosch Meat mincer CompactPower 1600 Watt, Black \u2013 MFW3612A",
        "price": "5,699\u00a0EGP EGP",
        "image_url": "https://dubaiphone.s3.eu-central-1.amazonaws.com/dp-prod/wp-content/uploads/2024/03/Bosch-Meat-mincer-CompactPower-1600-Watt-Black-MFW3612A_Blenders-Mixers_9367_2-300x300.jpeg",
        "product_url": "https://www.dubaiphone.net/shop/bosch-meat-mincer-compactpower-1600-watt-black-mfw3612a/",
        "category_type": "Appliances"
    },
    {
        "name": "Bosch Hand blender 450 Watt, White \u2013 MSM64110",
        "price": "1,899\u00a0EGP EGP",
        "image_url": "https://dubaiphone.s3.eu-central-1.amazonaws.com/dp-prod/wp-content/uploads/2024/03/Bosch-Hand-blender-450-Watt-White-MSM64110_Blenders-Mixers_9364_2-300x300.jpeg",
        "product_url": "https://www.dubaiphone.net/shop/bosch-hand-blender-450-watt-white-msm64110/",
        "category_type": "Appliances"
    },
    {
        "name": "Bosch Electric Grill 2000 Watt, Dark Red \u2013 TCG4104",
        "price": "4,999\u00a0EGP EGP",
        "image_url": "https://dubaiphone.s3.eu-central-1.amazonaws.com/dp-prod/wp-content/uploads/2024/03/Bosch-Electric-Grill-2000-Watt-Dark-Red-TCG4104_Kitchen-Appliances_9372_2-300x300.jpeg",
        "product_url": "https://www.dubaiphone.net/shop/bosch-electric-grill-2000-watt-dark-red-tcg4104/",
        "category_type": "Appliances"
    },
    {
        "name": "Sokany Bagless Vacuum Cleaner 3000 Watt 3L, SK-3388",
        "price": "3,999\u00a0EGP EGP",
        "image_url": "https://dubaiphone.s3.eu-central-1.amazonaws.com/dp-prod/wp-content/uploads/2024/02/Sokany-Vacuum-Cleaner-3000-Watt-3L-SK-3388_Vacuum_9108_2-300x300.png",
        "product_url": "https://www.dubaiphone.net/shop/sokany-vacuum-cleaner-3000-watt-3l-sk-3388/",
        "category_type": "Appliances"
    },
    {
        "name": "Sonai Yogurt Maker 20 Watt 8 Glass Jars, MAR -1077",
        "price": "580\u00a0EGP EGP",
        "image_url": "https://dubaiphone.s3.eu-central-1.amazonaws.com/dp-prod/wp-content/uploads/2024/06/Sonai-Yogurt-Maker-20-Watt-8-Glass-Jars-MAR-1077_Kettle-Coffee-Maker_9989_2-300x300.jpeg",
        "product_url": "https://www.dubaiphone.net/shop/sonai-yogurt-maker-20-watt-8-glass-jars-mar-1077/",
        "category_type": "Appliances"
    },
    {
        "name": "Sonai Super Chopper 700 Watt 1.5 Litres 6 blades,  MAR-3076",
        "price": "1,333\u00a0EGP EGP",
        "image_url": "https://dubaiphone.s3.eu-central-1.amazonaws.com/dp-prod/wp-content/uploads/2024/06/Sonai-Super-Chopper-700-Watt-1.5-Litres-6-blades-MAR-3076_Blenders-Mixers_8771_2-300x300.jpeg",
        "product_url": "https://www.dubaiphone.net/shop/sonai-super-chopper-700-watt-1-5-litres-6-blades-mar-3076/",
        "category_type": "Appliances"
    },
    {
        "name": "Sonai Rotato Blender 3\u00d71 500 Watt 1.5 Litres 3 Speeds, MAR-2500",
        "price": "1,444\u00a0EGP EGP",
        "image_url": "https://dubaiphone.s3.eu-central-1.amazonaws.com/dp-prod/wp-content/uploads/2024/06/Sonai-Rotato-Blender-3x1-500-Watt-1.5-Litres-3-Speeds-MAR-2500_Blenders-Mixers_8769_2-300x300.jpeg",
        "product_url": "https://www.dubaiphone.net/shop/sonai-rotato-blender-3x1-500-watt-1-5-litres-3-speeds-mar-2500/",
        "category_type": "Appliances"
    },
    {
        "name": "Sonai Kettle 2200 Watt 1.7 Liters, SH-2021",
        "price": "1,399\u00a0EGP EGP",
        "image_url": "https://dubaiphone.s3.eu-central-1.amazonaws.com/dp-prod/wp-content/uploads/2024/06/Sonai-Kettle-2200-Watt-1.7-Liters-SH-2021_Kettle-Coffee-Maker_9986_2-300x300.jpeg",
        "product_url": "https://www.dubaiphone.net/shop/sonai-kettle-2200-watt-1-7-liters-sh-2021/",
        "category_type": "Appliances"
    },
    {
        "name": "Sonai Kettle 2200 Watt 1.7 Liters, MAR-3000",
        "price": "690\u00a0EGP EGP",
        "image_url": "https://dubaiphone.s3.eu-central-1.amazonaws.com/dp-prod/wp-content/uploads/2024/06/Sonai-Kettle-2200-Watt-1.7-Liters-MAR-3000_Kettle-Coffee-Maker_8774_2-300x300.jpeg",
        "product_url": "https://www.dubaiphone.net/shop/sonai-kettle-2200-watt-1-7-liters-mar-3000/",
        "category_type": "Appliances"
    },
    {
        "name": "Sonai Kettle 1100 Watt 1.2 Liters, MAR-2200",
        "price": "599\u00a0EGP EGP",
        "image_url": "https://dubaiphone.s3.eu-central-1.amazonaws.com/dp-prod/wp-content/uploads/2024/06/Sonai-Kettle-1100-Watt-1.2-Liters-MAR-2200_Kettle-Coffee-Maker_8773_2-300x300.jpeg",
        "product_url": "https://www.dubaiphone.net/shop/sonai-kettle-1100-watt-1-2-liters-mar-2200/",
        "category_type": "Appliances"
    },
    {
        "name": "Sonai Juicer 30 watt 1 Litres, MAR-755",
        "price": "544\u00a0EGP EGP",
        "image_url": "https://dubaiphone.s3.eu-central-1.amazonaws.com/dp-prod/wp-content/uploads/2024/06/Sonai-Juicer-30-watt-1-Litres-MAR-755_Kettle-Coffee-Maker_8770_2-300x300.jpeg",
        "product_url": "https://www.dubaiphone.net/shop/sonai-juicer-30-watt-1-litres-mar-755/",
        "category_type": "Appliances"
    },
    {
        "name": "Sonai Hand Mixer Control 425 Watt 4 Speeds, SH-720",
        "price": "950\u00a0EGP EGP",
        "image_url": "https://dubaiphone.s3.eu-central-1.amazonaws.com/dp-prod/wp-content/uploads/2024/06/Sonai-Hand-Mixer-Control-425-Watt-4-Speeds-SH-720_Blenders-Mixers_9990_2-300x300.jpeg",
        "product_url": "https://www.dubaiphone.net/shop/sonai-hand-mixer-control-425-watt-4-speeds-sh-720/",
        "category_type": "Appliances"
    },
    {
        "name": "Sonai Genie Chopper 400 Watt 500 ML With 4 Removable Blades  MAR-4074",
        "price": "999\u00a0EGP EGP",
        "image_url": "https://dubaiphone.s3.eu-central-1.amazonaws.com/dp-prod/wp-content/uploads/2024/06/Sonai-Genie-Chopper-400-Watt-500-ML-With-4-Removable-Blades-MAR-4074_Blenders-Mixers_9985_2-300x300.jpeg",
        "product_url": "https://www.dubaiphone.net/shop/sonai-genie-chopper-400-watt-500-ml-with-4-removable-blades-mar-4074/",
        "category_type": "Appliances"
    },
    {
        "name": "Sonai Genie Chopper 400 Watt 500 ML With 2 Removable Blades, MAR-4071",
        "price": "899\u00a0EGP EGP",
        "image_url": "https://dubaiphone.s3.eu-central-1.amazonaws.com/dp-prod/wp-content/uploads/2024/06/Sonai-Genie-Chopper-400-Watt-500-ML-With-2-Removable-Blades-MAR-4071_Blenders-Mixers_9983_2-300x300.jpeg",
        "product_url": "https://www.dubaiphone.net/shop/sonai-genie-chopper-400-watt-500-ml-with-2-removable-blades-mar-4071/",
        "category_type": "Appliances"
    },
    {
        "name": "Sonai Flair Blender 3\u00d71 500 Watt 2 Speeds, SH-6060",
        "price": "2,590\u00a0EGP EGP",
        "image_url": "https://dubaiphone.s3.eu-central-1.amazonaws.com/dp-prod/wp-content/uploads/2024/06/Sonai-Flair-Blender-3x1-500-Watt-2-Speeds-SH-6060_Blenders-Mixers_9988_2-300x300.jpeg",
        "product_url": "https://www.dubaiphone.net/shop/sonai-flair-blender-3x1-500-watt-2-speeds-sh-6060/",
        "category_type": "Appliances"
    },
    {
        "name": "Sonai Express Chopper 120 Watt 350ml Turbo speed, SH-570",
        "price": "1,222\u00a0EGP EGP",
        "image_url": "https://dubaiphone.s3.eu-central-1.amazonaws.com/dp-prod/wp-content/uploads/2024/06/Sonai-Express-Chopper-120-Watt-350ml-Turbo-speed-SH-570_Blenders-Mixers_8772_2-300x300.jpeg",
        "product_url": "https://www.dubaiphone.net/shop/sonai-express-chopper-120-watt-350ml-turbo-speed-sh-570/",
        "category_type": "Appliances"
    },
    {
        "name": "Sonai Chopper Deluxe 700 Watt 750 ML With 2 removable Blades, MAR-2074",
        "price": "999\u00a0EGP EGP",
        "image_url": "https://dubaiphone.s3.eu-central-1.amazonaws.com/dp-prod/wp-content/uploads/2024/06/Sonai-Chopper-Deluxe-700-Watt-750-ML-With-2-removable-Blades-MAR-2074_Blenders-Mixers_9984_2-300x300.jpeg",
        "product_url": "https://www.dubaiphone.net/shop/sonai-chopper-deluxe-700-watt-750-ml-with-2-removable-blades-mar-2074/",
        "category_type": "Appliances"
    },
    {
        "name": "Sonai Blender 3\u00d71 400 Watt 1.5 Litres 3 Speeds, MAR-2300",
        "price": "1,190\u00a0EGP EGP",
        "image_url": "https://dubaiphone.s3.eu-central-1.amazonaws.com/dp-prod/wp-content/uploads/2024/06/Sonai-Blender-3x1-400-Watt-1.5-Litres-3-Speeds-MAR-2300_Blenders-Mixers_8778_2-300x300.jpeg",
        "product_url": "https://www.dubaiphone.net/shop/sonai-blender-3x1-400-watt-1-5-litres-3-speeds-mar-2300/",
        "category_type": "Appliances"
    },
    {
        "name": "Black and Decker XL Digital Dual Zone Air Fryer 4+4 Liters 1700W \u2013 DZAF1700-B5",
        "price": "9,444\u00a0EGP EGP",
        "image_url": "https://dubaiphone.s3.eu-central-1.amazonaws.com/dp-prod/wp-content/uploads/2024/06/Black-and-Decker-XL-Digital-Air-FBlack-and-Decker-Digital-Dual-Zone-Air-Fryer-44-Liters-1700W-DZAF1700-B5_Air-Fryer_10609_2-300x300.jpeg",
        "product_url": "https://www.dubaiphone.net/shop/black-and-decker-xl-digital-air-fblack-and-decker-digital-dual-zone-air-fryer-44-liters-1700w-dzaf1700-b5/",
        "category_type": "Appliances"
    },
    {
        "name": "Black and Decker Steam Iron 2200 Watt 380ml \u2013 X2050-B5",
        "price": "2,090\u00a0EGP EGP",
        "image_url": "https://dubaiphone.s3.eu-central-1.amazonaws.com/dp-prod/wp-content/uploads/2024/06/Black-and-Decker-Steam-Iron-2200-Watt-380ml-X2050-B5_Irons_10620_2-300x300.jpeg",
        "product_url": "https://www.dubaiphone.net/shop/black-and-decker-steam-iron-2200-watt-380ml-x2050-b5/",
        "category_type": "Appliances"
    },
    {
        "name": "\u200b Black and Decker Steam Iron 2200 Watt \u2013 X2000-B5",
        "price": "1,590\u00a0EGP EGP",
        "image_url": "https://dubaiphone.s3.eu-central-1.amazonaws.com/dp-prod/wp-content/uploads/2024/06/Black-and-Decker-Steam-Iron-2200-Watt-X2000-B5_Irons_10619_2-300x300.jpeg",
        "product_url": "https://www.dubaiphone.net/shop/black-and-decker-steam-iron-2200-watt-x2000-b5/",
        "category_type": "Appliances"
    },
    {
        "name": "Black and Decker Portable Handheld Garment Steamer 1600 Watt \u2013 HSTD1600-B5",
        "price": "2,690\u00a0EGP EGP",
        "image_url": "https://dubaiphone.s3.eu-central-1.amazonaws.com/dp-prod/wp-content/uploads/2024/06/Black-and-Decker-Portable-Handheld-Garment-Steamer-1600-Watt-HSTD1600-B5_Irons_10617_2-300x300.jpeg",
        "product_url": "https://www.dubaiphone.net/shop/black-and-decker-portable-handheld-garment-steamer-1600-watt-hstd1600-b5/",
        "category_type": "Appliances"
    },
    {
        "name": "Black and Decker Cordless Handheld Vacuum 700Ml \u2013 BHHV315J-GB",
        "price": "5,390\u00a0EGP EGP",
        "image_url": "https://dubaiphone.s3.eu-central-1.amazonaws.com/dp-prod/wp-content/uploads/2024/06/Black-and-Decker-Cordless-Handheld-Vacuum-700Ml-BHHV315J-GB_Vacuum_10614_2-300x300.jpeg",
        "product_url": "https://www.dubaiphone.net/shop/black-and-decker-cordless-handheld-vacuum-700ml-bhhv315j-gb/",
        "category_type": "Appliances"
    },
    {
        "name": "Black and Decker Cordless Handheld Vacuum 500Ml \u2013 DVA315J-B5",
        "price": "4,190\u00a0EGP EGP",
        "image_url": "https://dubaiphone.s3.eu-central-1.amazonaws.com/dp-prod/wp-content/uploads/2024/06/Black-and-Decker-Cordless-Handheld-Vacuum-500Ml-DVA315J-B5_Vacuum_10615_2-300x300.jpeg",
        "product_url": "https://www.dubaiphone.net/shop/black-and-decker-cordless-handheld-vacuum-500ml-dva315j-b5/",
        "category_type": "Appliances"
    },
    {
        "name": "Black and Decker Blender With Grinder 1.5 Liters 500 Watt \u2013 BX520-B5",
        "price": "1,790\u00a0EGP EGP",
        "image_url": "https://dubaiphone.s3.eu-central-1.amazonaws.com/dp-prod/wp-content/uploads/2024/06/Black-and-Decker-Blender-With-Grinder-1.5-Liters-500-Watt-BX520-B5_Blenders-Mixers_10610_2-300x300.jpeg",
        "product_url": "https://www.dubaiphone.net/shop/black-and-decker-blender-with-grinder-1-5-liters-500-watt-bx520-b5/",
        "category_type": "Appliances"
    },
    {
        "name": "Black and Decker Bagless Vacuum Cleaner 2.5 Liters 1600 Watt \u2013 VM1680-B5",
        "price": "4,999\u00a0EGP EGP",
        "image_url": "https://dubaiphone.s3.eu-central-1.amazonaws.com/dp-prod/wp-content/uploads/2024/06/Black-and-Decker-Bagless-Vacuum-Cleaner-2.5-Liters-1600-Watt-VM1680-B5_Vacuum_10612_2-300x300.jpeg",
        "product_url": "https://www.dubaiphone.net/shop/black-and-decker-bagless-vacuum-cleaner-2-5-liters-1600-watt-vm1680-b5/",
        "category_type": "Appliances"
    },
    {
        "name": "Black and Decker Air Fryer 4 Liters 1500 Watt \u2013 AF300-B5",
        "price": "4,888\u00a0EGP EGP",
        "image_url": "https://dubaiphone.s3.eu-central-1.amazonaws.com/dp-prod/wp-content/uploads/2024/06/Black-and-Decker-Air-Fryer-4-Liters-1500-Watt-AF300-B5_Air-Fryer_10604_2-300x300.jpeg",
        "product_url": "https://www.dubaiphone.net/shop/black-and-decker-air-fryer-4-liters-1500-watt-af300-b5/",
        "category_type": "Appliances"
    },
    {
        "name": "Black and Decker 4\u00d71 Hand Blender With Chopper and Whisk \u2013 SB4000-B5",
        "price": "2,890\u00a0EGP EGP",
        "image_url": "https://dubaiphone.s3.eu-central-1.amazonaws.com/dp-prod/wp-content/uploads/2024/06/Black-and-Decker-4x1-Hand-Blender-With-Chopper-and-Whisk-SB4000-B5_Blenders-Mixers_10611_2-300x300.jpeg",
        "product_url": "https://www.dubaiphone.net/shop/black-and-decker-4x1-hand-blender-with-chopper-and-whisk-sb4000-b5/",
        "category_type": "Appliances"
    },
    {
        "name": "Sokany Stainless Steel Chopper 4 Litres 800 Watt, SK-7028",
        "price": "1,290\u00a0EGP EGP",
        "image_url": "https://dubaiphone.s3.eu-central-1.amazonaws.com/dp-prod/wp-content/uploads/2024/05/Sokany-Stainless-Steel-Chopper-4-Litres-800-Watt-SK-7028_Blenders-Mixers_10559_2-300x300.png",
        "product_url": "https://www.dubaiphone.net/shop/sokany-stainless-steel-chopper-4-litres-800-watt-sk-7028/",
        "category_type": "Appliances"
    },
    {
        "name": "Sokany Microwave 30 liters 1440 Watts, SK-438",
        "price": "6,222\u00a0EGP EGP",
        "image_url": "https://dubaiphone.s3.eu-central-1.amazonaws.com/dp-prod/wp-content/uploads/2024/05/Sokany-Microwave-30-liters-1440-Watts-SK-438_Microwaves_9106_2-300x300.png",
        "product_url": "https://www.dubaiphone.net/shop/sokany-microwave-30-liters-1440-watts-sk-438/",
        "category_type": "Appliances"
    },
    {
        "name": "Sokany Kettle 2000W 2.3 Litres, SK-0702",
        "price": "525\u00a0EGP EGP",
        "image_url": "https://dubaiphone.s3.eu-central-1.amazonaws.com/dp-prod/wp-content/uploads/2024/04/Sokany-Kettle-2000W-2.3-Litres-SK-0702_Kettle-Coffee-Maker_10148_2-300x300.jpeg",
        "product_url": "https://www.dubaiphone.net/shop/sokany-kettle-2000w-2-3-litres-sk-0702/",
        "category_type": "Appliances"
    },
    {
        "name": "Sokany Digital Air Fryer 5 Litres 1400 Watt, SK-8018",
        "price": "4,333\u00a0EGP EGP",
        "image_url": "https://dubaiphone.s3.eu-central-1.amazonaws.com/dp-prod/wp-content/uploads/2024/03/Sokany-Digital-Air-Fryer-5-Litres-1400-Watt-SK-8018_Air-Fryer_9393_2-300x300.jpeg",
        "product_url": "https://www.dubaiphone.net/shop/sokany-digital-air-fryer-5-litres-1400-watt-sk-8018/",
        "category_type": "Appliances"
    },
    {
        "name": "Sokany Air Fryer 5 Litres 1500 Watt, SK-3010",
        "price": "4,111\u00a0EGP EGP",
        "image_url": "https://dubaiphone.s3.eu-central-1.amazonaws.com/dp-prod/wp-content/uploads/2024/03/Sokany-Air-Fryer-5-Litres-1500-Watt-SK-3010_Air-Fryer_9392_2-300x300.jpeg",
        "product_url": "https://www.dubaiphone.net/shop/sokany-air-fryer-5-litres-1500-watt-sk-3010/",
        "category_type": "Appliances"
    },
    {
        "name": "Bosch Meat mincer CompactPower 1600 Watt, Orange \u2013 MFW3630I",
        "price": "5,899\u00a0EGP EGP",
        "image_url": "https://dubaiphone.s3.eu-central-1.amazonaws.com/dp-prod/wp-content/uploads/2024/03/Bosch-Meat-mincer-CompactPower-1600-Watt-Orange-MFW3630I_Blenders-Mixers_9368_2-300x300.jpeg",
        "product_url": "https://www.dubaiphone.net/shop/bosch-meat-mincer-compactpower-1600-watt-orange-mfw3630i/",
        "category_type": "Appliances"
    },
    {
        "name": "TORNADO Digital Ceramic Heater with Remote Control 2000 Watt \u2013 TPH-2000DF",
        "price": "3,950\u00a0EGP EGP",
        "image_url": "https://dubaiphone.s3.eu-central-1.amazonaws.com/dp-prod/wp-content/uploads/2024/02/TORNADO-Digital-Ceramic-Heater-with-Remote-Control-2000-Watt-TPH-2000DF_Heater_8596_2-300x300.jpeg",
        "product_url": "https://www.dubaiphone.net/shop/tornado-digital-ceramic-heater-with-remote-control-2000-watt-tph-2000df/",
        "category_type": "Appliances"
    },
    {
        "name": "Samsung DU7000 \u2013 43 inch 4K Crystal Ultra HD Smart TV with Built in Receiver (2024)",
        "price": "15,444\u00a0EGP EGP",
        "image_url": "https://dubaiphone.s3.eu-central-1.amazonaws.com/dp-prod/wp-content/uploads/2024/05/Samsung-DU7000-43-inch-4K-Crystal-Ultra-HD-Smart-TV-with-Built-in-Receiver-2024_Samsung-TV_10520_2-1-300x300.jpeg",
        "product_url": "https://www.dubaiphone.net/shop/samsung-du7000-43-inch-4k-crystal-ultra-hd-smart-tv-with-built-in-receiver-2024/",
        "category_type": "Appliances"
    },
    {
        "name": "LG 55 Inch UHD 4K Smart TV with Magic Remote \u2013 55UR78006LL",
        "price": "20,444\u00a0EGP EGP",
        "image_url": "https://dubaiphone.s3.eu-central-1.amazonaws.com/dp-prod/wp-content/uploads/2024/06/LG-55-Inch-UHD-4K-Smart-TV-with-Magic-Remote-55UR78006LL_LG-TV_5221_2-300x300.jpeg",
        "product_url": "https://www.dubaiphone.net/shop/lg-55-inch-uhd-4k-smart-tv-with-magic-remote-55ur78006ll/",
        "category_type": "Appliances"
    },
    {
        "name": "Samsung DU7000 \u2013 50 inch 4K Crystal Ultra HD Smart TV with Built in Receiver (2024)",
        "price": "19,333\u00a0EGP EGP",
        "image_url": "https://dubaiphone.s3.eu-central-1.amazonaws.com/dp-prod/wp-content/uploads/2024/05/Samsung-DU7000-50-inch-4K-Crystal-Ultra-HD-Smart-TV-with-Built-in-Receiver-2024_Samsung-TV_10519_2-1-300x300.jpeg",
        "product_url": "https://www.dubaiphone.net/shop/samsung-du7000-50-inch-4k-crystal-ultra-hd-smart-tv-with-built-in-receiver-2024/",
        "category_type": "Appliances"
    },
    {
        "name": "LG 65 Inch UHD 4K Smart TV with Magic Remote \u2013 65UR78006LL",
        "price": "28,444\u00a0EGP EGP",
        "image_url": "https://dubaiphone.s3.eu-central-1.amazonaws.com/dp-prod/wp-content/uploads/2024/06/LG-65-Inch-UHD-4K-Smart-TV-with-Magic-Remote-65UR78006LL_LG-TV_10516_2-300x300.jpeg",
        "product_url": "https://www.dubaiphone.net/shop/lg-65-inch-uhd-4k-smart-tv-with-magic-remote-65ur78006ll/",
        "category_type": "Appliances"
    },
    {
        "name": "LG 50 Inch UHD 4K Smart TV with Magic Remote \u2013 50UR78006LL",
        "price": "18,999\u00a0EGP EGP",
        "image_url": "https://dubaiphone.s3.eu-central-1.amazonaws.com/dp-prod/wp-content/uploads/2024/06/LG-50-Inch-UHD-4K-Smart-TV-with-Magic-Remote-50UR78006LL_LG-TV_5218_2-300x300.jpeg",
        "product_url": "https://www.dubaiphone.net/shop/lg-50-inch-uhd-4k-smart-tv-with-magic-remote-50ur78006ll/",
        "category_type": "Appliances"
    },
    {
        "name": "Samsung DU7000 \u2013 65 inch 4K Crystal Ultra HD Smart TV with Built in Receiver (2024)",
        "price": "27,999\u00a0EGP EGP",
        "image_url": "https://dubaiphone.s3.eu-central-1.amazonaws.com/dp-prod/wp-content/uploads/2024/05/Samsung-DU7000-65-inch-4K-Crystal-Ultra-HD-Smart-TV-with-Built-in-Receiver-2024_Samsung-TV_10518_2-1-300x300.jpeg",
        "product_url": "https://www.dubaiphone.net/shop/samsung-du7000-65-inch-4k-crystal-ultra-hd-smart-tv-with-built-in-receiver-2024/",
        "category_type": "Appliances"
    },
    {
        "name": "Rowa 43 Inch FHD Smart Android TV \u2013 43F525",
        "price": "11,555\u00a0EGP EGP",
        "image_url": "https://dubaiphone.s3.eu-central-1.amazonaws.com/dp-prod/wp-content/uploads/2024/06/Rowa-43-Inch-FHD-Smart-Android-TV-43F525_Rowa_4391_2-300x300.jpeg",
        "product_url": "https://www.dubaiphone.net/shop/rowa-43-inch-fhd-smart-android-tv-43f525/",
        "category_type": "Appliances"
    }
]