[
    {
        "name": "Sony DualSense Wireless Controller for PlayStation 5 ( Midnight Black )",
        "price": "4,470\u00a0EGP EGP",
        "image_url": "https://dubaiphone.s3.eu-central-1.amazonaws.com/dp-prod/wp-content/uploads/2023/12/Sony-DualSense-Wireless-Controller-for-PlayStation-5-Midnight-Black-_Games-Accessories_1506_2-300x300.jpeg",
        "product_url": "https://www.dubaiphone.net/shop/sony-dualsense-wireless-controller-for-playstation-5-midnight-black/",
        "category_type": "Gaming"
    },
    {
        "name": "Sony PlayStation 5 Slim Edition (IBS)",
        "price": "37,000\u00a0EGP EGP",
        "image_url": "https://dubaiphone.s3.eu-central-1.amazonaws.com/dp-prod/wp-content/uploads/2024/01/Sony-PlayStation-5-Slim-Edition_PS-Consoles_8562_2-300x300.jpeg",
        "product_url": "https://www.dubaiphone.net/shop/sony-playstation-5-slim-edition/",
        "category_type": "Gaming"
    },
    {
        "name": "Sony PlayStation 5 Slim Edition",
        "price": "33,000\u00a0EGP EGP",
        "image_url": "https://dubaiphone.s3.eu-central-1.amazonaws.com/dp-prod/wp-content/uploads/2024/05/Sony-PlayStation-5-Slim-Edition_PS-Consoles_10486_2.jpeg",
        "product_url": "https://www.dubaiphone.net/shop/sony-playstation-5-slim-edition-2/",
        "category_type": "Gaming"
    },
    {
        "name": "Redragon M609 PHASER GAMING MOUSE",
        "price": "590\u00a0EGP EGP",
        "image_url": "https://dubaiphone.s3.eu-central-1.amazonaws.com/dp-prod/wp-content/uploads/2023/11/M609-300x300.webp",
        "product_url": "https://www.dubaiphone.net/shop/redragon-m609-phaser-gaming-mouse/",
        "category_type": "Gaming"
    },
    {
        "name": "S200 Aluminium Laptop Stand",
        "price": "333\u00a0EGP EGP",
        "image_url": "https://dubaiphone.s3.eu-central-1.amazonaws.com/dp-prod/wp-content/uploads/2024/01/S200-Aluminium-Laptop-Stand_Laptop-Accessories_8533_2-300x300.jpeg",
        "product_url": "https://www.dubaiphone.net/shop/s200-aluminium-laptop-stand/",
        "category_type": "Gaming"
    },
    {
        "name": "Redragon M987-K Honeycomb Gaming Mouse RGB Backlit Wired 6 Buttons Programmable with 12400 DPI",
        "price": "666\u00a0EGP EGP",
        "image_url": "https://dubaiphone.s3.eu-central-1.amazonaws.com/dp-prod/wp-content/uploads/2023/11/M987-K-300x300.webp",
        "product_url": "https://www.dubaiphone.net/shop/redragon-m987-k-honeycomb-gaming-mouse-rgb-backlit-wired-6-buttons-programmable-with-12400-dpi/",
        "category_type": "Gaming"
    },
    {
        "name": "Redragon H301 SIREN2 Stereo Gaming Headset 7.1 with Mic",
        "price": "1,299\u00a0EGP EGP",
        "image_url": "https://dubaiphone.s3.eu-central-1.amazonaws.com/dp-prod/wp-content/uploads/2023/11/H301-300x300.webp",
        "product_url": "https://www.dubaiphone.net/shop/redragon-h301-siren2-stereo-gaming-headset-7-1-with-mic/",
        "category_type": "Gaming"
    },
    {
        "name": "Redragon M602 RGB Wired  Gaming Mouse",
        "price": "699\u00a0EGP EGP",
        "image_url": "https://dubaiphone.s3.eu-central-1.amazonaws.com/dp-prod/wp-content/uploads/2023/11/M602-300x300.webp",
        "product_url": "https://www.dubaiphone.net/shop/redragon-m602-rgb-wired-gaming-mouse/",
        "category_type": "Gaming"
    },
    {
        "name": "Redragon M601 RGB Gaming Mouse Backlit",
        "price": "599\u00a0EGP EGP",
        "image_url": "https://dubaiphone.s3.eu-central-1.amazonaws.com/dp-prod/wp-content/uploads/2023/11/M601RGB-300x300.webp",
        "product_url": "https://www.dubaiphone.net/shop/redragon-m601-rgb-gaming-mouse-backlit/",
        "category_type": "Gaming"
    },
    {
        "name": "Redragon H260 Gaming Surround Sound Gaming Headset",
        "price": "955\u00a0EGP EGP",
        "image_url": "https://dubaiphone.s3.eu-central-1.amazonaws.com/dp-prod/wp-content/uploads/2023/11/H260-300x300.webp",
        "product_url": "https://www.dubaiphone.net/shop/redragon-h260-gaming-surround-sound-gaming-headset/",
        "category_type": "Gaming"
    },
    {
        "name": "Redragon HA311 Scepter Elite Headset Stand RGB Backlit Gaming Headphone Stand with Supporting Bar",
        "price": "890\u00a0EGP EGP",
        "image_url": "https://dubaiphone.s3.eu-central-1.amazonaws.com/dp-prod/wp-content/uploads/2023/11/Untitled-1-1-1-300x300.webp",
        "product_url": "https://www.dubaiphone.net/shop/redragon-ha311-scepter-elite-headset-stand-rgb-backlit-gaming-headphone-stand-with-supporting-bar/",
        "category_type": "Gaming"
    },
    {
        "name": "Redragon HA300 Scepter Pro Headset Stand RGB Backlit Gaming Headphone Stand with Supporting Bar",
        "price": "850\u00a0EGP EGP",
        "image_url": "https://dubaiphone.s3.eu-central-1.amazonaws.com/dp-prod/wp-content/uploads/2023/11/ha300-300x300.webp",
        "product_url": "https://www.dubaiphone.net/shop/redragon-ha300-scepter-pro-headset-stand-rgb-backlit-gaming-headphone-stand-with-supporting-bar/",
        "category_type": "Gaming"
    },
    {
        "name": "Redragon H250 Theseus GAMING HEADSET",
        "price": "1,190\u00a0EGP EGP",
        "image_url": "https://dubaiphone.s3.eu-central-1.amazonaws.com/dp-prod/wp-content/uploads/2023/11/H250-300x300.jpg",
        "product_url": "https://www.dubaiphone.net/shop/redragon-h250-theseus-gaming-headset/",
        "category_type": "Gaming"
    },
    {
        "name": "Green Lion GP Pro Gaming Console 64GB 2600mAh",
        "price": "3,999\u00a0EGP EGP",
        "image_url": "https://dubaiphone.s3.eu-central-1.amazonaws.com/dp-prod/wp-content/uploads/2024/06/Green-Lion-GP-Pro-Gaming-Console-64GB-2600mAh_PS-Consoles_10416_2-300x300.jpeg",
        "product_url": "https://www.dubaiphone.net/shop/green-lion-gp-pro-gaming-console-64gb-2600mah/",
        "category_type": "Gaming"
    },
    {
        "name": "Redragon M703 Gerberus High performance wired gaming mouse",
        "price": "540\u00a0EGP EGP",
        "image_url": "https://dubaiphone.s3.eu-central-1.amazonaws.com/dp-prod/wp-content/uploads/2023/11/m703-300x300.webp",
        "product_url": "https://www.dubaiphone.net/shop/redragon-m703-gerberus-high-performance-wired-gaming-mouse/",
        "category_type": "Gaming"
    },
    {
        "name": "Redragon M606 NOTHOSAUR GAMING MOUSE",
        "price": "590\u00a0EGP EGP",
        "image_url": "https://dubaiphone.s3.eu-central-1.amazonaws.com/dp-prod/wp-content/uploads/2023/11/M606-300x300.webp",
        "product_url": "https://www.dubaiphone.net/shop/redragon-m606-nothosaur-gaming-mouse/",
        "category_type": "Gaming"
    },
    {
        "name": "Redragon H210 Virtual 7.1 Gaming Headset",
        "price": "999\u00a0EGP EGP",
        "image_url": "https://dubaiphone.s3.eu-central-1.amazonaws.com/dp-prod/wp-content/uploads/2023/11/H210-300x300.webp",
        "product_url": "https://www.dubaiphone.net/shop/redragon-h210-virtual-7-1-gaming-headset/",
        "category_type": "Gaming"
    },
    {
        "name": "Redragon H112 Gaming Headset With Mic",
        "price": "999\u00a0EGP EGP",
        "image_url": "https://dubaiphone.s3.eu-central-1.amazonaws.com/dp-prod/wp-content/uploads/2023/11/H112-300x300.jpg",
        "product_url": "https://www.dubaiphone.net/shop/redragon-h112-gaming-headset-with-mic/",
        "category_type": "Gaming"
    }
]