[
    {
        "name": "Jumia Security Labels \u2013 100 Pcs P@ckaging M@terial$",
        "price": "EGP 51.00",
        "image_url": "https://eg.jumia.is/unsafe/fit-in/300x300/filters:fill(white)/product/82/7178/1.jpg?8053",
        "product_url": "https://jumia.com.eg/security-labels-100-pcs-jumia-mpg883807.html",
        "category_type": "Home & furniture"
    },
    {
        "name": "Jumia Jumia Flyers \u2013 Small Size 1 \u2013 25x35 \u2013 50Pcs",
        "price": "EGP 71.14",
        "image_url": "https://eg.jumia.is/unsafe/fit-in/300x300/filters:fill(white)/product/45/788433/1.jpg?3357",
        "product_url": "https://jumia.com.eg/jumia-jumia-flyers-small-size-1-25x35-50pcs-33488754.html",
        "category_type": "Home & furniture"
    },
    {
        "name": "Jumia Jumia Flyers \u2013 Small Size 2 \u2013 35x40 \u2013 50Pcs",
        "price": "EGP 90.00",
        "image_url": "https://eg.jumia.is/unsafe/fit-in/300x300/filters:fill(white)/product/65/788433/1.jpg?3374",
        "product_url": "https://jumia.com.eg/jumia-jumia-flyers-small-size-2-35x40-50pcs-33488756.html",
        "category_type": "Home & furniture"
    },
    {
        "name": "Frida Home Cleaning Fragrance Clean 480 ml",
        "price": "EGP 38.00",
        "image_url": "https://eg.jumia.is/unsafe/fit-in/300x300/filters:fill(white)/product/94/446422/1.jpg?3304",
        "product_url": "https://jumia.com.eg/home-cleaning-fragrance-beach-dream-480-ml-frida-mpg886626.html",
        "category_type": "Home & furniture"
    },
    {
        "name": "Fridal Fridal Peach Multipurpose Liquid Freshener - 1L",
        "price": "EGP 33.00",
        "image_url": "https://eg.jumia.is/unsafe/fit-in/300x300/filters:fill(white)/product/04/907303/1.jpg?7882",
        "product_url": "https://jumia.com.eg/fridal-fridal-peach-multipurpose-liquid-freshener-1l-30370940.html",
        "category_type": "Home & furniture"
    },
    {
        "name": "Jumia Jumia Flyers \u2013 Medium Size \u2013 40x50 \u2013 50Pcs",
        "price": "EGP 136.86",
        "image_url": "https://eg.jumia.is/unsafe/fit-in/300x300/filters:fill(white)/product/85/788433/1.jpg?3382",
        "product_url": "https://jumia.com.eg/jumia-jumia-flyers-medium-size-40x50-50pcs-33488758.html",
        "category_type": "Home & furniture"
    },
    {
        "name": "Fridal Fridal Fol Multipurpose Liquid Freshener  - 1L",
        "price": "EGP 33.00",
        "image_url": "https://eg.jumia.is/unsafe/fit-in/300x300/filters:fill(white)/product/24/907303/1.jpg?7898",
        "product_url": "https://jumia.com.eg/fridal-fridal-fol-multipurpose-liquid-freshener-1l-30370942.html",
        "category_type": "Home & furniture"
    },
    {
        "name": "Jumia Jumia Flyers \u2013 Large Size \u2013 50x60 \u2013 50Pcs",
        "price": "EGP 135.00",
        "image_url": "https://eg.jumia.is/unsafe/fit-in/300x300/filters:fill(white)/product/06/788433/1.jpg?3365",
        "product_url": "https://jumia.com.eg/jumia-jumia-flyers-large-size-50x60-50pcs-33488760.html",
        "category_type": "Home & furniture"
    },
    {
        "name": "Blanket And Clothes Storage Bag 4 Pcs.",
        "price": "EGP 130.99",
        "image_url": "https://eg.jumia.is/unsafe/fit-in/300x300/filters:fill(white)/product/90/426394/1.jpg?2439",
        "product_url": "https://jumia.com.eg/blanket-and-clothes-storage-bag-4-pieces-generic-mpg1114546.html",
        "category_type": "Home & furniture"
    },
    {
        "name": "Tornado TSF-16W Stand Fan - 16 Inch - Black",
        "price": "EGP 1,780.00",
        "image_url": "https://eg.jumia.is/unsafe/fit-in/300x300/filters:fill(white)/product/68/817531/1.jpg?2152",
        "product_url": "https://jumia.com.eg/tsf-16w-stand-fan-16-inch-with-4-plastic-blades-and-3-speeds-black-tornado-mpg892830.html",
        "category_type": "Home & furniture"
    },
    {
        "name": "Taha Offer Non-ending Ceramic Point Pencil 1 Piece - Color May Vary",
        "price": "EGP 18.99",
        "image_url": "https://eg.jumia.is/unsafe/fit-in/300x300/filters:fill(white)/product/92/098225/1.jpg?6734",
        "product_url": "https://jumia.com.eg/generic-taha-offer-non-ending-ceramic-point-pencil-1-piece-color-may-vary-52289029.html",
        "category_type": "Home & furniture"
    },
    {
        "name": "Frida Home Cleaning Fragrance sahra 480 ml",
        "price": "EGP 38.00",
        "image_url": "https://eg.jumia.is/unsafe/fit-in/300x300/filters:fill(white)/product/35/446422/1.jpg?7214",
        "product_url": "https://jumia.com.eg/frida-home-cleaning-fragrance-sahra-480-ml-22464453.html",
        "category_type": "Home & furniture"
    },
    {
        "name": "Taha Offer Hanger With  Adhesives 4 Hooks 1 Piece",
        "price": "EGP 13.13",
        "image_url": "https://eg.jumia.is/unsafe/fit-in/300x300/filters:fill(white)/product/25/926454/1.jpg?3071",
        "product_url": "https://jumia.com.eg/generic-taha-offer-hanger-with-adhesives-4-hooks-1-piece-45462952.html",
        "category_type": "Home & furniture"
    },
    {
        "name": "Fresh Shabah Stand Fan With Remote Control - 18 Inch",
        "price": "EGP 1,878.00",
        "image_url": "https://eg.jumia.is/unsafe/fit-in/300x300/filters:fill(white)/product/61/107952/1.jpg?9993",
        "product_url": "https://jumia.com.eg/fresh-shabah-stand-fan-with-remote-control-18-inch-25970116.html",
        "category_type": "Home & furniture"
    },
    {
        "name": "Taha Offer  Assorted Self Threading Needle 12 Pieces",
        "price": "EGP 18.99",
        "image_url": "https://eg.jumia.is/unsafe/fit-in/300x300/filters:fill(white)/product/57/220115/1.jpg?0837",
        "product_url": "https://jumia.com.eg/generic-taha-offer-assorted-self-threading-needle-12-pieces-51102275.html",
        "category_type": "Home & furniture"
    },
    {
        "name": "Frida Home \u00a0Cleaning Fragrance Dark Forest 480 ml",
        "price": "EGP 33.00",
        "image_url": "https://eg.jumia.is/unsafe/fit-in/300x300/filters:fill(white)/product/05/446422/1.jpg?4956",
        "product_url": "https://jumia.com.eg/home-cleaner-black-forest-480-ml-frida-mpg886631.html",
        "category_type": "Home & furniture"
    },
    {
        "name": "Extra Large Storage Bag With Sturdy Handle For Storing Clothes And Blankets",
        "price": "EGP 65.99",
        "image_url": "https://eg.jumia.is/unsafe/fit-in/300x300/filters:fill(white)/product/10/963226/1.jpg?2936",
        "product_url": "https://jumia.com.eg/generic-extra-large-storage-bag-with-sturdy-handle-for-storing-clothes-and-blankets-62236901.html",
        "category_type": "Home & furniture"
    },
    {
        "name": "Taha Offer Mesh Laundry Bags With Zip Lock 1 Piece",
        "price": "EGP 18.99",
        "image_url": "https://eg.jumia.is/unsafe/fit-in/300x300/filters:fill(white)/product/18/629762/1.jpg?5696",
        "product_url": "https://jumia.com.eg/mesh-laundry-bags-with-zip-lock-generic-mpg724120.html",
        "category_type": "Home & furniture"
    },
    {
        "name": "Taha Offer Cutting Board Non Slip Vegetable Meat  1 Piece",
        "price": "EGP 19.79",
        "image_url": "https://eg.jumia.is/unsafe/fit-in/300x300/filters:fill(white)/product/78/681313/1.jpg?0006",
        "product_url": "https://jumia.com.eg/generic-taha-offer-cutting-board-non-slip-vegetable-meat-1-piece-31318687.html",
        "category_type": "Home & furniture"
    },
    {
        "name": "Tornado Wall Fan 18 Inch, 4 Blades, White TWF-18W",
        "price": "EGP 1,750.00",
        "image_url": "https://eg.jumia.is/unsafe/fit-in/300x300/filters:fill(white)/product/43/147853/1.jpg?2938",
        "product_url": "https://jumia.com.eg/tornado-wall-fan-18-inch-4-blades-white-twf-18w-35874134.html",
        "category_type": "Home & furniture"
    },
    {
        "name": "Jumia Security Seal - 10 Pcs P@ckaging M@terial$",
        "price": "EGP 15.96",
        "image_url": "https://eg.jumia.is/unsafe/fit-in/300x300/filters:fill(white)/product/59/362061/1.jpg?0506",
        "product_url": "https://jumia.com.eg/jumia-security-seal-10-pcs-patckaging-matterial-16026395.html",
        "category_type": "Home & furniture"
    },
    {
        "name": "Taha Offer Bottle And Feeding Bottle Cleaning Brush 1 Piece",
        "price": "EGP 22.76",
        "image_url": "https://eg.jumia.is/unsafe/fit-in/300x300/filters:fill(white)/product/87/040623/1.jpg?9418",
        "product_url": "https://jumia.com.eg/generic-taha-offer-bottle-and-feeding-bottle-cleaning-brush-1-piece-32604078.html",
        "category_type": "Home & furniture"
    },
    {
        "name": "Jumia Fragile Stickers \u2013 12 Pcs",
        "price": "EGP 5.00",
        "image_url": "https://eg.jumia.is/unsafe/fit-in/300x300/filters:fill(white)/product/98/407423/1.jpg?4147",
        "product_url": "https://jumia.com.eg/jumia-fragile-stickers-12-pcs-32470489.html",
        "category_type": "Home & furniture"
    },
    {
        "name": "Kitchen Baking Glass Oil Sprayer - 100 Ml",
        "price": "EGP 28.99",
        "image_url": "https://eg.jumia.is/unsafe/fit-in/300x300/filters:fill(white)/product/47/617282/1.jpg?3350",
        "product_url": "https://jumia.com.eg/generic-kitchen-baking-glass-oil-sprayer-100-ml-28271674.html",
        "category_type": "Home & furniture"
    },
    {
        "name": "Taha Offer Rice And Vegetables Strainer 1 Piece - Color May Vary",
        "price": "EGP 19.79",
        "image_url": "https://eg.jumia.is/unsafe/fit-in/300x300/filters:fill(white)/product/26/510962/1.jpg?2476",
        "product_url": "https://jumia.com.eg/rice-and-vegetables-strainer-generic-mpg698919.html",
        "category_type": "Home & furniture"
    },
    {
        "name": "Fridal Floral Multipurpose Liquid Freshener - 250g",
        "price": "EGP 20.00",
        "image_url": "https://eg.jumia.is/unsafe/fit-in/300x300/filters:fill(white)/product/53/907303/1.jpg?7909",
        "product_url": "https://jumia.com.eg/fridal-floral-multipurpose-liquid-freshener-250g-30370935.html",
        "category_type": "Home & furniture"
    },
    {
        "name": "Fridal Fridal Lavender Multipurpose Liquid Freshener - 1 KG",
        "price": "EGP 49.50",
        "image_url": "https://eg.jumia.is/unsafe/fit-in/300x300/filters:fill(white)/product/44/907303/1.jpg?7908",
        "product_url": "https://jumia.com.eg/fridal-fridal-lavender-multipurpose-liquid-freshener-1-kg-30370944.html",
        "category_type": "Home & furniture"
    },
    {
        "name": "Taha Offer Silicone Collapsible Funnel  1 Pcs",
        "price": "EGP 18.99",
        "image_url": "https://eg.jumia.is/unsafe/fit-in/300x300/filters:fill(white)/product/22/301403/1.jpg?0287",
        "product_url": "https://jumia.com.eg/generic-taha-offer-silicone-collapsible-funnel-1-pcs-30410322.html",
        "category_type": "Home & furniture"
    },
    {
        "name": "Taha Offer Multi Functional Cleaning Brush 1 Pieces",
        "price": "EGP 9.89",
        "image_url": "https://eg.jumia.is/unsafe/fit-in/300x300/filters:fill(white)/product/98/681313/1.jpg?0285",
        "product_url": "https://jumia.com.eg/generic-taha-offer-multi-functional-cleaning-brush-1-pieces-31318689.html",
        "category_type": "Home & furniture"
    },
    {
        "name": "Taha Offer Ladle With Strainer 2 In 1 Multi-purpose 1 Piece",
        "price": "EGP 28.70",
        "image_url": "https://eg.jumia.is/unsafe/fit-in/300x300/filters:fill(white)/product/66/510962/1.jpg?9240",
        "product_url": "https://jumia.com.eg/ladle-strainer-21-multi-purpose-generic-mpg881099.html",
        "category_type": "Home & furniture"
    },
    {
        "name": "Taha Offer Double Face Adhesive Tape - 3 Cm X 3 M 1 Piece",
        "price": "EGP 49.49",
        "image_url": "https://eg.jumia.is/unsafe/fit-in/300x300/filters:fill(white)/product/59/286172/1.jpg?7834",
        "product_url": "https://jumia.com.eg/generic-taha-offer-double-face-adhesive-tape-3-cm-x-3-m-1-piece-27168295.html",
        "category_type": "Home & furniture"
    },
    {
        "name": "Taha Offer Cute Transparent Multi-functional PVC Zipper Bag 1 Piece",
        "price": "EGP 18.99",
        "image_url": "https://eg.jumia.is/unsafe/fit-in/300x300/filters:fill(white)/product/65/631715/1.jpg?9283",
        "product_url": "https://jumia.com.eg/generic-taha-offer-cute-transparent-multi-functional-pvc-zipper-bag-1-piece-51713656.html",
        "category_type": "Home & furniture"
    },
    {
        "name": "Taha Offer Stainless Steel Grill Holder",
        "price": "EGP 28.99",
        "image_url": "https://eg.jumia.is/unsafe/fit-in/300x300/filters:fill(white)/product/16/510962/1.jpg?8344",
        "product_url": "https://jumia.com.eg/stainless-steel-grill-holder-generic-mpg767815.html",
        "category_type": "Home & furniture"
    },
    {
        "name": "Taha Offer Cute Transparent Multi-functional PVC Zipper Bag 1 Piece",
        "price": "EGP 18.99",
        "image_url": "https://eg.jumia.is/unsafe/fit-in/300x300/filters:fill(white)/product/73/631715/1.jpg?6731",
        "product_url": "https://jumia.com.eg/generic-taha-offer-cute-transparent-multi-functional-pvc-zipper-bag-1-piece-51713637.html",
        "category_type": "Home & furniture"
    },
    {
        "name": "Digital Kitchen Scale - 10kg",
        "price": "EGP 142.99",
        "image_url": "https://eg.jumia.is/unsafe/fit-in/300x300/filters:fill(white)/product/52/327951/1.jpg?9775",
        "product_url": "https://jumia.com.eg/generic-digital-kitchen-scale-10kg-15972325.html",
        "category_type": "Home & furniture"
    },
    {
        "name": "Taha Offer Cake And Shawarma Knife With Wooden Handle 1 Piece",
        "price": "EGP 32.99",
        "image_url": "https://eg.jumia.is/unsafe/fit-in/300x300/filters:fill(white)/product/44/066723/1.jpg?8011",
        "product_url": "https://jumia.com.eg/generic-taha-offer-cake-and-shawarma-knife-with-wooden-handle-1-piece-32766044.html",
        "category_type": "Home & furniture"
    },
    {
        "name": "Taha Offer Rice And Vegetables Strainer 1 Piece",
        "price": "EGP 19.79",
        "image_url": "https://eg.jumia.is/unsafe/fit-in/300x300/filters:fill(white)/product/45/510962/1.jpg?2478",
        "product_url": "https://jumia.com.eg/generic-taha-offer-rice-and-vegetables-strainer-1-piece-26901554.html",
        "category_type": "Home & furniture"
    },
    {
        "name": "Taha Offer Kitchen Sink Wire  With Button 60 Cm 1 Piece",
        "price": "EGP 23.99",
        "image_url": "https://eg.jumia.is/unsafe/fit-in/300x300/filters:fill(white)/product/50/862572/1.jpg?2739",
        "product_url": "https://jumia.com.eg/generic-taha-offer-kitchen-sink-wire-with-button-60-cm-1-piece-27526805.html",
        "category_type": "Home & furniture"
    },
    {
        "name": "Silicone Long Handle  Water Bottle Brush  (Multi Color)",
        "price": "EGP 19.99",
        "image_url": "https://eg.jumia.is/unsafe/fit-in/300x300/filters:fill(white)/product/64/625683/1.jpg?0666",
        "product_url": "https://jumia.com.eg/generic-silicone-long-handle-water-bottle-brush-multi-color-38652646.html",
        "category_type": "Home & furniture"
    },
    {
        "name": "Taha Offer Plastic Strainer Set Of Different Sizes, 4 Pieces",
        "price": "EGP 24.74",
        "image_url": "https://eg.jumia.is/unsafe/fit-in/300x300/filters:fill(white)/product/53/747762/1.jpg?0282",
        "product_url": "https://jumia.com.eg/4pcs-plastic-mesh-food-strainer-colander-sieve-handle-filter-spoon-generic-mpg879850.html",
        "category_type": "Home & furniture"
    },
    {
        "name": "Fridal Fridal Jasmine Multipurpose Liquid Freshener  - 1L",
        "price": "EGP 33.00",
        "image_url": "https://eg.jumia.is/unsafe/fit-in/300x300/filters:fill(white)/product/14/907303/1.jpg?7891",
        "product_url": "https://jumia.com.eg/fridal-fridal-jasmine-multipurpose-liquid-freshener-1l-30370941.html",
        "category_type": "Home & furniture"
    },
    {
        "name": "Taha Offer Walnut Of Elbow-length Dishwashing Gloves 1 Piece",
        "price": "EGP 49.49",
        "image_url": "https://eg.jumia.is/unsafe/fit-in/300x300/filters:fill(white)/product/82/629762/1.jpg?5047",
        "product_url": "https://jumia.com.eg/rubber-cleaning-gloves-generic-mpg882727.html",
        "category_type": "Home & furniture"
    },
    {
        "name": "Blanket And Clothes Storage Bag (4 Pieces )",
        "price": "EGP 159.00",
        "image_url": "https://eg.jumia.is/unsafe/fit-in/300x300/filters:fill(white)/product/66/033235/1.jpg?2345",
        "product_url": "https://jumia.com.eg/generic-blanket-and-clothes-storage-bag-4-pieces-53233066.html",
        "category_type": "Home & furniture"
    },
    {
        "name": "Lids For Food Storage, Kitchen Supplies Preservation.100 Pcs",
        "price": "EGP 29.99",
        "image_url": "https://eg.jumia.is/unsafe/fit-in/300x300/filters:fill(white)/product/46/090175/1.jpg?6729",
        "product_url": "https://jumia.com.eg/generic-lids-for-food-storage-kitchen-supplies-preservation.100-pcs-57109064.html",
        "category_type": "Home & furniture"
    },
    {
        "name": "Fresh Smart Piano Stand Fan - 16 Inch",
        "price": "EGP 1,476.00",
        "image_url": "https://eg.jumia.is/unsafe/fit-in/300x300/filters:fill(white)/product/01/107952/1.jpg?9969",
        "product_url": "https://jumia.com.eg/smart-stand-fan-16-inch-fresh-mpg873957.html",
        "category_type": "Home & furniture"
    },
    {
        "name": "Tefal Silence Force Stand Fan - 16 Inches -3 Speeds - Remote Control - Timer",
        "price": "EGP 2,219.00",
        "image_url": "https://eg.jumia.is/unsafe/fit-in/300x300/filters:fill(white)/product/78/269696/1.jpg?4363",
        "product_url": "https://jumia.com.eg/tefal-silence-force-stand-fan-16-inches-3-speeds-remote-control-timer-69696287.html",
        "category_type": "Home & furniture"
    },
    {
        "name": "Taha Offer Pot Lid Handle Material Plastic & Metal 1 Piece",
        "price": "EGP 18.99",
        "image_url": "https://eg.jumia.is/unsafe/fit-in/300x300/filters:fill(white)/product/92/030962/1.jpg?5609",
        "product_url": "https://jumia.com.eg/handle-for-kitchen-utensils-generic-mpg893425.html",
        "category_type": "Home & furniture"
    },
    {
        "name": "Taha Offer A Magic Hanger Adhesive  With  6 Hook  Transparent Color 1 Piece",
        "price": "EGP 28.99",
        "image_url": "https://eg.jumia.is/unsafe/fit-in/300x300/filters:fill(white)/product/82/160104/1.jpg?9653",
        "product_url": "https://jumia.com.eg/generic-taha-offer-a-magic-hanger-adhesive-with-6-hook-transparent-color-1-piece-40106128.html",
        "category_type": "Home & furniture"
    },
    {
        "name": "Jumia Jumia Branded Flyers Small Size 1 - 25x35 \u2013 50Pcs",
        "price": "EGP 88.35",
        "image_url": "https://eg.jumia.is/unsafe/fit-in/300x300/filters:fill(white)/product/52/408385/1.jpg?8170",
        "product_url": "https://jumia.com.eg/jumia-jumia-branded-flyers-small-size-1-25x35-50pcs-58380425.html",
        "category_type": "Home & furniture"
    },
    {
        "name": "Fridal Fridal Wild Berries Multipurpose Freshener - 1  KG",
        "price": "EGP 45.00",
        "image_url": "https://eg.jumia.is/unsafe/fit-in/300x300/filters:fill(white)/product/57/103803/1.jpg?8072",
        "product_url": "https://jumia.com.eg/fridal-fridal-wild-berries-multipurpose-freshener-1-kg-30830175.html",
        "category_type": "Home & furniture"
    },
    {
        "name": "Frida Home Cleaning Fragrance Fruit Punch 480 ml",
        "price": "EGP 33.60",
        "image_url": "https://eg.jumia.is/unsafe/fit-in/300x300/filters:fill(white)/product/15/446422/1.jpg?3269",
        "product_url": "https://jumia.com.eg/frida-home-cleaning-fragrance-fruit-punch-480-ml-22464451.html",
        "category_type": "Home & furniture"
    },
    {
        "name": "Philips HD9270  Essential Airfryer XL 50hz",
        "price": "EGP 7,250.00",
        "image_url": "https://eg.jumia.is/unsafe/fit-in/300x300/filters:fill(white)/product/78/369422/1.jpg?6545",
        "product_url": "https://jumia.com.eg/hd9270-essential-airfryer-xl-50hz-philips-mpg933861.html",
        "category_type": "Home & furniture"
    },
    {
        "name": "Fresh Electric Kettle - 1.7L-Black",
        "price": "EGP 625.00",
        "image_url": "https://eg.jumia.is/unsafe/fit-in/300x300/filters:fill(white)/product/78/619133/1.jpg?5903",
        "product_url": "https://jumia.com.eg/electric-kettle-1.7l-black-fresh-mpg932226.html",
        "category_type": "Home & furniture"
    },
    {
        "name": "Jumia Sticky Way Bill Label (A5) \u2013 100 Pcs P@ckaging M@terial$",
        "price": "EGP 41.00",
        "image_url": "https://eg.jumia.is/unsafe/fit-in/300x300/filters:fill(white)/product/89/94213/1.jpg?5681",
        "product_url": "https://jumia.com.eg/sticky-way-bill-label-a5-100-pcs-jumia-mpg883815.html",
        "category_type": "Home & furniture"
    },
    {
        "name": "Taha Offer Blanket And Clothes Storage Bag 1 Piece",
        "price": "EGP 78.99",
        "image_url": "https://eg.jumia.is/unsafe/fit-in/300x300/filters:fill(white)/product/11/949873/1.jpg?2731",
        "product_url": "https://jumia.com.eg/generic-taha-offer-blanket-and-clothes-storage-bag-1-piece-37894911.html",
        "category_type": "Home & furniture"
    },
    {
        "name": "Frida Sensation Framboise 460 ml",
        "price": "EGP 46.00",
        "image_url": "https://eg.jumia.is/unsafe/fit-in/300x300/filters:fill(white)/product/66/556422/1.jpg?3293",
        "product_url": "https://jumia.com.eg/frida-sensation-framboise-460-ml-22465566.html",
        "category_type": "Home & furniture"
    },
    {
        "name": "Stainless Steel Hanger 5 Hooks. Installation On The Kitchen Cabinet Without Screws",
        "price": "EGP 29.38",
        "image_url": "https://eg.jumia.is/unsafe/fit-in/300x300/filters:fill(white)/product/29/042474/1.jpg?9716",
        "product_url": "https://jumia.com.eg/generic-stainless-steel-hanger-5-hooks.-installation-on-the-kitchen-cabinet-without-screws-47424092.html",
        "category_type": "Home & furniture"
    },
    {
        "name": "Taha Offer Plastic Clips To Close Bags 5 Pieces",
        "price": "EGP 14.83",
        "image_url": "https://eg.jumia.is/unsafe/fit-in/300x300/filters:fill(white)/product/37/061762/1.jpg?9585",
        "product_url": "https://jumia.com.eg/shoplink-plastic-sealing-bag-pouch-clips-5-pcs-generic-mpg855119.html",
        "category_type": "Home & furniture"
    },
    {
        "name": "Individual Broom Holder With Strong Double Face - 1 Pc",
        "price": "EGP 19.79",
        "image_url": "https://eg.jumia.is/unsafe/fit-in/300x300/filters:fill(white)/product/25/629762/1.jpg?9147",
        "product_url": "https://jumia.com.eg/individual-broom-holder-with-strong-double-face-1-pc-generic-mpg740761.html",
        "category_type": "Home & furniture"
    },
    {
        "name": "Tornado Electric Blender 500 Watt, 1.5 Liter, Mill, Black NBL500/1",
        "price": "EGP 1,243.00",
        "image_url": "https://eg.jumia.is/unsafe/fit-in/300x300/filters:fill(white)/product/70/539993/1.jpg?2728",
        "product_url": "https://jumia.com.eg/tornado-electric-blender-500-watt-1.5-liter-mill-black-nbl5001-39993507.html",
        "category_type": "Home & furniture"
    },
    {
        "name": "Jumia Bubble Roll - 100m x 50 cm P@ckaging M@terial$",
        "price": "EGP 254.00",
        "image_url": "https://eg.jumia.is/unsafe/fit-in/300x300/filters:fill(white)/product/08/1357/1.jpg?7048",
        "product_url": "https://jumia.com.eg/bubble-roll-100m-x-50-cm-jumia-mpg883803.html",
        "category_type": "Home & furniture"
    },
    {
        "name": "Jumia Small Jumia Branded Bags \u2013 10 Pcs P@ckaging M@terial$",
        "price": "EGP 34.00",
        "image_url": "https://eg.jumia.is/unsafe/fit-in/300x300/filters:fill(white)/product/34/1357/1.jpg?0956",
        "product_url": "https://jumia.com.eg/small-jumia-branded-bags-10-pcs-jumia-mpg24997.html",
        "category_type": "Home & furniture"
    },
    {
        "name": "Zanussi Zanussi Cooker Free Standing, 90 Cool Max, (Hot & Cooling Fan + Digital Timer + cast iron pan support + Full Safety + Brushed Stainless Steel) ZCG94396XA",
        "price": "EGP 15,999.00",
        "image_url": "https://eg.jumia.is/unsafe/fit-in/300x300/filters:fill(white)/product/71/986132/1.jpg?3131",
        "product_url": "https://jumia.com.eg/zanussi-zanussi-cooker-free-standing-90-cool-max-hot-cooling-fan-digital-timer-cast-iron-pan-support-full-safety-brushed-stainless-steel-zcg94396xa-23168917.html",
        "category_type": "Home & furniture"
    },
    {
        "name": "Taha Offer Plastic Clips To Close Bags",
        "price": "EGP 11.99",
        "image_url": "https://eg.jumia.is/unsafe/fit-in/300x300/filters:fill(white)/product/93/510962/1.jpg?5673",
        "product_url": "https://jumia.com.eg/generic-taha-offer-plastic-clips-to-close-bags-26901539.html",
        "category_type": "Home & furniture"
    },
    {
        "name": "Taha Offer Clothes Hanger Tree Shape  1 Pcs",
        "price": "EGP 11.99",
        "image_url": "https://eg.jumia.is/unsafe/fit-in/300x300/filters:fill(white)/product/84/647762/1.jpg?5743",
        "product_url": "https://jumia.com.eg/clothes-hanger-tree-shape-generic-mpg880386.html",
        "category_type": "Home & furniture"
    },
    {
        "name": "Multi-grids Clothes Storage Organizer - 4 Pcs",
        "price": "EGP 119.99",
        "image_url": "https://eg.jumia.is/unsafe/fit-in/300x300/filters:fill(white)/product/37/429282/1.jpg?5844",
        "product_url": "https://jumia.com.eg/generic-multi-grids-clothes-storage-organizer-4-pcs-28292473.html",
        "category_type": "Home & furniture"
    },
    {
        "name": "Frida Sensation Chill out 460 ml",
        "price": "EGP 54.95",
        "image_url": "https://eg.jumia.is/unsafe/fit-in/300x300/filters:fill(white)/product/56/556422/1.jpg?3290",
        "product_url": "https://jumia.com.eg/frida-sensation-chill-out-460-ml-22465565.html",
        "category_type": "Home & furniture"
    },
    {
        "name": "Azhar A4 Print And Paper Pack - 70G - 5 Package High Quality Product",
        "price": "EGP 645.00",
        "image_url": "https://eg.jumia.is/unsafe/fit-in/300x300/filters:fill(white)/product/30/333862/1.jpg?9848",
        "product_url": "https://jumia.com.eg/a4-print-and-paper-pack-70g-5-package-high-quality-product-azhar-mpg879010.html",
        "category_type": "Home & furniture"
    },
    {
        "name": "Waterproof Adjustable Apron With Side Towel & Pocket Stripe- Pink",
        "price": "EGP 79.19",
        "image_url": "https://eg.jumia.is/unsafe/fit-in/300x300/filters:fill(white)/product/15/676392/1.jpg?9707",
        "product_url": "https://jumia.com.eg/generic-waterproof-adjustable-apron-with-side-towel-pocket-stripe-pink-29367651.html",
        "category_type": "Home & furniture"
    },
    {
        "name": "Silicone Air Fryer Paper, Three Pieces",
        "price": "EGP 90.00",
        "image_url": "https://eg.jumia.is/unsafe/fit-in/300x300/filters:fill(white)/product/91/715006/1.jpg?9725",
        "product_url": "https://jumia.com.eg/generic-silicone-air-fryer-paper-three-pieces-60051719.html",
        "category_type": "Home & furniture"
    },
    {
        "name": "Tank Power Water Filter - 5 Stages+ 2 Extra Cartridge TP1",
        "price": "EGP 1,155.00",
        "image_url": "https://eg.jumia.is/unsafe/fit-in/300x300/filters:fill(white)/product/18/772622/1.jpg?3569",
        "product_url": "https://jumia.com.eg/tank-power-water-filter-5-stages-2-extra-cartridge-tp1-22627781.html",
        "category_type": "Home & furniture"
    },
    {
        "name": "Taha Offer Silicone Cup Cover Maintains Heat And Hygiene 1 Piece",
        "price": "EGP 24.74",
        "image_url": "https://eg.jumia.is/unsafe/fit-in/300x300/filters:fill(white)/product/08/060104/1.jpg?4936",
        "product_url": "https://jumia.com.eg/generic-taha-offer-silicone-cup-cover-maintains-heat-and-hygiene-1-piece-40106080.html",
        "category_type": "Home & furniture"
    },
    {
        "name": "Taha Offer Silicon Foldable Funnel For Kitchen 1 Piece",
        "price": "EGP 24.74",
        "image_url": "https://eg.jumia.is/unsafe/fit-in/300x300/filters:fill(white)/product/16/647762/1.jpg?8208",
        "product_url": "https://jumia.com.eg/generic-taha-offer-silicon-foldable-funnel-for-kitchen-1-piece-26774661.html",
        "category_type": "Home & furniture"
    },
    {
        "name": "Taha Offer Kitchen Baking Glass Oil Sprayer  1 Piece",
        "price": "EGP 38.99",
        "image_url": "https://eg.jumia.is/unsafe/fit-in/300x300/filters:fill(white)/product/32/237474/1.jpg?5514",
        "product_url": "https://jumia.com.eg/generic-taha-offer-kitchen-baking-glass-oil-sprayer-1-piece-47473223.html",
        "category_type": "Home & furniture"
    },
    {
        "name": "Air Conditioning Distributor Color May Vary",
        "price": "EGP 205.40",
        "image_url": "https://eg.jumia.is/unsafe/fit-in/300x300/filters:fill(white)/product/57/154384/1.jpg?6146",
        "product_url": "https://jumia.com.eg/air-conditioning-distributor-color-may-vary-generic-mpg901823.html",
        "category_type": "Home & furniture"
    },
    {
        "name": "Taha Offer Small Wooden Spoons  Size Of A Tea Spoon 1 Pcs",
        "price": "EGP 9.89",
        "image_url": "https://eg.jumia.is/unsafe/fit-in/300x300/filters:fill(white)/product/22/469423/1.jpg?0204",
        "product_url": "https://jumia.com.eg/generic-taha-offer-small-wooden-spoons-size-of-a-tea-spoon-1-pcs-32496422.html",
        "category_type": "Home & furniture"
    },
    {
        "name": "Hanger With 3 Hooks Adhesives - 1 PCs",
        "price": "EGP 14.84",
        "image_url": "https://eg.jumia.is/unsafe/fit-in/300x300/filters:fill(white)/product/19/930623/1.jpg?1722",
        "product_url": "https://jumia.com.eg/generic-hanger-with-3-hooks-adhesives-1-pcs-32603991.html",
        "category_type": "Home & furniture"
    },
    {
        "name": "Tank Power 3 Stage Filter Wax Pack - 4 Cartridges",
        "price": "EGP 223.00",
        "image_url": "https://eg.jumia.is/unsafe/fit-in/300x300/filters:fill(white)/product/43/419622/1.jpg?2954",
        "product_url": "https://jumia.com.eg/power-3-stage-filter-wax-pack-4-cartridges-tank-mpg936152.html",
        "category_type": "Home & furniture"
    },
    {
        "name": "Unionaire Stand Fan, 18 Inch, Black - UFS18-BM-H",
        "price": "EGP 1,154.00",
        "image_url": "https://eg.jumia.is/unsafe/fit-in/300x300/filters:fill(white)/product/30/931458/1.jpg?0887",
        "product_url": "https://jumia.com.eg/unionaire-stand-fan-18-inch-black-ufs18-bm-h-85413903.html",
        "category_type": "Home & furniture"
    },
    {
        "name": "Tornado Ceiling Fan 56 Inch With 3 Metal Blades And 5 Speeds In White Color TCF56WW",
        "price": "EGP 1,535.00",
        "image_url": "https://eg.jumia.is/unsafe/fit-in/300x300/filters:fill(white)/product/89/667702/1.jpg?5644",
        "product_url": "https://jumia.com.eg/tornado-ceiling-fan-56-inch-with-3-metal-blades-and-5-speeds-in-white-color-tcf56ww-20776698.html",
        "category_type": "Home & furniture"
    }
]