[
    {
        "name": "Cottonil Bundle OF (5) - Men Boxer Solid",
        "price": "EGP 299.99",
        "image_url": "https://eg.jumia.is/unsafe/fit-in/300x300/filters:fill(white)/product/51/484734/1.jpg?3871",
        "product_url": "https://jumia.com.eg/bundle-of-5-men-boxer-solid-cottonil-mpg902264.html",
        "category_type": "Fashion"
    },
    {
        "name": "ADIDAS DBF11 Adilette Aqua Swim Sandals/Slippers - Ftwr White",
        "price": "EGP 600.00",
        "image_url": "https://eg.jumia.is/unsafe/fit-in/300x300/filters:fill(white)/product/09/587815/1.jpg?9719",
        "product_url": "https://jumia.com.eg/adidas-dbf11-adilette-aqua-swim-sandalsslippers-ftwr-white-51878590.html",
        "category_type": "Fashion"
    },
    {
        "name": "Cottonil Bundle OF (5) - Men Boxer Solid",
        "price": "EGP 299.99",
        "image_url": "https://eg.jumia.is/unsafe/fit-in/300x300/filters:fill(white)/product/94/484734/1.jpg?3082",
        "product_url": "https://jumia.com.eg/cottonil-bundle-of-5-men-boxer-solid-43748449.html",
        "category_type": "Fashion"
    },
    {
        "name": "ADIDAS DBF11 Adilette Aqua Swim Sandals/Slippers - Core Black",
        "price": "EGP 600.00",
        "image_url": "https://eg.jumia.is/unsafe/fit-in/300x300/filters:fill(white)/product/58/587815/1.jpg?0627",
        "product_url": "https://jumia.com.eg/adidas-dbf11-adilette-aqua-swim-sandalsslippers-core-black-51878585.html",
        "category_type": "Fashion"
    },
    {
        "name": "Diana Secret Bundle Of (2) HotShort - For Women",
        "price": "EGP 69.00",
        "image_url": "https://eg.jumia.is/unsafe/fit-in/300x300/filters:fill(white)/product/56/101483/1.jpg?8613",
        "product_url": "https://jumia.com.eg/diana-secret-bundle-of-2-hotshort-for-women-38410165.html",
        "category_type": "Fashion"
    },
    {
        "name": "Mesery Bundle Of Three Printed Underwear",
        "price": "EGP 119.00",
        "image_url": "https://eg.jumia.is/unsafe/fit-in/300x300/filters:fill(white)/product/88/654784/1.jpg?4903",
        "product_url": "https://jumia.com.eg/mesery-bundle-of-three-printed-underwear-48745688.html",
        "category_type": "Fashion"
    },
    {
        "name": "Activ Plain Black Men Practical Thong Slipers",
        "price": "EGP 199.00",
        "image_url": "https://eg.jumia.is/unsafe/fit-in/300x300/filters:fill(white)/product/15/512805/1.jpg?8437",
        "product_url": "https://jumia.com.eg/activ-plain-black-men-practical-thong-slipers-50821551.html",
        "category_type": "Fashion"
    },
    {
        "name": "ADIDAS LZQ32 Running Duramo Sl Shoes- Turquoise",
        "price": "EGP 2,364.00 - EGP 3,009.00",
        "image_url": "https://eg.jumia.is/unsafe/fit-in/300x300/filters:fill(white)/product/64/376625/1.jpg?3653",
        "product_url": "https://jumia.com.eg/adidas-lzq32-running-duramo-sl-shoes-turquoise-52667346.html",
        "category_type": "Fashion"
    },
    {
        "name": "ADIDAS DBF11 Adilette Aqua Swim Sandals/Slippers - Core Black",
        "price": "EGP 675.00",
        "image_url": "https://eg.jumia.is/unsafe/fit-in/300x300/filters:fill(white)/product/34/687815/1.jpg?0151",
        "product_url": "https://jumia.com.eg/adidas-dbf11-adilette-aqua-swim-sandalsslippers-core-black-51878643.html",
        "category_type": "Fashion"
    },
    {
        "name": "Activ Stripped Rubber Blue, Red & White One Thong Flip Flop",
        "price": "EGP 199.00",
        "image_url": "https://eg.jumia.is/unsafe/fit-in/300x300/filters:fill(white)/product/06/849244/1.jpg?9433",
        "product_url": "https://jumia.com.eg/activ-stripped-rubber-blue-red-white-one-thong-flip-flop-44294860.html",
        "category_type": "Fashion"
    },
    {
        "name": "Activ Bundle Of Four Slip On Socks - Navy, Grey, White & Black",
        "price": "EGP 129.00",
        "image_url": "https://eg.jumia.is/unsafe/fit-in/300x300/filters:fill(white)/product/50/601123/1.jpg?6409",
        "product_url": "https://jumia.com.eg/activ-bundle-of-four-slip-on-socks-navy-grey-white-black-32110605.html",
        "category_type": "Fashion"
    },
    {
        "name": "Activ Black Thong For Cornflour Blue Men Slippers",
        "price": "EGP 199.00",
        "image_url": "https://eg.jumia.is/unsafe/fit-in/300x300/filters:fill(white)/product/65/512805/1.jpg?8435",
        "product_url": "https://jumia.com.eg/activ-black-thong-for-cornflour-blue-men-slippers-50821556.html",
        "category_type": "Fashion"
    },
    {
        "name": "Activ Bi-Toned Women Thong Slippers - Black & Fuchsia",
        "price": "EGP 199.00",
        "image_url": "https://eg.jumia.is/unsafe/fit-in/300x300/filters:fill(white)/product/47/512805/1.jpg?8430",
        "product_url": "https://jumia.com.eg/activ-bi-toned-women-thong-slippers-black-fuchsia-50821574.html",
        "category_type": "Fashion"
    },
    {
        "name": "Women Long Sleeves Linen Shirt - White",
        "price": "EGP 297.49",
        "image_url": "https://eg.jumia.is/unsafe/fit-in/300x300/filters:fill(white)/product/09/162377/1.jpg?7906",
        "product_url": "https://jumia.com.eg/generic-women-long-sleeves-linen-shirt-white-77326190.html",
        "category_type": "Fashion"
    },
    {
        "name": "Cottonil Bundle OF (5) - Men Boxer Solid",
        "price": "EGP 299.99",
        "image_url": "https://eg.jumia.is/unsafe/fit-in/300x300/filters:fill(white)/product/23/484734/1.jpg?3077",
        "product_url": "https://jumia.com.eg/cottonil-bundle-of-5-men-boxer-solid-43748432.html",
        "category_type": "Fashion"
    },
    {
        "name": "Mesery Bundle Of Three Solid Slip On Underwear.",
        "price": "EGP 119.99",
        "image_url": "https://eg.jumia.is/unsafe/fit-in/300x300/filters:fill(white)/product/74/414212/1.jpg?1859",
        "product_url": "https://jumia.com.eg/mesery-bundle-of-three-solid-slip-on-underwear.-21241447.html",
        "category_type": "Fashion"
    },
    {
        "name": "ADIDAS EAX23   Essentials Linear Backpack- Black",
        "price": "EGP 711.00",
        "image_url": "https://eg.jumia.is/unsafe/fit-in/300x300/filters:fill(white)/product/89/196625/1.jpg?5272",
        "product_url": "https://jumia.com.eg/adidas-eax23-essentials-linear-backpack-black-52669198.html",
        "category_type": "Fashion"
    },
    {
        "name": "Activ Stripped Rubber White, Red & Blue One Thong Flip Flop",
        "price": "EGP 199.00",
        "image_url": "https://eg.jumia.is/unsafe/fit-in/300x300/filters:fill(white)/product/74/849244/1.jpg?9436",
        "product_url": "https://jumia.com.eg/activ-stripped-rubber-white-red-blue-one-thong-flip-flop-44294847.html",
        "category_type": "Fashion"
    },
    {
        "name": "Mesery Bundle OF Six Smooth Cotton Hipster Panties",
        "price": "EGP 219.99",
        "image_url": "https://eg.jumia.is/unsafe/fit-in/300x300/filters:fill(white)/product/02/402871/1.jpg?9002",
        "product_url": "https://jumia.com.eg/mesery-bundle-of-six-smooth-cotton-hipster-panties-17820420.html",
        "category_type": "Fashion"
    },
    {
        "name": "Resha Women's Shoes White",
        "price": "EGP 269.00",
        "image_url": "https://eg.jumia.is/unsafe/fit-in/300x300/filters:fill(white)/product/50/832534/1.jpg?4790",
        "product_url": "https://jumia.com.eg/resha-womens-shoes-white-generic-mpg943206.html",
        "category_type": "Fashion"
    },
    {
        "name": "ADIDAS LZX05 Adilette Aqua Swim Sandals/Slippers - Core Black",
        "price": "EGP 711.00",
        "image_url": "https://eg.jumia.is/unsafe/fit-in/300x300/filters:fill(white)/product/62/687815/1.jpg?0699",
        "product_url": "https://jumia.com.eg/adidas-lzx05-adilette-aqua-swim-sandalsslippers-core-black-51878626.html",
        "category_type": "Fashion"
    },
    {
        "name": "Activ Simon Striped For Pink Thong Slippers",
        "price": "EGP 199.00",
        "image_url": "https://eg.jumia.is/unsafe/fit-in/300x300/filters:fill(white)/product/95/512805/1.jpg?8435",
        "product_url": "https://jumia.com.eg/activ-simon-striped-for-pink-thong-slippers-50821559.html",
        "category_type": "Fashion"
    },
    {
        "name": "Women Long Sleeves Linen Shirt - Beige",
        "price": "EGP 297.49",
        "image_url": "https://eg.jumia.is/unsafe/fit-in/300x300/filters:fill(white)/product/98/162377/1.jpg?0308",
        "product_url": "https://jumia.com.eg/generic-women-long-sleeves-linen-shirt-beige-77326189.html",
        "category_type": "Fashion"
    },
    {
        "name": "Activ Set Of 3 Anklet Socks - White",
        "price": "EGP 109.00",
        "image_url": "https://eg.jumia.is/unsafe/fit-in/300x300/filters:fill(white)/product/91/204472/1.jpg?6547",
        "product_url": "https://jumia.com.eg/activ-set-of-3-anklet-socks-white-27440219.html",
        "category_type": "Fashion"
    },
    {
        "name": "ADIDAS LZX05 Adilette Aqua Swim Sandals/Slippers - Off White",
        "price": "EGP 711.00 - EGP 1,049.00",
        "image_url": "https://eg.jumia.is/unsafe/fit-in/300x300/filters:fill(white)/product/72/687815/1.jpg?0915",
        "product_url": "https://jumia.com.eg/adidas-lzx05-adilette-aqua-swim-sandalsslippers-off-white-51878627.html",
        "category_type": "Fashion"
    },
    {
        "name": "Activ Pinapple Prints Allover White Thong Slipper",
        "price": "EGP 199.00",
        "image_url": "https://eg.jumia.is/unsafe/fit-in/300x300/filters:fill(white)/product/50/479054/1.jpg?8049",
        "product_url": "https://jumia.com.eg/activ-pinapple-prints-allover-white-thong-slipper-45097405.html",
        "category_type": "Fashion"
    },
    {
        "name": "ADIDAS LZQ32 Duramo Sl M Running Shoes - Core Black",
        "price": "EGP 2,364.00 - EGP 3,009.00",
        "image_url": "https://eg.jumia.is/unsafe/fit-in/300x300/filters:fill(white)/product/48/587815/1.jpg?0417",
        "product_url": "https://jumia.com.eg/adidas-lzq32-duramo-sl-m-running-shoes-core-black-51878584.html",
        "category_type": "Fashion"
    },
    {
        "name": "Activ Men Thong Slippers - Mauve, Peach & Yellow",
        "price": "EGP 199.00",
        "image_url": "https://eg.jumia.is/unsafe/fit-in/300x300/filters:fill(white)/product/08/512805/1.jpg?8427",
        "product_url": "https://jumia.com.eg/activ-men-thong-slippers-mauve-peach-yellow-50821580.html",
        "category_type": "Fashion"
    },
    {
        "name": "Mesery Bundle OF (3) Cotton Panties - Multicolor",
        "price": "EGP 119.00",
        "image_url": "https://eg.jumia.is/unsafe/fit-in/300x300/filters:fill(white)/product/71/730754/1.jpg?7064",
        "product_url": "https://jumia.com.eg/mesery-bundle-of-3-cotton-panties-multicolor-45703717.html",
        "category_type": "Fashion"
    },
    {
        "name": "Activ White Striped For Pink Thong Slippers",
        "price": "EGP 199.00",
        "image_url": "https://eg.jumia.is/unsafe/fit-in/300x300/filters:fill(white)/product/75/512805/1.jpg?8436",
        "product_url": "https://jumia.com.eg/activ-white-striped-for-pink-thong-slippers-50821557.html",
        "category_type": "Fashion"
    },
    {
        "name": "Activ Floral Pattern Zipper Padded Emerald Green Backpack",
        "price": "EGP 499.00",
        "image_url": "https://eg.jumia.is/unsafe/fit-in/300x300/filters:fill(white)/product/09/941472/1.jpg?2124",
        "product_url": "https://jumia.com.eg/activ-floral-pattern-zipper-padded-emerald-green-backpack-27414990.html",
        "category_type": "Fashion"
    },
    {
        "name": "Mesery Cottovega Plain Neck Sleeveless Undershirt -White",
        "price": "EGP 119.00",
        "image_url": "https://eg.jumia.is/unsafe/fit-in/300x300/filters:fill(white)/product/62/258506/1.jpg?5416",
        "product_url": "https://jumia.com.eg/mesery-cottovega-plain-neck-sleeveless-undershirt-white-60585226.html",
        "category_type": "Fashion"
    },
    {
        "name": "ADIDAS LZX05 Adilette Aqua Swim Sandals/Slippers",
        "price": "EGP 675.00",
        "image_url": "https://eg.jumia.is/unsafe/fit-in/300x300/filters:fill(white)/product/42/687815/1.jpg?0329",
        "product_url": "https://jumia.com.eg/adidas-lzx05-adilette-aqua-swim-sandalsslippers-51878624.html",
        "category_type": "Fashion"
    },
    {
        "name": "Mesery Bundle OF (5) Cotton Panties Dantel",
        "price": "EGP 189.99",
        "image_url": "https://eg.jumia.is/unsafe/fit-in/300x300/filters:fill(white)/product/51/730754/1.jpg?7065",
        "product_url": "https://jumia.com.eg/mesery-bundle-of-5-cotton-panties-dantel-45703715.html",
        "category_type": "Fashion"
    },
    {
        "name": "Mesery Cottovega Plain High Neck Sleeveless Undershirt - White",
        "price": "EGP 119.00",
        "image_url": "https://eg.jumia.is/unsafe/fit-in/300x300/filters:fill(white)/product/21/952674/1.jpg?7550",
        "product_url": "https://jumia.com.eg/mesery-cottovega-plain-high-neck-sleeveless-undershirt-white-47625912.html",
        "category_type": "Fashion"
    },
    {
        "name": "Activ Palms Patterned Yellow, Black & Navy Blue One Thong Flip Flop",
        "price": "EGP 199.00",
        "image_url": "https://eg.jumia.is/unsafe/fit-in/300x300/filters:fill(white)/product/91/849244/1.jpg?9441",
        "product_url": "https://jumia.com.eg/activ-palms-patterned-yellow-black-navy-blue-one-thong-flip-flop-44294819.html",
        "category_type": "Fashion"
    },
    {
        "name": "Mesery Cottovega Plain High Neck Sleeveless Undershirt - Black",
        "price": "EGP 119.00",
        "image_url": "https://eg.jumia.is/unsafe/fit-in/300x300/filters:fill(white)/product/00/952674/1.jpg?7550",
        "product_url": "https://jumia.com.eg/mesery-cottovega-plain-high-neck-sleeveless-undershirt-black-47625900.html",
        "category_type": "Fashion"
    },
    {
        "name": "Mesery Bundle OF Six Brief Smooth Cotton Panties",
        "price": "EGP 219.99 - EGP 229.99",
        "image_url": "https://eg.jumia.is/unsafe/fit-in/300x300/filters:fill(white)/product/41/178212/1.jpg?6886",
        "product_url": "https://jumia.com.eg/mesery-bundle-of-six-brief-smooth-cotton-panties-21287114.html",
        "category_type": "Fashion"
    },
    {
        "name": "Women Beach Sandals",
        "price": "EGP 159.00 - EGP 219.00",
        "image_url": "https://eg.jumia.is/unsafe/fit-in/300x300/filters:fill(white)/product/00/879827/1.jpg?1556",
        "product_url": "https://jumia.com.eg/generic-women-beach-sandals-72897800.html",
        "category_type": "Fashion"
    },
    {
        "name": "ADIDAS LUT49 Adilette Shower Swim Sandals/Slippers - Core Black",
        "price": "EGP 900.00",
        "image_url": "https://eg.jumia.is/unsafe/fit-in/300x300/filters:fill(white)/product/19/587815/1.jpg?9882",
        "product_url": "https://jumia.com.eg/adidas-lut49-adilette-shower-swim-sandalsslippers-core-black-51878591.html",
        "category_type": "Fashion"
    },
    {
        "name": "ADIDAS DUZ31 Adilette Aqua Swim Sandals/Slippers - Wonder Mauve",
        "price": "EGP 711.00",
        "image_url": "https://eg.jumia.is/unsafe/fit-in/300x300/filters:fill(white)/product/39/587815/1.jpg?0276",
        "product_url": "https://jumia.com.eg/adidas-duz31-adilette-aqua-swim-sandalsslippers-wonder-mauve-51878593.html",
        "category_type": "Fashion"
    },
    {
        "name": "Mesery Bundle Of Two Spaghetti Sleeves Plain Tank Tops",
        "price": "EGP 159.99",
        "image_url": "https://eg.jumia.is/unsafe/fit-in/300x300/filters:fill(white)/product/33/203012/1.jpg?1607",
        "product_url": "https://jumia.com.eg/mesery-bundle-of-two-spaghetti-sleeves-plain-tank-tops-21030233.html",
        "category_type": "Fashion"
    },
    {
        "name": "Stylish Women Hoodie Autumn Material - Black & Gray",
        "price": "EGP 212.49",
        "image_url": "https://eg.jumia.is/unsafe/fit-in/300x300/filters:fill(white)/product/75/767593/1.jpg?7688",
        "product_url": "https://jumia.com.eg/generic-stylish-women-hoodie-autumn-material-black-gray-39576757.html",
        "category_type": "Fashion"
    },
    {
        "name": "Desert Side Colored Fashion Leather Flat Sneakers For Men - White",
        "price": "EGP 209.00",
        "image_url": "https://eg.jumia.is/unsafe/fit-in/300x300/filters:fill(white)/product/17/528254/1.jpg?3285",
        "product_url": "https://jumia.com.eg/desert-side-colored-fashion-leather-flat-sneakers-for-men-white-45282571.html",
        "category_type": "Fashion"
    },
    {
        "name": "ADIDAS LIT48 Advantage Base Tennis Shoes - Ftwr White",
        "price": "EGP 2,150.00 - EGP 3,009.00",
        "image_url": "https://eg.jumia.is/unsafe/fit-in/300x300/filters:fill(white)/product/01/687815/1.jpg?9574",
        "product_url": "https://jumia.com.eg/adidas-lit48-advantage-base-tennis-shoes-ftwr-white-51878610.html",
        "category_type": "Fashion"
    },
    {
        "name": "ADIDAS EAY85   Classic Foundation Backpack- Black",
        "price": "EGP 607.00",
        "image_url": "https://eg.jumia.is/unsafe/fit-in/300x300/filters:fill(white)/product/99/196625/1.jpg?5383",
        "product_url": "https://jumia.com.eg/adidas-eay85-classic-foundation-backpack-black-52669199.html",
        "category_type": "Fashion"
    },
    {
        "name": "ADIDAS DUZ31 Adilette Aqua Swim Sandals/Slippers - Ftwr White",
        "price": "EGP 711.00",
        "image_url": "https://eg.jumia.is/unsafe/fit-in/300x300/filters:fill(white)/product/03/136025/1.jpg?8983",
        "product_url": "https://jumia.com.eg/adidas-duz31-adilette-aqua-swim-sandalsslippers-ftwr-white-52063130.html",
        "category_type": "Fashion"
    },
    {
        "name": "Activ Plain Purple Summery Women Thong Slippers",
        "price": "EGP 199.00",
        "image_url": "https://eg.jumia.is/unsafe/fit-in/300x300/filters:fill(white)/product/66/512805/1.jpg?8432",
        "product_url": "https://jumia.com.eg/activ-plain-purple-summery-women-thong-slippers-50821566.html",
        "category_type": "Fashion"
    },
    {
        "name": "ADIDAS LSI58 Runfalcon 3.0 W Running Shoes - Core Black",
        "price": "EGP 2,279.00 - EGP 2,659.00",
        "image_url": "https://eg.jumia.is/unsafe/fit-in/300x300/filters:fill(white)/product/54/687815/1.jpg?0542",
        "product_url": "https://jumia.com.eg/adidas-lsi58-runfalcon-3.0-w-running-shoes-core-black-51878645.html",
        "category_type": "Fashion"
    },
    {
        "name": "Cottonil Bundle OF (3) - Men Boxer Solid",
        "price": "EGP 189.99",
        "image_url": "https://eg.jumia.is/unsafe/fit-in/300x300/filters:fill(white)/product/35/384734/1.jpg?3056",
        "product_url": "https://jumia.com.eg/cottonil-bundle-of-3-men-boxer-solid-43748353.html",
        "category_type": "Fashion"
    },
    {
        "name": "Mesery Bundle Of Three Solid Bra - For Women",
        "price": "EGP 149.00",
        "image_url": "https://eg.jumia.is/unsafe/fit-in/300x300/filters:fill(white)/product/00/702242/1.jpg?0455",
        "product_url": "https://jumia.com.eg/mesery-bundle-of-three-solid-bra-for-women-24220700.html",
        "category_type": "Fashion"
    },
    {
        "name": "ADIDAS LZQ32 Duramo Sl M Running Shoes - Core Black",
        "price": "EGP 2,364.00 - EGP 3,009.00",
        "image_url": "https://eg.jumia.is/unsafe/fit-in/300x300/filters:fill(white)/product/65/687815/1.jpg?0786",
        "product_url": "https://jumia.com.eg/adidas-lzq32-duramo-sl-m-running-shoes-core-black-51878656.html",
        "category_type": "Fashion"
    },
    {
        "name": "ADIDAS LKK08 Tensaur Sport 2.0 K Running Shoes - Core Black",
        "price": "EGP 1,175.00 - EGP 1,644.00",
        "image_url": "https://eg.jumia.is/unsafe/fit-in/300x300/filters:fill(white)/product/41/687815/1.jpg?0312",
        "product_url": "https://jumia.com.eg/adidas-lkk08-tensaur-sport-2.0-k-running-shoes-core-black-51878614.html",
        "category_type": "Fashion"
    },
    {
        "name": "Activ Pink Thong For Navy Blue Men Slippers",
        "price": "EGP 199.00",
        "image_url": "https://eg.jumia.is/unsafe/fit-in/300x300/filters:fill(white)/product/45/512805/1.jpg?8435",
        "product_url": "https://jumia.com.eg/activ-pink-thong-for-navy-blue-men-slippers-50821554.html",
        "category_type": "Fashion"
    },
    {
        "name": "Bundle Of (12) Women Ankle Socks For Women",
        "price": "EGP 79.99",
        "image_url": "https://eg.jumia.is/unsafe/fit-in/300x300/filters:fill(white)/product/80/093412/1.jpg?6366",
        "product_url": "https://jumia.com.eg/generic-bundle-of-12-women-ankle-socks-for-women-21439008.html",
        "category_type": "Fashion"
    },
    {
        "name": "Mesery Bundle Of Three Cotton Stretch Plain Tank Tops",
        "price": "EGP 219.99",
        "image_url": "https://eg.jumia.is/unsafe/fit-in/300x300/filters:fill(white)/product/09/479852/1.jpg?7688",
        "product_url": "https://jumia.com.eg/mesery-bundle-of-three-cotton-stretch-plain-tank-tops-25897490.html",
        "category_type": "Fashion"
    },
    {
        "name": "Dice Bundle Of Five Men Boxers",
        "price": "EGP 349.00",
        "image_url": "https://eg.jumia.is/unsafe/fit-in/300x300/filters:fill(white)/product/53/496561/1.jpg?4348",
        "product_url": "https://jumia.com.eg/dice-bundle-of-five-men-boxers-16569435.html",
        "category_type": "Fashion"
    },
    {
        "name": "Slippers Black And White Lines For Men - Comfortable Leather -",
        "price": "EGP 99.00",
        "image_url": "https://eg.jumia.is/unsafe/fit-in/300x300/filters:fill(white)/product/61/765472/1.jpg?9604",
        "product_url": "https://jumia.com.eg/generic-slippers-black-and-white-lines-for-men-comfortable-leather-27456716.html",
        "category_type": "Fashion"
    },
    {
        "name": "Activ Bi-Toned Women Thong Slippers - Mint & Fuchsia",
        "price": "EGP 199.00",
        "image_url": "https://eg.jumia.is/unsafe/fit-in/300x300/filters:fill(white)/product/87/512805/1.jpg?8428",
        "product_url": "https://jumia.com.eg/activ-bi-toned-women-thong-slippers-mint-fuchsia-50821578.html",
        "category_type": "Fashion"
    },
    {
        "name": "Fashionista Egypt Handmade Designs The Snake's Back Chain And Bracelet Are Gold_ Plated Stainless Steel",
        "price": "EGP 195.50",
        "image_url": "https://eg.jumia.is/unsafe/fit-in/300x300/filters:fill(white)/product/65/918225/1.jpg?6034",
        "product_url": "https://jumia.com.eg/fashionista-egypt-handmade-designs-the-snakes-back-chain-and-bracelet-are-gold-plated-stainless-steel-52281956.html",
        "category_type": "Fashion"
    },
    {
        "name": "Desert Men's Stylish Casual Lace-up Leather Sneakers",
        "price": "EGP 249.00",
        "image_url": "https://eg.jumia.is/unsafe/fit-in/300x300/filters:fill(white)/product/24/818784/1.jpg?2795",
        "product_url": "https://jumia.com.eg/desert-mens-stylish-casual-lace-up-leather-sneakers-48781842.html",
        "category_type": "Fashion"
    },
    {
        "name": "Mesery Bundle Of (2) Shelf Bra Camisoles Adjustable Spaghetti Strap Tank Tops Scoop Neck Layer Cami",
        "price": "EGP 199.00",
        "image_url": "https://eg.jumia.is/unsafe/fit-in/300x300/filters:fill(white)/product/77/104645/1.jpg?8181",
        "product_url": "https://jumia.com.eg/mesery-bundle-of-2-shelf-bra-camisoles-adjustable-spaghetti-strap-tank-tops-scoop-neck-layer-cami-54640177.html",
        "category_type": "Fashion"
    },
    {
        "name": "Mesery Bundle OF (3) Girls Hotshrot",
        "price": "EGP 119.00",
        "image_url": "https://eg.jumia.is/unsafe/fit-in/300x300/filters:fill(white)/product/47/796113/1.jpg?6229",
        "product_url": "https://jumia.com.eg/mesery-bundle-of-3-girls-hotshrot-31169774.html",
        "category_type": "Fashion"
    },
    {
        "name": "Activ Perforated Lace Up Sneakers - Black",
        "price": "EGP 669.00",
        "image_url": "https://eg.jumia.is/unsafe/fit-in/300x300/filters:fill(white)/product/55/159784/1.jpg?3043",
        "product_url": "https://jumia.com.eg/activ-perforated-lace-up-sneakers-black-48795155.html",
        "category_type": "Fashion"
    },
    {
        "name": "Desert Sportive Lace-Up Sneakers For Women - Grey",
        "price": "EGP 169.00",
        "image_url": "https://eg.jumia.is/unsafe/fit-in/300x300/filters:fill(white)/product/86/884525/1.jpg?3736",
        "product_url": "https://jumia.com.eg/desert-sportive-lace-up-sneakers-for-women-grey-52548868.html",
        "category_type": "Fashion"
    },
    {
        "name": "Dice - Bundle Of (3) Boxers For Men & Boys",
        "price": "EGP 158.00 - EGP 212.00",
        "image_url": "https://eg.jumia.is/unsafe/fit-in/300x300/filters:fill(white)/product/87/064964/1.jpg?3692",
        "product_url": "https://jumia.com.eg/dice-bundle-of-3-boxers-for-men-boys-46946078.html",
        "category_type": "Fashion"
    },
    {
        "name": "Bundle OF ( 6) Smart New Women Ankle Socks",
        "price": "EGP 74.99",
        "image_url": "https://eg.jumia.is/unsafe/fit-in/300x300/filters:fill(white)/product/26/805222/1.jpg?1244",
        "product_url": "https://jumia.com.eg/generic-bundle-of-6-smart-new-women-ankle-socks-22250862.html",
        "category_type": "Fashion"
    },
    {
        "name": "Activ Emerald Green, Yellow & Peach Thong Slippers",
        "price": "EGP 199.00",
        "image_url": "https://eg.jumia.is/unsafe/fit-in/300x300/filters:fill(white)/product/99/412805/1.jpg?8457",
        "product_url": "https://jumia.com.eg/activ-emerald-green-yellow-peach-thong-slippers-50821499.html",
        "category_type": "Fashion"
    },
    {
        "name": "Activ White Striped For Dark Mint Thong Slippers",
        "price": "EGP 199.00",
        "image_url": "https://eg.jumia.is/unsafe/fit-in/300x300/filters:fill(white)/product/46/512805/1.jpg?8434",
        "product_url": "https://jumia.com.eg/activ-white-striped-for-dark-mint-thong-slippers-50821564.html",
        "category_type": "Fashion"
    },
    {
        "name": "Women's T-shirt Made Of Ribbed Cotton - Black",
        "price": "EGP 127.49",
        "image_url": "https://eg.jumia.is/unsafe/fit-in/300x300/filters:fill(white)/product/95/843593/1.jpg?1886",
        "product_url": "https://jumia.com.eg/generic-womens-t-shirt-made-of-ribbed-cotton-black-39534859.html",
        "category_type": "Fashion"
    },
    {
        "name": "Activ Bi-Toned Women Thong Slippers - Mauve & Pink",
        "price": "EGP 199.00",
        "image_url": "https://eg.jumia.is/unsafe/fit-in/300x300/filters:fill(white)/product/77/512805/1.jpg?8429",
        "product_url": "https://jumia.com.eg/activ-bi-toned-women-thong-slippers-mauve-pink-50821577.html",
        "category_type": "Fashion"
    },
    {
        "name": "Socks - Set Of (6) Pieces Soket High Quality 100% Cotton",
        "price": "EGP 59.00 - EGP 69.00",
        "image_url": "https://eg.jumia.is/unsafe/fit-in/300x300/filters:fill(white)/product/18/234312/1.jpg?4144",
        "product_url": "https://jumia.com.eg/generic-socks-set-of-6-pieces-soket-high-quality-100-cotton-21343281.html",
        "category_type": "Fashion"
    },
    {
        "name": "Women's T-shirt Made Of Ribbed Cotton - Black",
        "price": "EGP 186.99",
        "image_url": "https://eg.jumia.is/unsafe/fit-in/300x300/filters:fill(white)/product/79/787294/1.jpg?6056",
        "product_url": "https://jumia.com.eg/generic-womens-t-shirt-made-of-ribbed-cotton-black-49278797.html",
        "category_type": "Fashion"
    },
    {
        "name": "Women Long Sleeves Linen Shirt - Black",
        "price": "EGP 297.49",
        "image_url": "https://eg.jumia.is/unsafe/fit-in/300x300/filters:fill(white)/product/19/162377/1.jpg?7906",
        "product_url": "https://jumia.com.eg/generic-women-long-sleeves-linen-shirt-black-77326191.html",
        "category_type": "Fashion"
    },
    {
        "name": "Activ Stripped Rubber Black, Red & White One Thong Flip Flop",
        "price": "EGP 199.00",
        "image_url": "https://eg.jumia.is/unsafe/fit-in/300x300/filters:fill(white)/product/33/849244/1.jpg?9438",
        "product_url": "https://jumia.com.eg/activ-stripped-rubber-black-red-white-one-thong-flip-flop-44294833.html",
        "category_type": "Fashion"
    },
    {
        "name": "Set Of 6 Pairs Short Socks  Sport- High Quality",
        "price": "EGP 49.99 - EGP 64.00",
        "image_url": "https://eg.jumia.is/unsafe/fit-in/300x300/filters:fill(white)/product/36/130922/1.jpg?2846",
        "product_url": "https://jumia.com.eg/generic-set-of-6-pairs-short-socks-sport-high-quality-22903163.html",
        "category_type": "Fashion"
    },
    {
        "name": "Slippers For Unisex -",
        "price": "EGP 135.00",
        "image_url": "https://eg.jumia.is/unsafe/fit-in/300x300/filters:fill(white)/product/16/515835/1.jpg?6720",
        "product_url": "https://jumia.com.eg/generic-slippers-for-unisex-53851561.html",
        "category_type": "Fashion"
    },
    {
        "name": "ADIDAS LZQ53 Running Duramo Sl Shoes- Pink",
        "price": "EGP 2,150.00 - EGP 4,999.00",
        "image_url": "https://eg.jumia.is/unsafe/fit-in/300x300/filters:fill(white)/product/25/376625/1.jpg?2484",
        "product_url": "https://jumia.com.eg/adidas-lzq53-running-duramo-sl-shoes-pink-52667352.html",
        "category_type": "Fashion"
    },
    {
        "name": "LC Waikiki Plain Long Sleeve Women's Shirt Tunic",
        "price": "EGP 359.00",
        "image_url": "https://eg.jumia.is/unsafe/fit-in/300x300/filters:fill(white)/product/78/966016/1.jpg?6250",
        "product_url": "https://jumia.com.eg/lc-waikiki-plain-long-sleeve-womens-shirt-tunic-61066987.html",
        "category_type": "Fashion"
    },
    {
        "name": "Activ Pinapple Prints Allover Baby Blue Thong Slipper",
        "price": "EGP 199.00",
        "image_url": "https://eg.jumia.is/unsafe/fit-in/300x300/filters:fill(white)/product/21/479054/1.jpg?8047",
        "product_url": "https://jumia.com.eg/activ-pinapple-prints-allover-baby-blue-thong-slipper-45097412.html",
        "category_type": "Fashion"
    }
]