[
    {
        "name": "Tornado Electric Blender 500 Watt, 1.5 Liter, Mill, Black NBL500/1",
        "price": "EGP 1,243.00",
        "image_url": "https://eg.jumia.is/unsafe/fit-in/300x300/filters:fill(white)/product/70/539993/1.jpg?2728",
        "product_url": "https://jumia.com.eg/tornado-electric-blender-500-watt-1.5-liter-mill-black-nbl5001-39993507.html",
        "category_type": "Appliances"
    },
    {
        "name": "Philips HD9270  Essential Airfryer XL 50hz",
        "price": "EGP 7,250.00",
        "image_url": "https://eg.jumia.is/unsafe/fit-in/300x300/filters:fill(white)/product/78/369422/1.jpg?6545",
        "product_url": "https://jumia.com.eg/hd9270-essential-airfryer-xl-50hz-philips-mpg933861.html",
        "category_type": "Appliances"
    },
    {
        "name": "Fresh Electric Kettle - 1.7L-Black",
        "price": "EGP 625.00",
        "image_url": "https://eg.jumia.is/unsafe/fit-in/300x300/filters:fill(white)/product/78/619133/1.jpg?5903",
        "product_url": "https://jumia.com.eg/electric-kettle-1.7l-black-fresh-mpg932226.html",
        "category_type": "Appliances"
    },
    {
        "name": "BLACK+DECKER Black & Decker Digital Air Fryer, 5.8 Liters,1700 Watt - AF700",
        "price": "EGP 5,630.00",
        "image_url": "https://eg.jumia.is/unsafe/fit-in/300x300/filters:fill(white)/product/86/471973/1.jpg?8210",
        "product_url": "https://jumia.com.eg/black-decker-digital-air-fryer-5.8-liters1700-watt-af700-blackdecker-mpg932129.html",
        "category_type": "Appliances"
    },
    {
        "name": "Sharp Microwave Grill 25 Liter, 900 Watt , Silver - R-75MT(S)",
        "price": "EGP 5,749.00",
        "image_url": "https://eg.jumia.is/unsafe/fit-in/300x300/filters:fill(white)/product/72/798484/1.jpg?8426",
        "product_url": "https://jumia.com.eg/microwave-grill-25-liter-900-watt-6-menus-silver-r-75mts-sharp-mpg933878.html",
        "category_type": "Appliances"
    },
    {
        "name": "Beko FRL 2244 B-Air Fryer \u2013 4.7L Pot capacity & 3.9L basket capacity \u2013 1500 Watt \u2013Black.",
        "price": "EGP 4,299.00",
        "image_url": "https://eg.jumia.is/unsafe/fit-in/300x300/filters:fill(white)/product/57/031485/1.jpg?6322",
        "product_url": "https://jumia.com.eg/beko-frl-2244-b-air-fryer-4.7l-pot-capacity-3.9l-basket-capacity-1500-watt-black.-58413075.html",
        "category_type": "Appliances"
    },
    {
        "name": "Fresh Mechanical Microwave  - 25 L - Black",
        "price": "EGP 4,599.00",
        "image_url": "https://eg.jumia.is/unsafe/fit-in/300x300/filters:fill(white)/product/66/172974/1.jpg?1808",
        "product_url": "https://jumia.com.eg/fresh-mechanical-microwave-25-l-black-47927166.html",
        "category_type": "Appliances"
    },
    {
        "name": "Kenwood Air Fryer Without Oil, 1800 Watt, 5.5 Liters, Touch Screen, Black - HFP50.000BK",
        "price": "EGP 5,530.00",
        "image_url": "https://eg.jumia.is/unsafe/fit-in/300x300/filters:fill(white)/product/22/287903/1.jpg?9844",
        "product_url": "https://jumia.com.eg/air-fryer-without-oil-1800-watt-5.5-liters-touch-screen-black-hfp50.000bk-kenwood-mpg962848.html",
        "category_type": "Appliances"
    },
    {
        "name": "Sokany Recharge Nescafe Racket, Foam Maker-(SK-201A)BLACK",
        "price": "EGP 333.00",
        "image_url": "https://eg.jumia.is/unsafe/fit-in/300x300/filters:fill(white)/product/97/711705/1.jpg?2094",
        "product_url": "https://jumia.com.eg/sokany-recharge-nescafe-racket-foam-maker-sk-201ablack-50711779.html",
        "category_type": "Appliances"
    },
    {
        "name": "Sandwich Maker - 1000 Watt",
        "price": "EGP 615.00",
        "image_url": "https://eg.jumia.is/unsafe/fit-in/300x300/filters:fill(white)/product/27/394162/1.jpg?8372",
        "product_url": "https://jumia.com.eg/sandwich-maker-750w-g-generic-mpg876810.html",
        "category_type": "Appliances"
    },
    {
        "name": "Braun MQ 5245 WH With Attachments - 1000 Watt - White / Gray MultiQuick 5 Hand Blender",
        "price": "EGP 3,689.00",
        "image_url": "https://eg.jumia.is/unsafe/fit-in/300x300/filters:fill(white)/product/58/369422/1.jpg?6545",
        "product_url": "https://jumia.com.eg/mq-5245-multiquick-5-vario-hand-blender-with-attachments-1000-watt-whitegrey-braun-mpg932180.html",
        "category_type": "Appliances"
    },
    {
        "name": "Sokany Recharge Nescafe Racket, Foam Maker-(SK-201A) White",
        "price": "EGP 311.00",
        "image_url": "https://eg.jumia.is/unsafe/fit-in/300x300/filters:fill(white)/product/59/030616/1.jpg?8065",
        "product_url": "https://jumia.com.eg/sokany-recharge-nescafe-racket-foam-maker-sk-201a-white-61603095.html",
        "category_type": "Appliances"
    },
    {
        "name": "Philips Essential Air Fryer, Analogue, Black, 50 Hz, HD9200/91",
        "price": "EGP 4,489.00",
        "image_url": "https://eg.jumia.is/unsafe/fit-in/300x300/filters:fill(white)/product/98/774922/1.jpg?2848",
        "product_url": "https://jumia.com.eg/essential-air-fryer-analogue-black-50-hz-hd920091-philips-mpg933853.html",
        "category_type": "Appliances"
    },
    {
        "name": "Kenwood Glass Blender 1000W Power Blender Smoothie Blm45.720Ss",
        "price": "EGP 3,489.00",
        "image_url": "https://eg.jumia.is/unsafe/fit-in/300x300/filters:fill(white)/product/13/798484/1.jpg?8425",
        "product_url": "https://jumia.com.eg/glass-blender-1000w-power-blender-smoothie-blm45.720ss-kenwood-mpg933774.html",
        "category_type": "Appliances"
    },
    {
        "name": "BLACK+DECKER XL Digital Air Fryer 1800W - 5.6 L/1.5Kg Capacity With Rapid Hot Air Circulation AF575-B5",
        "price": "EGP 5,010.00",
        "image_url": "https://eg.jumia.is/unsafe/fit-in/300x300/filters:fill(white)/product/60/605554/1.jpg?1306",
        "product_url": "https://jumia.com.eg/xl-digital-air-fryer-1800w-5.6-l1.5kg-capacity-with-rapid-hot-air-circulation-af575-b5-blackdecker-mpg946512.html",
        "category_type": "Appliances"
    },
    {
        "name": "Stainless Steel Kettle - 1.5l",
        "price": "EGP 259.00",
        "image_url": "https://eg.jumia.is/unsafe/fit-in/300x300/filters:fill(white)/product/60/125612/1.jpg?4384",
        "product_url": "https://jumia.com.eg/stainless-steel-kettle-1.5l-genres-mpg847117.html",
        "category_type": "Appliances"
    },
    {
        "name": "Kenwood Air Fryer Without Oil, 11 Liter, 2000 Watt, Black - HFP90",
        "price": "EGP 6,444.00",
        "image_url": "https://eg.jumia.is/unsafe/fit-in/300x300/filters:fill(white)/product/52/287903/1.jpg?9844",
        "product_url": "https://jumia.com.eg/air-fryer-without-oil-11-liter-2000-watt-black-hfp90-kenwood-mpg933773.html",
        "category_type": "Appliances"
    },
    {
        "name": "Sokany Coffee Maker 214",
        "price": "EGP 464.00",
        "image_url": "https://eg.jumia.is/unsafe/fit-in/300x300/filters:fill(white)/product/39/869464/1.jpg?3297",
        "product_url": "https://jumia.com.eg/sokany-coffee-maker-214-46496893.html",
        "category_type": "Appliances"
    },
    {
        "name": "Tornado TKS-2217E 1850-2200watt 1.7L Stainless Steel Electric Kettle",
        "price": "EGP 1,199.00",
        "image_url": "https://eg.jumia.is/unsafe/fit-in/300x300/filters:fill(white)/product/12/435907/1.jpg?9039",
        "product_url": "https://jumia.com.eg/tornado-tks-2217e-1850-2200watt-1.7l-stainless-steel-electric-kettle-70953421.html",
        "category_type": "Appliances"
    },
    {
        "name": "Sokany Sandwich Maker  - 750 W",
        "price": "EGP 860.00",
        "image_url": "https://eg.jumia.is/unsafe/fit-in/300x300/filters:fill(white)/product/16/967952/1.jpg?1145",
        "product_url": "https://jumia.com.eg/sandwich-maker-750-w-sokany-mpg933961.html",
        "category_type": "Appliances"
    },
    {
        "name": "BLACK+DECKER 3 In 1 Interchangeable Sandwich Maker, Black, TS2130-B5",
        "price": "EGP 1,899.00",
        "image_url": "https://eg.jumia.is/unsafe/fit-in/300x300/filters:fill(white)/product/77/420315/1.jpg?0124",
        "product_url": "https://jumia.com.eg/3-in-1-interchangeable-sandwich-maker-black-ts2130-b5-blackdecker-mpg932140.html",
        "category_type": "Appliances"
    },
    {
        "name": "LG MH8265CIS Neo Chef Inverter Microwave With Grill - 42 Liter",
        "price": "EGP 8,266.00",
        "image_url": "https://eg.jumia.is/unsafe/fit-in/300x300/filters:fill(white)/product/42/842722/1.jpg?9804",
        "product_url": "https://jumia.com.eg/mh8265cis-neo-chef-inverter-microwave-with-grill-42-liter-lg-mpg933794.html",
        "category_type": "Appliances"
    },
    {
        "name": "Sharp SJSJ-PC48A(BK) Refrigerator \u2013 384L - Black",
        "price": "EGP 26,399.00",
        "image_url": "https://eg.jumia.is/unsafe/fit-in/300x300/filters:fill(white)/product/12/531272/1.jpg?1926",
        "product_url": "https://jumia.com.eg/sharp-sjsj-pc48abk-refrigerator-384l-black-27213521.html",
        "category_type": "Appliances"
    },
    {
        "name": "Dms Hot Air Fryer - 1800 Watt - 6L",
        "price": "EGP 5,642.50",
        "image_url": "https://eg.jumia.is/unsafe/fit-in/300x300/filters:fill(white)/product/37/298602/1.jpg?9931",
        "product_url": "https://jumia.com.eg/hot-air-fryer-1800-watt-6l-dms-mpg857727.html",
        "category_type": "Appliances"
    },
    {
        "name": "Sokany Healthy Air Fryer  Touch Screen Digital - 3.8L SK-8011 Black",
        "price": "EGP 2,889.00",
        "image_url": "https://eg.jumia.is/unsafe/fit-in/300x300/filters:fill(white)/product/37/588532/1.jpg?0142",
        "product_url": "https://jumia.com.eg/healthy-air-fryer-sokany-touch-screen-digital-3.8l-sk-8011-sokany-mpg933901.html",
        "category_type": "Appliances"
    },
    {
        "name": "Tornado Vacuum Blender 1000 Watt, 1.5 Liter, Extra 0.6 Liter Bottle, White TVBL-1000LI",
        "price": "EGP 3,299.00",
        "image_url": "https://eg.jumia.is/unsafe/fit-in/300x300/filters:fill(white)/product/13/188753/1.jpg?0186",
        "product_url": "https://jumia.com.eg/tornado-vacuum-blender-1000-watt-1.5-liter-extra-0.6-liter-bottle-white-tvbl-1000li-35788131.html",
        "category_type": "Appliances"
    },
    {
        "name": "HOHO Electric Stainless Steel Kettle - 1.5L \u2013 Silver+GIFT Bag Dukan Alaa",
        "price": "EGP 299.00",
        "image_url": "https://eg.jumia.is/unsafe/fit-in/300x300/filters:fill(white)/product/17/574303/1.jpg?3525",
        "product_url": "https://jumia.com.eg/hoho-electric-stainless-steel-kettle-1.5l-silvergift-bag-dukan-alaa-30347571.html",
        "category_type": "Appliances"
    },
    {
        "name": "Sokany Healthy Air Fryer Touch Screen Digital - 3.8L SK-8011",
        "price": "EGP 2,985.00",
        "image_url": "https://eg.jumia.is/unsafe/fit-in/300x300/filters:fill(white)/product/91/104773/1.jpg?5023",
        "product_url": "https://jumia.com.eg/sokany-healthy-air-fryer-touch-screen-digital-3.8l-sk-8011-37740119.html",
        "category_type": "Appliances"
    },
    {
        "name": "Braun MultiQuick 3 Hand Blender MQ 3135  - 900W",
        "price": "EGP 2,769.00",
        "image_url": "https://eg.jumia.is/unsafe/fit-in/300x300/filters:fill(white)/product/39/898215/1.jpg?6979",
        "product_url": "https://jumia.com.eg/multiquick-3-hand-blender-mq-3135-900w-braun-mpg932174.html",
        "category_type": "Appliances"
    },
    {
        "name": "Sokany Electric Kettle 1,0 L -1200 W / Black (SK-0808)",
        "price": "EGP 499.00",
        "image_url": "https://eg.jumia.is/unsafe/fit-in/300x300/filters:fill(white)/product/50/592862/1.jpg?2766",
        "product_url": "https://jumia.com.eg/sokany-electric-kettle-10-l-1200-w-black-sk-0808-26829505.html",
        "category_type": "Appliances"
    },
    {
        "name": "Sokany Electric Kettle 0.5 Liter - 600 W",
        "price": "EGP 525.00",
        "image_url": "https://eg.jumia.is/unsafe/fit-in/300x300/filters:fill(white)/product/90/734094/1.jpg?2943",
        "product_url": "https://jumia.com.eg/sokany-electric-kettle-0.5-liter-600-w-49043709.html",
        "category_type": "Appliances"
    },
    {
        "name": "Hot Plate Electric Cooking - Single - 1000 W 1pcs",
        "price": "EGP 359.00",
        "image_url": "https://eg.jumia.is/unsafe/fit-in/300x300/filters:fill(white)/product/85/310805/1.jpg?2884",
        "product_url": "https://jumia.com.eg/generic-hot-plate-electric-cooking-single-1000-w-1pcs-50801358.html",
        "category_type": "Appliances"
    },
    {
        "name": "Sokany Electric Water Kettle 2.3 Liter",
        "price": "EGP 540.00",
        "image_url": "https://eg.jumia.is/unsafe/fit-in/300x300/filters:fill(white)/product/55/998816/1.jpg?5205",
        "product_url": "https://jumia.com.eg/sokany-electric-water-kettle-2.3-liter-61889955.html",
        "category_type": "Appliances"
    },
    {
        "name": "Jac NGM:2002B Microwave - 20L - 1200 Watt - Black",
        "price": "EGP 3,474.00",
        "image_url": "https://eg.jumia.is/unsafe/fit-in/300x300/filters:fill(white)/product/00/979915/1.jpg?3444",
        "product_url": "https://jumia.com.eg/ngm2002b-microwave-20l-1200-watt-black-jac-mpg933757.html",
        "category_type": "Appliances"
    },
    {
        "name": "Nescafe Whisk, A Milk Frother, That Works By Charging.",
        "price": "EGP 199.00",
        "image_url": "https://eg.jumia.is/unsafe/fit-in/300x300/filters:fill(white)/product/73/963226/1.jpg?3608",
        "product_url": "https://jumia.com.eg/generic-nescafe-whisk-a-milk-frother-that-works-by-charging.-62236937.html",
        "category_type": "Appliances"
    },
    {
        "name": "Sokany 7 IN 1 Multifunctional SANDWICH MAKER (Sandwich,Toast,Waffle,Omelet,Muffin Cake,Donut Bubble,grill And Baking)SK-907",
        "price": "EGP 2,129.00",
        "image_url": "https://eg.jumia.is/unsafe/fit-in/300x300/filters:fill(white)/product/73/423382/1.jpg?9354",
        "product_url": "https://jumia.com.eg/7-in-1-multifunctional-sandwich-maker-sandwichtoastwaffleomeletmuffin-cakedonut-bubblegrill-and-baking-sokany-mpg1015273.html",
        "category_type": "Appliances"
    },
    {
        "name": "Portable Hand Mixer Machine With 7 Speed + 4 Pcs Stainless Blender",
        "price": "EGP 388.70",
        "image_url": "https://eg.jumia.is/unsafe/fit-in/300x300/filters:fill(white)/product/80/944322/1.jpg?7244",
        "product_url": "https://jumia.com.eg/portable-hand-mixer-machine-with-7-speed-4-pcs-stainless-blender-generic-mpg890939.html",
        "category_type": "Appliances"
    },
    {
        "name": "Sokany Hand Blender 4 In 1 Stainless Steel Food Processor Grinder Egg Whisk Beaker Chopper - 1000 Watt",
        "price": "EGP 1,799.00",
        "image_url": "https://eg.jumia.is/unsafe/fit-in/300x300/filters:fill(white)/product/69/989852/1.jpg?4166",
        "product_url": "https://jumia.com.eg/sokany-hand-blender-4-in-1-stainless-steel-food-processor-grinder-egg-whisk-beaker-chopper-1000-watt-25898996.html",
        "category_type": "Appliances"
    },
    {
        "name": "Sokany Sk-758 Stainless Steel Hand Blender - 1200 Watt - With Ice Crushing Blades - Copper Motor",
        "price": "EGP 1,490.00",
        "image_url": "https://eg.jumia.is/unsafe/fit-in/300x300/filters:fill(white)/product/44/820643/1.jpg?0788",
        "product_url": "https://jumia.com.eg/sk-758-stainless-steel-hand-blender-1200-watt-with-ice-crushing-blades-copper-motor-sokany-mpg933950.html",
        "category_type": "Appliances"
    },
    {
        "name": "Mazaia- Portable & Rechargeable Personal Size Blender - 380ML",
        "price": "EGP 233.33",
        "image_url": "https://eg.jumia.is/unsafe/fit-in/300x300/filters:fill(white)/product/80/572512/1.jpg?2943",
        "product_url": "https://jumia.com.eg/portable-rechargeable-personal-size-blender-380ml-generic-mpg1015160.html",
        "category_type": "Appliances"
    },
    {
        "name": "Sokany Electric Water Kettle 1 Liter -1200 W",
        "price": "EGP 550.00",
        "image_url": "https://eg.jumia.is/unsafe/fit-in/300x300/filters:fill(white)/product/71/183973/1.jpg?6283",
        "product_url": "https://jumia.com.eg/sokany-electric-water-kettle-1-liter-1200-w-37938117.html",
        "category_type": "Appliances"
    },
    {
        "name": "BLACK+DECKER AF5539-B5 Black & Decker Digital Air Fryer, 5.5 Black",
        "price": "EGP 4,749.00",
        "image_url": "https://eg.jumia.is/unsafe/fit-in/300x300/filters:fill(white)/product/98/620284/1.jpg?5203",
        "product_url": "https://jumia.com.eg/blackdecker-af5539-b5-black-decker-digital-air-fryer-5.5-black-48202689.html",
        "category_type": "Appliances"
    },
    {
        "name": "Tornado Electric Oven 46 Liter 1800 Watt Grill Fan Black TEO-46NE(K)",
        "price": "EGP 3,339.00",
        "image_url": "https://eg.jumia.is/unsafe/fit-in/300x300/filters:fill(white)/product/90/539993/1.jpg?2729",
        "product_url": "https://jumia.com.eg/tornado-electric-oven-46-liter-1800-watt-grill-fan-black-teo-46nek-39993509.html",
        "category_type": "Appliances"
    },
    {
        "name": "Nescafe Whisk, A Milk Frother, That Works By Charging.",
        "price": "EGP 199.00",
        "image_url": "https://eg.jumia.is/unsafe/fit-in/300x300/filters:fill(white)/product/14/963226/1.jpg?3608",
        "product_url": "https://jumia.com.eg/generic-nescafe-whisk-a-milk-frother-that-works-by-charging.-62236941.html",
        "category_type": "Appliances"
    },
    {
        "name": "Sokany Air Fryer Without Oil The Healthy Air Fryer With A Digital Touch Screen- 8.5 Liters 1800W Model 10004",
        "price": "EGP 4,839.00",
        "image_url": "https://eg.jumia.is/unsafe/fit-in/300x300/filters:fill(white)/product/14/520315/1.jpg?9696",
        "product_url": "https://jumia.com.eg/sokany-air-fryer-without-oil-the-healthy-air-fryer-with-a-digital-touch-screen-8.5-liters-1800w-model-10004-51302541.html",
        "category_type": "Appliances"
    },
    {
        "name": "BLACK+DECKER XL Digital Air Fryer 1800W 5.6L/1.5Kg AF625-B5.",
        "price": "EGP 5,390.00",
        "image_url": "https://eg.jumia.is/unsafe/fit-in/300x300/filters:fill(white)/product/96/929843/1.jpg?4345",
        "product_url": "https://jumia.com.eg/xl-digital-air-fryer-1800w-7l1.5kg-capacity-with-rapid-hot-air-circulation-af625-b5-blackdecker-mpg895310.html",
        "category_type": "Appliances"
    },
    {
        "name": "Sokany Digital Fryer, 8.5 Liters 1800 Watt, SE-10004 Black",
        "price": "EGP 5,150.00",
        "image_url": "https://eg.jumia.is/unsafe/fit-in/300x300/filters:fill(white)/product/53/620315/1.jpg?0109",
        "product_url": "https://jumia.com.eg/sokany-digital-fryer-8.5-liters-1800-watt-se-10004-black-51302635.html",
        "category_type": "Appliances"
    },
    {
        "name": "Enzo Blender And Grinder 2 In 1 High Force 10.000 Watts 15 Speed Power",
        "price": "EGP 1,890.00",
        "image_url": "https://eg.jumia.is/unsafe/fit-in/300x300/filters:fill(white)/product/56/341804/1.jpg?2904",
        "product_url": "https://jumia.com.eg/enzo-blender-and-grinder-2-in-1-high-force-10.000-watts-15-speed-power-40814365.html",
        "category_type": "Appliances"
    },
    {
        "name": "Sokany Multi-purpose Blender 9 Speed - 5000 W - 2.5L - Copper Motor - SK-666",
        "price": "EGP 1,741.00",
        "image_url": "https://eg.jumia.is/unsafe/fit-in/300x300/filters:fill(white)/product/21/422813/1.jpg?7394",
        "product_url": "https://jumia.com.eg/sokany-multi-purpose-blender-9-speed-5000-w-2.5l-copper-motor-sk-666-31822412.html",
        "category_type": "Appliances"
    },
    {
        "name": "Kenwood HFP80, Kenwood Air Fryer Without Oil, 7 Liters, Touch Screen, Black",
        "price": "EGP 7,290.00",
        "image_url": "https://eg.jumia.is/unsafe/fit-in/300x300/filters:fill(white)/product/27/954244/1.jpg?6405",
        "product_url": "https://jumia.com.eg/kenwood-hfp80-kenwood-air-fryer-without-oil-7-liters-touch-screen-black-44245972.html",
        "category_type": "Appliances"
    },
    {
        "name": "Philips HR1565/40 Hand Mixer - 400W - White",
        "price": "EGP 1,631.00",
        "image_url": "https://eg.jumia.is/unsafe/fit-in/300x300/filters:fill(white)/product/99/669202/1.jpg?3643",
        "product_url": "https://jumia.com.eg/hr156540-hand-mixer-white-philips-mpg121765.html",
        "category_type": "Appliances"
    },
    {
        "name": "Sokany SK-758 Hand Blender Stainless 1200 Watt",
        "price": "EGP 1,215.00",
        "image_url": "https://eg.jumia.is/unsafe/fit-in/300x300/filters:fill(white)/product/31/710376/1.jpg?4256",
        "product_url": "https://jumia.com.eg/sokany-sk-758-hand-blender-stainless-1200-watt-67301713.html",
        "category_type": "Appliances"
    },
    {
        "name": "Sokany Turkish Coffee Maker - 3Cups",
        "price": "EGP 295.00",
        "image_url": "https://eg.jumia.is/unsafe/fit-in/300x300/filters:fill(white)/product/32/729392/1.jpg?0908",
        "product_url": "https://jumia.com.eg/sokany-turkish-coffee-maker-3cups-29392723.html",
        "category_type": "Appliances"
    },
    {
        "name": "Jamaky Sandwich Maker - 1000 Watt",
        "price": "EGP 640.00",
        "image_url": "https://eg.jumia.is/unsafe/fit-in/300x300/filters:fill(white)/product/63/196114/1.jpg?0135",
        "product_url": "https://jumia.com.eg/jamaky-sandwich-maker-1000-watt-41169136.html",
        "category_type": "Appliances"
    },
    {
        "name": "Sports Juice Blender Works By Charging",
        "price": "EGP 312.20",
        "image_url": "https://eg.jumia.is/unsafe/fit-in/300x300/filters:fill(white)/product/98/610733/1.jpg?4151",
        "product_url": "https://jumia.com.eg/sports-juice-blender-works-by-charging-generic-mpg933112.html",
        "category_type": "Appliances"
    },
    {
        "name": "Samsung Microwave Oven & Grill \u2013 40 Liters - MG402MADXBB",
        "price": "EGP 8,416.00",
        "image_url": "https://eg.jumia.is/unsafe/fit-in/300x300/filters:fill(white)/product/93/696554/1.jpg?7723",
        "product_url": "https://jumia.com.eg/samsung-microwave-oven-grill-40-liters-mg402madxbb-45569639.html",
        "category_type": "Appliances"
    },
    {
        "name": "Grouhy Rony Electric Oven, 48 Liters, With Lighting, Grill, And Fan",
        "price": "EGP 1,950.00",
        "image_url": "https://eg.jumia.is/unsafe/fit-in/300x300/filters:fill(white)/product/77/320315/1.jpg?0135",
        "product_url": "https://jumia.com.eg/grouhy-rony-electric-oven-48-liters-with-lighting-grill-and-fan-51302377.html",
        "category_type": "Appliances"
    },
    {
        "name": "Flamngo FM-3000 Electric Kettle - 1.5 Liters",
        "price": "EGP 285.00",
        "image_url": "https://eg.jumia.is/unsafe/fit-in/300x300/filters:fill(white)/product/59/987142/1.jpg?5563",
        "product_url": "https://jumia.com.eg/flamngo-fm-3000-electric-kettle-1.5-liters-24178995.html",
        "category_type": "Appliances"
    },
    {
        "name": "BLACK+DECKER Sandwich Maker, 750 Watt, Black - TS2000 - Toaster",
        "price": "EGP 1,199.00",
        "image_url": "https://eg.jumia.is/unsafe/fit-in/300x300/filters:fill(white)/product/32/339172/1.jpg?4273",
        "product_url": "https://jumia.com.eg/blackdecker-sandwich-maker-750-watt-black-ts2000-toaster-27193323.html",
        "category_type": "Appliances"
    },
    {
        "name": "Philips  Airfryer , 5 Portions, 6.2L Capacity, Wifi Connected (NutriU App), Alexa Compatible, Digital Display, 7 Presets, Black, HD9280/91,International warranty - 220V supply voltage and 50Hz",
        "price": "EGP 7,699.00",
        "image_url": "https://eg.jumia.is/unsafe/fit-in/300x300/filters:fill(white)/product/23/183898/1.jpg?6076",
        "product_url": "https://jumia.com.eg/philips-airfryer-5-portions-6.2l-capacity-wifi-connected-nutriu-app-alexa-compatible-digital-display-7-presets-black-hd928091international-warranty-220v-supply-voltage-and-50hz-89838132.html",
        "category_type": "Appliances"
    },
    {
        "name": "Sokany Multi-purpose Blender 7 Speed - 4500 W - SK-444",
        "price": "EGP 1,502.00",
        "image_url": "https://eg.jumia.is/unsafe/fit-in/300x300/filters:fill(white)/product/07/746392/1.jpg?2097",
        "product_url": "https://jumia.com.eg/sokany-multi-purpose-blender-7-speed-4500-w-sk-444-29364770.html",
        "category_type": "Appliances"
    },
    {
        "name": "Fresh Electric Kettle - 1.7L-Black",
        "price": "EGP 650.00",
        "image_url": "https://eg.jumia.is/unsafe/fit-in/300x300/filters:fill(white)/product/79/619133/1.jpg?8282",
        "product_url": "https://jumia.com.eg/fresh-electric-kettle-1.7l-black-33191697.html",
        "category_type": "Appliances"
    },
    {
        "name": "Sokany Digital Air Fryer Without Oil, 1800 Watt, 8.5 Liters, Black - SK-10004",
        "price": "EGP 4,990.00",
        "image_url": "https://eg.jumia.is/unsafe/fit-in/300x300/filters:fill(white)/product/07/943226/1.jpg?9704",
        "product_url": "https://jumia.com.eg/sokany-digital-air-fryer-without-oil-1800-watt-8.5-liters-black-sk-10004-62234970.html",
        "category_type": "Appliances"
    },
    {
        "name": "Dsp Electric Waffle Maker - 800W + Gift Bag",
        "price": "EGP 920.00",
        "image_url": "https://eg.jumia.is/unsafe/fit-in/300x300/filters:fill(white)/product/53/189852/1.jpg?8627",
        "product_url": "https://jumia.com.eg/dsp-electric-waffle-maker-800w-gift-bag-25898135.html",
        "category_type": "Appliances"
    },
    {
        "name": "Sharp R-750MR(S) Microwave with Grill \u2013 25 Liter",
        "price": "EGP 7,399.00",
        "image_url": "https://eg.jumia.is/unsafe/fit-in/300x300/filters:fill(white)/product/06/42505/1.jpg?3635",
        "product_url": "https://jumia.com.eg/sharp-r-750mrs-microwave-with-grill-25-liter-5052460.html",
        "category_type": "Appliances"
    },
    {
        "name": "Sokany Healthy Air Fryer  - 8.5L  AF-005",
        "price": "EGP 4,500.00",
        "image_url": "https://eg.jumia.is/unsafe/fit-in/300x300/filters:fill(white)/product/49/535122/1.jpg?0609",
        "product_url": "https://jumia.com.eg/healthy-air-fryer-8.5l-af-005-sokany-mpg933909.html",
        "category_type": "Appliances"
    },
    {
        "name": "Jac Microwave 25L \u2013 Model NGM-25D2W",
        "price": "EGP 4,721.00",
        "image_url": "https://eg.jumia.is/unsafe/fit-in/300x300/filters:fill(white)/product/00/694315/1.jpg?5547",
        "product_url": "https://jumia.com.eg/jac-microwave-25l-model-ngm-25d2w-51349600.html",
        "category_type": "Appliances"
    },
    {
        "name": "Enzo Blender Without Grinder  High Force 10.000 Watts 15 Speed Power",
        "price": "EGP 1,539.00",
        "image_url": "https://eg.jumia.is/unsafe/fit-in/300x300/filters:fill(white)/product/75/954244/1.jpg?5533",
        "product_url": "https://jumia.com.eg/blender-without-grinder-high-force-10.000-watts-15-speed-power-enzo-mpg932205.html",
        "category_type": "Appliances"
    },
    {
        "name": "Sokany Recharge Nescafe Racket, Foam Maker- 1 Pcs",
        "price": "EGP 380.00",
        "image_url": "https://eg.jumia.is/unsafe/fit-in/300x300/filters:fill(white)/product/38/683722/1.jpg?8829",
        "product_url": "https://jumia.com.eg/nescafe-racket-foam-maker-usb-rechargeable-and-eggbeater-sokany-mpg933887.html",
        "category_type": "Appliances"
    },
    {
        "name": "BLACK+DECKER AF300 Air Fryer  - 4.0L - 1.2KG",
        "price": "EGP 4,299.00",
        "image_url": "https://eg.jumia.is/unsafe/fit-in/300x300/filters:fill(white)/product/93/213574/1.jpg?8563",
        "product_url": "https://jumia.com.eg/af300-air-fryer-4.0l-1.2kg-blackdecker-mpg932115.html",
        "category_type": "Appliances"
    },
    {
        "name": "Black & White Glass Water Kettle - 2L",
        "price": "EGP 825.00",
        "image_url": "https://eg.jumia.is/unsafe/fit-in/300x300/filters:fill(white)/product/99/752194/1.jpg?5923",
        "product_url": "https://jumia.com.eg/glass-water-kettle-2l-black-white-mpg932107.html",
        "category_type": "Appliances"
    },
    {
        "name": "Fresh Ceramic Single Hot Plate  - 1500 W",
        "price": "EGP 1,499.00",
        "image_url": "https://eg.jumia.is/unsafe/fit-in/300x300/filters:fill(white)/product/16/253993/1.jpg?5206",
        "product_url": "https://jumia.com.eg/fresh-ceramic-single-hot-plate-1500-w-39935261.html",
        "category_type": "Appliances"
    },
    {
        "name": "Kenwood JE280 Citrus Juicer \u2013 40W \u2013 White",
        "price": "EGP 1,399.00",
        "image_url": "https://eg.jumia.is/unsafe/fit-in/300x300/filters:fill(white)/product/48/999713/1.jpg?5228",
        "product_url": "https://jumia.com.eg/kenwood-je280-citrus-juicer-40w-white-31799984.html",
        "category_type": "Appliances"
    },
    {
        "name": "Sokany Stand Mixer, 4 Liters, 5 Speeds, 1000 W ,Sokany Mod 6662",
        "price": "EGP 2,099.00",
        "image_url": "https://eg.jumia.is/unsafe/fit-in/300x300/filters:fill(white)/product/82/393876/1.jpg?4436",
        "product_url": "https://jumia.com.eg/sokany-stand-mixer-4-liters-5-speeds-1000-w-sokany-mod-6662-67839328.html",
        "category_type": "Appliances"
    },
    {
        "name": "City Yogurt Making Machine Cups, Spare Parts, 4 Pieces",
        "price": "EGP 105.00",
        "image_url": "https://eg.jumia.is/unsafe/fit-in/300x300/filters:fill(white)/product/62/277314/1.jpg?5862",
        "product_url": "https://jumia.com.eg/city-yogurt-making-machine-cups-spare-parts-4-pieces-41377226.html",
        "category_type": "Appliances"
    },
    {
        "name": "High Performance Stainless Steel Fryer - 6 L Black",
        "price": "EGP 1,399.00",
        "image_url": "https://eg.jumia.is/unsafe/fit-in/300x300/filters:fill(white)/product/37/358094/1.jpg?0583",
        "product_url": "https://jumia.com.eg/generic-high-performance-stainless-steel-fryer-6-l-black-49085373.html",
        "category_type": "Appliances"
    },
    {
        "name": "Nescafe Whisk, A Milk Frother, That Works By Charging.",
        "price": "EGP 199.00",
        "image_url": "https://eg.jumia.is/unsafe/fit-in/300x300/filters:fill(white)/product/98/546146/1.jpg?1196",
        "product_url": "https://jumia.com.eg/generic-nescafe-whisk-a-milk-frother-that-works-by-charging.-64164589.html",
        "category_type": "Appliances"
    },
    {
        "name": "Sokany HY-802 Grill & Sandwich Maker - 750 Watt - Perfect Grilling In 5 Minutes White",
        "price": "EGP 790.00",
        "image_url": "https://eg.jumia.is/unsafe/fit-in/300x300/filters:fill(white)/product/70/246783/1.jpg?7944",
        "product_url": "https://jumia.com.eg/grill-sandwich-maker-750-w-white-sokany-mpg1015270.html",
        "category_type": "Appliances"
    },
    {
        "name": "Jamaky Electric Waffle Maker - 1500 Watt",
        "price": "EGP 850.00",
        "image_url": "https://eg.jumia.is/unsafe/fit-in/300x300/filters:fill(white)/product/83/196114/1.jpg?8184",
        "product_url": "https://jumia.com.eg/jamaky-electric-waffle-maker-1500-watt-41169138.html",
        "category_type": "Appliances"
    },
    {
        "name": "BLACK+DECKER Air Fryer - 4 Liter -1.2Kg Performance Range Aerofry- Af300",
        "price": "EGP 4,224.00",
        "image_url": "https://eg.jumia.is/unsafe/fit-in/300x300/filters:fill(white)/product/20/690418/1.jpg?8931",
        "product_url": "https://jumia.com.eg/blackdecker-air-fryer-4-liter-1.2kg-performance-range-aerofry-af300-81409602.html",
        "category_type": "Appliances"
    }
]