[
    {
        "name": "Nokia 106 Cell Phone - Dual SIM - Green",
        "price": "EGP 833.00",
        "image_url": "https://eg.jumia.is/unsafe/fit-in/300x300/filters:fill(white)/product/42/975374/1.jpg?4729",
        "product_url": "https://jumia.com.eg/nokia-106-cell-phone-dual-sim-green-47357924.html",
        "category_type": "smart_products"
    },
    {
        "name": "Anker P25i True Wireless Earbuds IPX5 Waterproof ,30H Playtime - A3949Z11 - Black 1",
        "price": "EGP 968.97",
        "image_url": "https://eg.jumia.is/unsafe/fit-in/300x300/filters:fill(white)/product/27/099825/1.jpg?5643",
        "product_url": "https://jumia.com.eg/anker-p25i-true-wireless-earbuds-ipx5-waterproof-30h-playtime-a3949z11-black-1-52899072.html",
        "category_type": "smart_products"
    },
    {
        "name": "Nokia 105 Cell Phone - Dual SIM - Cyan",
        "price": "EGP 779.00",
        "image_url": "https://eg.jumia.is/unsafe/fit-in/300x300/filters:fill(white)/product/62/975374/1.jpg?4833",
        "product_url": "https://jumia.com.eg/nokia-105-cell-phone-dual-sim-cyan-47357926.html",
        "category_type": "smart_products"
    },
    {
        "name": "Matrix Y80-10000mAh Power Bank With 4 Built-in Cables And Torch - Black",
        "price": "EGP 378.00",
        "image_url": "https://eg.jumia.is/unsafe/fit-in/300x300/filters:fill(white)/product/67/566235/1.jpg?5049",
        "product_url": "https://jumia.com.eg/matrix-y80-10000mah-power-bank-with-4-built-in-cables-and-torch-black-53266576.html",
        "category_type": "smart_products"
    },
    {
        "name": "Oraimo FreePods 3C TWS True Wireless Stereo Earbuds E104DC - Black.",
        "price": "EGP 839.00",
        "image_url": "https://eg.jumia.is/unsafe/fit-in/300x300/filters:fill(white)/product/21/788194/1.jpg?2924",
        "product_url": "https://jumia.com.eg/oraimo-freepods-3c-tws-true-wireless-stereo-earbuds-e104dc-black.-49188712.html",
        "category_type": "smart_products"
    },
    {
        "name": "Nokia 106 Dual SIM Black",
        "price": "EGP 438.20",
        "image_url": "https://eg.jumia.is/unsafe/fit-in/300x300/filters:fill(white)/product/87/523055/1.jpg?9000",
        "product_url": "https://jumia.com.eg/nokia-106-dual-sim-black-55032578.html",
        "category_type": "smart_products"
    },
    {
        "name": "Nokia 105 1.8-inch Dual SIM Mobile Phone - Black",
        "price": "EGP 428.50",
        "image_url": "https://eg.jumia.is/unsafe/fit-in/300x300/filters:fill(white)/product/03/436665/1.jpg?8737",
        "product_url": "https://jumia.com.eg/nokia-105-1.8-inch-dual-sim-mobile-phone-black-56663430.html",
        "category_type": "smart_products"
    },
    {
        "name": "Nokia MOBILE 105 2019 BLACK",
        "price": "EGP 440.00",
        "image_url": "https://eg.jumia.is/unsafe/fit-in/300x300/filters:fill(white)/product/04/082755/1.jpg?4073",
        "product_url": "https://jumia.com.eg/nokia-mobile-105-2019-black-55728040.html",
        "category_type": "smart_products"
    },
    {
        "name": "XIAOMI Redmi 12 - 6.79-Inch 128GB/8GB Dual SIM 4G Mobile Phone - Midnight Black",
        "price": "EGP 6,999.00",
        "image_url": "https://eg.jumia.is/unsafe/fit-in/300x300/filters:fill(white)/product/58/513084/1.jpg?6260",
        "product_url": "https://jumia.com.eg/xiaomi-redmi-12-6.79-inch-128gb8gb-dual-sim-4g-mobile-phone-midnight-black-48031585.html",
        "category_type": "smart_products"
    },
    {
        "name": "Multiple Charging Cable Extra Bolded Multi USB Charger Cord 4ft For Cellphone Tablets (Orange 3 In 1)",
        "price": "EGP 145.00",
        "image_url": "https://eg.jumia.is/unsafe/fit-in/300x300/filters:fill(white)/product/39/545994/1.jpg?1786",
        "product_url": "https://jumia.com.eg/generic-multiple-charging-cable-extra-bolded-multi-usb-charger-cord-4ft-for-cellphone-tablets-orange-3-in-1-49954593.html",
        "category_type": "smart_products"
    },
    {
        "name": "Vidvie Type - C Data Cable\u060c(charging Link)- Fast Charge-3.1A-Original From VIDVIE",
        "price": "EGP 94.00",
        "image_url": "https://eg.jumia.is/unsafe/fit-in/300x300/filters:fill(white)/product/98/275703/1.jpg?0078",
        "product_url": "https://jumia.com.eg/vidvie-type-c-data-cablecharging-link-fast-charge-3.1a-original-from-vidvie-30757289.html",
        "category_type": "smart_products"
    },
    {
        "name": "Samsung 25W PD Adapter USB-C   - White",
        "price": "EGP 495.00",
        "image_url": "https://eg.jumia.is/unsafe/fit-in/300x300/filters:fill(white)/product/74/986174/1.jpg?2055",
        "product_url": "https://jumia.com.eg/samsung-25w-pd-adapter-usb-c-white-47168947.html",
        "category_type": "smart_products"
    },
    {
        "name": "Charging Cable 3 In 1 Supports Fast Charging From (USB) To (Type C, Micro, IPhone)- Orange",
        "price": "EGP 115.18",
        "image_url": "https://eg.jumia.is/unsafe/fit-in/300x300/filters:fill(white)/product/70/605242/1.jpg?4683",
        "product_url": "https://jumia.com.eg/generic-charging-cable-3-in-1-supports-fast-charging-from-usb-to-type-c-micro-iphone-orange-24250607.html",
        "category_type": "smart_products"
    },
    {
        "name": "JOYROOM T012 Power Bank 10,000 MAh  Fast Charge Dual USB - Black",
        "price": "EGP 462.00",
        "image_url": "https://eg.jumia.is/unsafe/fit-in/300x300/filters:fill(white)/product/79/030961/1.jpg?5009",
        "product_url": "https://jumia.com.eg/d-m219-power-bank-10000-mah-fast-charge-dual-usb-black-joyroom-mpg823545.html",
        "category_type": "smart_products"
    },
    {
        "name": "Samsung 25W PD Adapter USB-C TA800 - Black",
        "price": "EGP 424.00",
        "image_url": "https://eg.jumia.is/unsafe/fit-in/300x300/filters:fill(white)/product/29/569474/1.jpg?9442",
        "product_url": "https://jumia.com.eg/samsung-25w-pd-adapter-usb-c-ta800-black-47496592.html",
        "category_type": "smart_products"
    },
    {
        "name": "P47M Cat Ear Shape LED Bluetooth Headphones, Ear Hook Wireless Headphones, Active Noise Cancelling Headphones, Suitable For Smartphone Laptops",
        "price": "EGP 227.50",
        "image_url": "https://eg.jumia.is/unsafe/fit-in/300x300/filters:fill(white)/product/73/456483/1.jpg?4888",
        "product_url": "https://jumia.com.eg/generic-p47m-cat-ear-shape-led-bluetooth-headphones-ear-hook-wireless-headphones-active-noise-cancelling-headphones-suitable-for-smartphone-laptops-38465437.html",
        "category_type": "smart_products"
    },
    {
        "name": "Samsung Galaxy A24 - 6.5-inch 128GB/6GB Dual Sim 4G Mobile Phone - Silver",
        "price": "EGP 8,195.00",
        "image_url": "https://eg.jumia.is/unsafe/fit-in/300x300/filters:fill(white)/product/81/446844/1.jpg?3590",
        "product_url": "https://jumia.com.eg/samsung-galaxy-a24-6.5-inch-128gb6gb-dual-sim-4g-mobile-phone-silver-44864418.html",
        "category_type": "smart_products"
    },
    {
        "name": "Nokia C10 - 6.52-inch 32GB/2GB Dual Sim  Mobile Phone - Gray",
        "price": "EGP 2,599.99",
        "image_url": "https://eg.jumia.is/unsafe/fit-in/300x300/filters:fill(white)/product/36/640773/1.jpg?3159",
        "product_url": "https://jumia.com.eg/nokia-c10-6.52-inch-32gb2gb-dual-sim-mobile-phone-gray-37704663.html",
        "category_type": "smart_products"
    },
    {
        "name": "Nokia 5310 Dual SIM Phone - Black/Red",
        "price": "EGP 954.03",
        "image_url": "https://eg.jumia.is/unsafe/fit-in/300x300/filters:fill(white)/product/59/446808/1.jpg?9688",
        "product_url": "https://jumia.com.eg/nokia-5310-dual-sim-phone-blackred-80864495.html",
        "category_type": "smart_products"
    },
    {
        "name": "Samsung Galaxy A15 - 6.5-inch 6GB/128GB Dual Sim 4G - Mobile Phone - Light Blue",
        "price": "EGP 6,999.00",
        "image_url": "https://eg.jumia.is/unsafe/fit-in/300x300/filters:fill(white)/product/83/412585/1.jpg?9943",
        "product_url": "https://jumia.com.eg/samsung-galaxy-a15-6.5-inch-6gb128gb-dual-sim-4g-mobile-phone-light-blue-58521438.html",
        "category_type": "smart_products"
    },
    {
        "name": "Samsung 45W PD Adapter USB-C - White - Black",
        "price": "EGP 210.00",
        "image_url": "https://eg.jumia.is/unsafe/fit-in/300x300/filters:fill(white)/product/09/101876/1.jpg?2443",
        "product_url": "https://jumia.com.eg/samsung-45w-pd-adapter-usb-c-white-black-67810190.html",
        "category_type": "smart_products"
    },
    {
        "name": "XIAOMI Redmi 13C Mobile Phone - 6.74 Inches \u2013 Dual SIM 4G 128GB/6GB - Midnight Black",
        "price": "EGP 5,879.00",
        "image_url": "https://eg.jumia.is/unsafe/fit-in/300x300/filters:fill(white)/product/85/405706/1.jpg?7144",
        "product_url": "https://jumia.com.eg/xiaomi-redmi-13c-mobile-phone-6.74-inches-dual-sim-4g-128gb6gb-midnight-black-60750458.html",
        "category_type": "smart_products"
    },
    {
        "name": "Oraimo OSW-801 - 2.01 inch Watch 4 Plus Large Screen  HD Smart Watch - Black",
        "price": "EGP 1,259.00",
        "image_url": "https://eg.jumia.is/unsafe/fit-in/300x300/filters:fill(white)/product/15/859496/1.jpg?4981",
        "product_url": "https://jumia.com.eg/oraimo-osw-801-2.01-inch-watch-4-plus-large-screen-hd-smart-watch-black-69495851.html",
        "category_type": "smart_products"
    },
    {
        "name": "Huawei Watch GT3 Pro Smart Watch 46mm 22mm Silicone Leather Replacement Strap Watchband - Camel Silver Buckle",
        "price": "EGP 175.00",
        "image_url": "https://eg.jumia.is/unsafe/fit-in/300x300/filters:fill(white)/product/90/028043/1.jpg?2084",
        "product_url": "https://jumia.com.eg/generic-huawei-watch-gt3-pro-smart-watch-46mm-22mm-silicone-leather-replacement-strap-watchband-camel-silver-buckle-34082009.html",
        "category_type": "smart_products"
    },
    {
        "name": "Vidvie Micro Data Cable Fast Charge(3.1A) - White",
        "price": "EGP 84.00",
        "image_url": "https://eg.jumia.is/unsafe/fit-in/300x300/filters:fill(white)/product/41/668993/1.jpg?5985",
        "product_url": "https://jumia.com.eg/vidvie-micro-data-cable-fast-charge3.1a-white-39986614.html",
        "category_type": "smart_products"
    },
    {
        "name": "XIAOMI Mi POWER BANK 20000mAh 18W Fast Charge - Black",
        "price": "EGP 1,474.57",
        "image_url": "https://eg.jumia.is/unsafe/fit-in/300x300/filters:fill(white)/product/42/056922/1.jpg?9784",
        "product_url": "https://jumia.com.eg/mi-power-bank-20000mah-18w-fast-charge-black-xiaomi-mpg884047.html",
        "category_type": "smart_products"
    },
    {
        "name": "Vidvie Fast IPhone Cable (3.1 A) - Data Cable, (Charging Cable), IPhone To USB",
        "price": "EGP 94.00",
        "image_url": "https://eg.jumia.is/unsafe/fit-in/300x300/filters:fill(white)/product/61/181944/1.jpg?6206",
        "product_url": "https://jumia.com.eg/vidvie-fast-iphone-cable-3.1-a-data-cable-charging-cable-iphone-to-usb-44918116.html",
        "category_type": "smart_products"
    },
    {
        "name": "2.09HD BIG Infinite Display T900 Ultra Smart Watch Bluetooth Wireless Charging 49MM - Black",
        "price": "EGP 674.00",
        "image_url": "https://eg.jumia.is/unsafe/fit-in/300x300/filters:fill(white)/product/09/552425/1.jpg?3182",
        "product_url": "https://jumia.com.eg/generic-2.09hd-big-infinite-display-t900-ultra-smart-watch-bluetooth-wireless-charging-49mm-black-52425590.html",
        "category_type": "smart_products"
    },
    {
        "name": "Nokia MOBILE NOKIA 106 2019 BLACK",
        "price": "EGP 490.00",
        "image_url": "https://eg.jumia.is/unsafe/fit-in/300x300/filters:fill(white)/product/93/082755/1.jpg?4073",
        "product_url": "https://jumia.com.eg/nokia-mobile-nokia-106-2019-black-55728039.html",
        "category_type": "smart_products"
    },
    {
        "name": "Tempered Glass Camera Cover Screen Protector Metal, For IPhone 14 Pro Max 2022 (Purple)",
        "price": "EGP 32.99",
        "image_url": "https://eg.jumia.is/unsafe/fit-in/300x300/filters:fill(white)/product/58/895665/1.jpg?7986",
        "product_url": "https://jumia.com.eg/generic-tempered-glass-camera-cover-screen-protector-metal-for-iphone-14-pro-max-2022-purple-56659885.html",
        "category_type": "smart_products"
    },
    {
        "name": "Oraimo FreePods Lite - OTW-330 True Wireless Earbuds - Phantom Black",
        "price": "EGP 782.97",
        "image_url": "https://eg.jumia.is/unsafe/fit-in/300x300/filters:fill(white)/product/00/890705/1.jpg?3525",
        "product_url": "https://jumia.com.eg/oraimo-freepods-lite-otw-330-true-wireless-earbuds-phantom-black-50709800.html",
        "category_type": "smart_products"
    },
    {
        "name": "HK9 Ultra 2 AMOLED Smartwatch With ChatGPT, AI Watch Face, For Iphone , Android -Black..",
        "price": "EGP 1,606.00",
        "image_url": "https://eg.jumia.is/unsafe/fit-in/300x300/filters:fill(white)/product/30/677294/1.jpg?9324",
        "product_url": "https://jumia.com.eg/generic-hk9-ultra-2-amoled-smartwatch-with-chatgpt-ai-watch-face-for-iphone-android-black..-49277603.html",
        "category_type": "smart_products"
    },
    {
        "name": "Wireless Headphone -color-grey/pink",
        "price": "EGP 229.50",
        "image_url": "https://eg.jumia.is/unsafe/fit-in/300x300/filters:fill(white)/product/02/477914/1.jpg?5891",
        "product_url": "https://jumia.com.eg/generic-wireless-headphone-color-greypink-41977420.html",
        "category_type": "smart_products"
    },
    {
        "name": "Mobile Phone Holder With Base - Black",
        "price": "EGP 73.70",
        "image_url": "https://eg.jumia.is/unsafe/fit-in/300x300/filters:fill(white)/product/32/999702/1.jpg?5133",
        "product_url": "https://jumia.com.eg/mobile-phone-holder-with-base-black-generic-mpg750951.html",
        "category_type": "smart_products"
    },
    {
        "name": "X9+ultra2 Smart Watch, Chat GPT,Compass, Wireless Charging For Iphone And Android-Black",
        "price": "EGP 1,495.00",
        "image_url": "https://eg.jumia.is/unsafe/fit-in/300x300/filters:fill(white)/product/70/677294/1.jpg?8668",
        "product_url": "https://jumia.com.eg/generic-x9ultra2-smart-watch-chat-gptcompass-wireless-charging-for-iphone-and-android-black-49277607.html",
        "category_type": "smart_products"
    },
    {
        "name": "Earldom ET-M71- Mp3 Player Bluetooth & FM Transmitter With PD18W Car Charger",
        "price": "EGP 275.00",
        "image_url": "https://eg.jumia.is/unsafe/fit-in/300x300/filters:fill(white)/product/65/169493/1.jpg?5326",
        "product_url": "https://jumia.com.eg/earldom-et-m71-mp3-player-bluetooth-fm-transmitter-with-pd18w-car-charger-39496156.html",
        "category_type": "smart_products"
    },
    {
        "name": "JOYROOM JR-T012 10000mAh Power Bank - Black",
        "price": "EGP 555.00",
        "image_url": "https://eg.jumia.is/unsafe/fit-in/300x300/filters:fill(white)/product/29/310372/1.jpg?7589",
        "product_url": "https://jumia.com.eg/joyroom-jr-t012-10000mah-power-bank-black-27301392.html",
        "category_type": "smart_products"
    },
    {
        "name": "HK9 Pro+Plus Smart Watch, Amoled Screen 2.02 Series 9 Compass NFC Android , Iphone Black",
        "price": "EGP 1,539.00",
        "image_url": "https://eg.jumia.is/unsafe/fit-in/300x300/filters:fill(white)/product/53/564515/1.jpg?3645",
        "product_url": "https://jumia.com.eg/generic-hk9-proplus-smart-watch-amoled-screen-2.02-series-9-compass-nfc-android-iphone-black-51546535.html",
        "category_type": "smart_products"
    },
    {
        "name": "YISON Cx330 - \u0633\u0645\u0627\u0639\u0647 \u064a\u0627\u0633\u0648\u0646 \u0647\u0627\u0646\u062f \u0641\u0631\u064a (\u0627\u0633\u0648\u062f)",
        "price": "EGP 48.00",
        "image_url": "https://eg.jumia.is/unsafe/fit-in/300x300/filters:fill(white)/product/34/244704/1.jpg?1682",
        "product_url": "https://jumia.com.eg/yison-cx330-40744243.html",
        "category_type": "smart_products"
    },
    {
        "name": "T1000 ULTRA Smart Watch SERIES 9 - Black",
        "price": "EGP 720.00",
        "image_url": "https://eg.jumia.is/unsafe/fit-in/300x300/filters:fill(white)/product/38/653716/1.jpg?8907",
        "product_url": "https://jumia.com.eg/generic-t1000-ultra-smart-watch-series-9-black-61735683.html",
        "category_type": "smart_products"
    },
    {
        "name": "Type - C& Type-C Data Cable\u060c(charging Link).",
        "price": "EGP 116.00",
        "image_url": "https://eg.jumia.is/unsafe/fit-in/300x300/filters:fill(white)/product/92/803893/1.jpg?5946",
        "product_url": "https://jumia.com.eg/generic-type-c-type-c-data-cablecharging-link.-39830829.html",
        "category_type": "smart_products"
    },
    {
        "name": "Huawei SE 2 - Wireless Bluetooth 5.3 - blue",
        "price": "EGP 1,780.00",
        "image_url": "https://eg.jumia.is/unsafe/fit-in/300x300/filters:fill(white)/product/10/291194/1.jpg?2502",
        "product_url": "https://jumia.com.eg/huawei-se-2-wireless-bluetooth-5.3-blue-49119201.html",
        "category_type": "smart_products"
    },
    {
        "name": "XIAOMI REDMI 12C 6GB RAM 128GB ROM",
        "price": "EGP 5,793.00",
        "image_url": "https://eg.jumia.is/unsafe/fit-in/300x300/filters:fill(white)/product/07/959574/1.jpg?5931",
        "product_url": "https://jumia.com.eg/xiaomi-redmi-12c-6gb-ram-128gb-rom-47595970.html",
        "category_type": "smart_products"
    },
    {
        "name": "Matrix Y80-10000mAh Power Bank With 4 Built-in Cables And Torch - White",
        "price": "EGP 378.00",
        "image_url": "https://eg.jumia.is/unsafe/fit-in/300x300/filters:fill(white)/product/70/053245/1.jpg?5050",
        "product_url": "https://jumia.com.eg/matrix-y80-10000mah-power-bank-with-4-built-in-cables-and-torch-white-54235007.html",
        "category_type": "smart_products"
    },
    {
        "name": "P9  Bluetooth Wireless Headphone - Black",
        "price": "EGP 335.00",
        "image_url": "https://eg.jumia.is/unsafe/fit-in/300x300/filters:fill(white)/product/12/226827/1.jpg?3365",
        "product_url": "https://jumia.com.eg/generic-p9-bluetooth-wireless-headphone-black-72862221.html",
        "category_type": "smart_products"
    },
    {
        "name": "Wood Tablet And Ipad  And Mobile Holder - Brown",
        "price": "EGP 66.00",
        "image_url": "https://eg.jumia.is/unsafe/fit-in/300x300/filters:fill(white)/product/83/052702/1.jpg?1987",
        "product_url": "https://jumia.com.eg/wood-tablet-and-ipad-and-mobile-holder-brown-generic-mpg822117.html",
        "category_type": "smart_products"
    },
    {
        "name": "Anker Soundcore R50i True Wireless Earbuds - A3949H11 - Black",
        "price": "EGP 1,309.47",
        "image_url": "https://eg.jumia.is/unsafe/fit-in/300x300/filters:fill(white)/product/28/841454/1.jpg?8774",
        "product_url": "https://jumia.com.eg/anker-soundcore-r50i-true-wireless-earbuds-a3949h11-black-45414882.html",
        "category_type": "smart_products"
    },
    {
        "name": "JSAUX Mini Digital Storage Box, Includes 100W -URBANKIT MINI-White",
        "price": "EGP 189.00",
        "image_url": "https://eg.jumia.is/unsafe/fit-in/300x300/filters:fill(white)/product/65/310643/1.jpg?1485",
        "product_url": "https://jumia.com.eg/jsaux-mini-digital-storage-box-includes-100w-urbankit-mini-white-34601356.html",
        "category_type": "smart_products"
    },
    {
        "name": "Samsung Galaxy A05s Mobile Phone - 6.7 Inches - Dual SIM - 4G - 128GB - 4GB - Light Violet",
        "price": "EGP 5,549.00",
        "image_url": "https://eg.jumia.is/unsafe/fit-in/300x300/filters:fill(white)/product/71/289269/1.jpg?5065",
        "product_url": "https://jumia.com.eg/samsung-galaxy-a05s-mobile-phone-6.7-inches-dual-sim-4g-128gb-4gb-light-violet-96298217.html",
        "category_type": "smart_products"
    },
    {
        "name": "Fast Data Cable Type C Usb-1m-color Green",
        "price": "EGP 72.00",
        "image_url": "https://eg.jumia.is/unsafe/fit-in/300x300/filters:fill(white)/product/76/273722/1.jpg?2914",
        "product_url": "https://jumia.com.eg/generic-fast-data-cable-type-c-usb-1m-color-green-22737267.html",
        "category_type": "smart_products"
    },
    {
        "name": "XIAOMI Redmi Power Bank 10000 MAh Black",
        "price": "EGP 968.20",
        "image_url": "https://eg.jumia.is/unsafe/fit-in/300x300/filters:fill(white)/product/56/047112/1.jpg?1244",
        "product_url": "https://jumia.com.eg/xiaomi-redmi-power-bank-10000-mah-black-21174065.html",
        "category_type": "smart_products"
    },
    {
        "name": "P47 Wireless Bluetooth Headphone & Usb+aux Cable Color-white/black",
        "price": "EGP 211.50",
        "image_url": "https://eg.jumia.is/unsafe/fit-in/300x300/filters:fill(white)/product/77/542591/1.jpg?5948",
        "product_url": "https://jumia.com.eg/p47-wireless-bluetooth-headphone-whiteblack-generic-mpg823104.html",
        "category_type": "smart_products"
    },
    {
        "name": "Wireless Headset  M10 With  Power Bank-Black +Free Mobile Holder",
        "price": "EGP 355.00",
        "image_url": "https://eg.jumia.is/unsafe/fit-in/300x300/filters:fill(white)/product/05/118025/1.jpg?5829",
        "product_url": "https://jumia.com.eg/generic-wireless-headset-m10-with-power-bank-black-free-mobile-holder-52081150.html",
        "category_type": "smart_products"
    },
    {
        "name": "USB-Routerkabel Zum Betrieb Des Routers Mit Einer 5-Volt- Bis 12-Volt-Powerbank+bag Dukan Alaa",
        "price": "EGP 75.00",
        "image_url": "https://eg.jumia.is/unsafe/fit-in/300x300/filters:fill(white)/product/60/595995/1.jpg?1937",
        "product_url": "https://jumia.com.eg/generic-usb-routerkabel-zum-betrieb-des-routers-mit-einer-5-volt-bis-12-volt-powerbankbag-dukan-alaa-59959506.html",
        "category_type": "smart_products"
    },
    {
        "name": "Redmi 12C Dual SIM 4GB RAM,128GB,4G - Ocean Blue",
        "price": "EGP 5,549.00",
        "image_url": "https://eg.jumia.is/unsafe/fit-in/300x300/filters:fill(white)/product/40/755325/1.jpg?9391",
        "product_url": "https://jumia.com.eg/redmi-12c-dual-sim-4gb-ram128gb4g-ocean-blue-52355704.html",
        "category_type": "smart_products"
    },
    {
        "name": "Sports Silicone Wrist Strap For Xiaomi Mi Band 5 -Black",
        "price": "EGP 80.00",
        "image_url": "https://eg.jumia.is/unsafe/fit-in/300x300/filters:fill(white)/product/66/428043/1.jpg?2725",
        "product_url": "https://jumia.com.eg/generic-sports-silicone-wrist-strap-for-xiaomi-mi-band-5-black-34082466.html",
        "category_type": "smart_products"
    },
    {
        "name": "Taha Offer 5-channel Remote Control Regulator 1 Piece",
        "price": "EGP 49.48",
        "image_url": "https://eg.jumia.is/unsafe/fit-in/300x300/filters:fill(white)/product/48/150848/1.jpg?4074",
        "product_url": "https://jumia.com.eg/generic-taha-offer-5-channel-remote-control-regulator-1-piece-84805184.html",
        "category_type": "smart_products"
    },
    {
        "name": "45W Fast Charger Head - With Two Ports (USB) And (Type C) Supports All Smartphones",
        "price": "EGP 289.88",
        "image_url": "https://eg.jumia.is/unsafe/fit-in/300x300/filters:fill(white)/product/19/932462/1.jpg?7907",
        "product_url": "https://jumia.com.eg/generic-45w-fast-charger-head-with-two-ports-usb-and-type-c-supports-all-smartphones-26423991.html",
        "category_type": "smart_products"
    },
    {
        "name": "IPhone Charger (20W), For IPhone",
        "price": "EGP 249.00",
        "image_url": "https://eg.jumia.is/unsafe/fit-in/300x300/filters:fill(white)/product/16/694954/1.jpg?3078",
        "product_url": "https://jumia.com.eg/generic-iphone-charger-20w-for-iphone-45949661.html",
        "category_type": "smart_products"
    },
    {
        "name": "P9  Bluetooth Wireless Headphone - Gray",
        "price": "EGP 359.00",
        "image_url": "https://eg.jumia.is/unsafe/fit-in/300x300/filters:fill(white)/product/02/226827/1.jpg?3365",
        "product_url": "https://jumia.com.eg/generic-p9-bluetooth-wireless-headphone-gray-72862220.html",
        "category_type": "smart_products"
    },
    {
        "name": "Car Dashboard Mount Mobile Holder -202-Z",
        "price": "EGP 199.00",
        "image_url": "https://eg.jumia.is/unsafe/fit-in/300x300/filters:fill(white)/product/26/850832/1.jpg?8924",
        "product_url": "https://jumia.com.eg/generic-car-dashboard-mount-mobile-holder-202-z-23805862.html",
        "category_type": "smart_products"
    },
    {
        "name": "Samsung Galaxy A13 - 6.6-inch 4GB-64GB Dual Sim 4G- BLUE",
        "price": "EGP 5,699.00",
        "image_url": "https://eg.jumia.is/unsafe/fit-in/300x300/filters:fill(white)/product/46/184006/1.jpg?2143",
        "product_url": "https://jumia.com.eg/samsung-galaxy-a13-6.6-inch-4gb-64gb-dual-sim-4g-blue-60048164.html",
        "category_type": "smart_products"
    },
    {
        "name": "Realme 11 Pro+ Full Protection Case With Visa Card Slot, Metal Ring & Slider Camera Cover",
        "price": "EGP 175.00",
        "image_url": "https://eg.jumia.is/unsafe/fit-in/300x300/filters:fill(white)/product/02/791995/1.jpg?4460",
        "product_url": "https://jumia.com.eg/generic-realme-11-pro-full-protection-case-with-visa-card-slot-metal-ring-slider-camera-cover-59919720.html",
        "category_type": "smart_products"
    },
    {
        "name": "YISON Original Stereo Earphones Model X1 Color Black",
        "price": "EGP 120.00",
        "image_url": "https://eg.jumia.is/unsafe/fit-in/300x300/filters:fill(white)/product/12/017862/1.jpg?8511",
        "product_url": "https://jumia.com.eg/yison-original-stereo-earphones-model-x1-color-black-26871021.html",
        "category_type": "smart_products"
    },
    {
        "name": "Samsung 25W PD Adapter With USB-C To USB-C Cable TA800 - Black",
        "price": "EGP 425.00",
        "image_url": "https://eg.jumia.is/unsafe/fit-in/300x300/filters:fill(white)/product/52/541444/1.jpg?8975",
        "product_url": "https://jumia.com.eg/samsung-25w-pd-adapter-with-usb-c-to-usb-c-cable-ta800-black-44414525.html",
        "category_type": "smart_products"
    },
    {
        "name": "DC 5V To 12V USB Power Cable, USB Power Supply Cable With DC 5.5 X 2.1mm Plug For Router To Avoid Power Outage",
        "price": "EGP 80.00",
        "image_url": "https://eg.jumia.is/unsafe/fit-in/300x300/filters:fill(white)/product/65/018645/1.jpg?2823",
        "product_url": "https://jumia.com.eg/generic-dc-5v-to-12v-usb-power-cable-usb-power-supply-cable-with-dc-5.5-x-2.1mm-plug-for-router-to-avoid-power-outage-54681056.html",
        "category_type": "smart_products"
    },
    {
        "name": "JOYROOM JR- OK3 Rotation & Adjustable Length Car Phone Holder - Black",
        "price": "EGP 169.00",
        "image_url": "https://eg.jumia.is/unsafe/fit-in/300x300/filters:fill(white)/product/36/327802/1.jpg?5724",
        "product_url": "https://jumia.com.eg/jr-ok3-rotation-adjustable-length-car-phone-holder-black-joyroom-mpg891587.html",
        "category_type": "smart_products"
    },
    {
        "name": "XIAOMI Redmi Note 13 - 6.6\"Inch  128GB/6GB Dual SIM 4G Mobile Phone - Midnight Black",
        "price": "EGP 8,449.00",
        "image_url": "https://eg.jumia.is/unsafe/fit-in/300x300/filters:fill(white)/product/00/915416/1.jpg?7384",
        "product_url": "https://jumia.com.eg/xiaomi-redmi-note-13-6.6inch-128gb6gb-dual-sim-4g-mobile-phone-midnight-black-61451900.html",
        "category_type": "smart_products"
    },
    {
        "name": "SODO SD- 1004 Bluetooth Wireless Headphone - Gray + Free Mobile Holder",
        "price": "EGP 480.00",
        "image_url": "https://eg.jumia.is/unsafe/fit-in/300x300/filters:fill(white)/product/70/059483/1.jpg?2704",
        "product_url": "https://jumia.com.eg/sodo-sd-1004-bluetooth-wireless-headphone-gray-free-mobile-holder-38495007.html",
        "category_type": "smart_products"
    },
    {
        "name": "X9 Ultra 2 Smart Watch,For Iphone And Android, Super AMOLED Screen-Black",
        "price": "EGP 1,182.00",
        "image_url": "https://eg.jumia.is/unsafe/fit-in/300x300/filters:fill(white)/product/67/719135/1.jpg?8443",
        "product_url": "https://jumia.com.eg/generic-x9-ultra-2-smart-watchfor-iphone-and-android-super-amoled-screen-black-53191776.html",
        "category_type": "smart_products"
    },
    {
        "name": "Iphone Charger Head - 20w - Type-C Port - White",
        "price": "EGP 159.58",
        "image_url": "https://eg.jumia.is/unsafe/fit-in/300x300/filters:fill(white)/product/80/840962/1.jpg?3006",
        "product_url": "https://jumia.com.eg/usb-c-20w-power-adapter-charger-general-mpg784505.html",
        "category_type": "smart_products"
    },
    {
        "name": "P9  Bluetooth Wireless Headphone - Blue",
        "price": "EGP 360.00",
        "image_url": "https://eg.jumia.is/unsafe/fit-in/300x300/filters:fill(white)/product/32/226827/1.jpg?3365",
        "product_url": "https://jumia.com.eg/generic-p9-bluetooth-wireless-headphone-blue-72862223.html",
        "category_type": "smart_products"
    },
    {
        "name": "Anker 312 Charger 25W Super Fast Charger",
        "price": "EGP 640.00",
        "image_url": "https://eg.jumia.is/unsafe/fit-in/300x300/filters:fill(white)/product/09/319385/1.jpg?3012",
        "product_url": "https://jumia.com.eg/anker-312-charger-25w-super-fast-charger-58391390.html",
        "category_type": "smart_products"
    },
    {
        "name": "XIAOMI Redmi Note 13 - 6.6\"Inch  128GB/6GB Dual SIM 4G Mobile Phone - Ice Blue",
        "price": "EGP 8,484.00",
        "image_url": "https://eg.jumia.is/unsafe/fit-in/300x300/filters:fill(white)/product/20/915416/1.jpg?7426",
        "product_url": "https://jumia.com.eg/xiaomi-redmi-note-13-6.6inch-128gb6gb-dual-sim-4g-mobile-phone-ice-blue-61451902.html",
        "category_type": "smart_products"
    },
    {
        "name": "Power Bank Router Power Bank And Other Devices During Power Failure - Adapter 5V To 12V Black",
        "price": "EGP 150.00",
        "image_url": "https://eg.jumia.is/unsafe/fit-in/300x300/filters:fill(white)/product/34/910706/1.jpg?5347",
        "product_url": "https://jumia.com.eg/power-bank-router-power-bank-and-other-devices-during-power-failure-adapter-5v-to-12v-black-60701943.html",
        "category_type": "smart_products"
    },
    {
        "name": "Fast Charging Cable 6A - Zinc Alloy 3.3ft USB To Type C USB Silicone",
        "price": "EGP 110.00",
        "image_url": "https://eg.jumia.is/unsafe/fit-in/300x300/filters:fill(white)/product/45/413895/1.jpg?8667",
        "product_url": "https://jumia.com.eg/generic-fast-charging-cable-6a-zinc-alloy-3.3ft-usb-to-type-c-usb-silicone-59831454.html",
        "category_type": "smart_products"
    },
    {
        "name": "Ring Light 26 Cm With Stand -color-white/black",
        "price": "EGP 225.00",
        "image_url": "https://eg.jumia.is/unsafe/fit-in/300x300/filters:fill(white)/product/41/591313/1.jpg?9676",
        "product_url": "https://jumia.com.eg/generic-ring-light-26-cm-with-stand-color-whiteblack-31319514.html",
        "category_type": "smart_products"
    },
    {
        "name": "P9 Wireless Headsets Bluetooth For IOS Android Phone (Black/Grey)",
        "price": "EGP 375.00",
        "image_url": "https://eg.jumia.is/unsafe/fit-in/300x300/filters:fill(white)/product/28/349474/1.jpg?2723",
        "product_url": "https://jumia.com.eg/generic-p9-wireless-headsets-bluetooth-for-ios-android-phone-blackgrey-47494382.html",
        "category_type": "smart_products"
    },
    {
        "name": "SODO Sd-1004 \u0633\u0645\u0627\u0639\u0647 \u0628\u0644\u0648\u062a\u0648\u062b \u0644\u0627\u0633\u0644\u0643\u064a\u0629 - \u0627\u0633\u0648\u062f",
        "price": "EGP 390.00",
        "image_url": "https://eg.jumia.is/unsafe/fit-in/300x300/filters:fill(white)/product/62/678683/1.jpg?9468",
        "product_url": "https://jumia.com.eg/sodo-sd-1004-38687626.html",
        "category_type": "smart_products"
    },
    {
        "name": "OPPO Find X5 Hummer Full Protection Slim Case Kickstand  Camera Shield Cover",
        "price": "EGP 145.00",
        "image_url": "https://eg.jumia.is/unsafe/fit-in/300x300/filters:fill(white)/product/50/272705/1.jpg?0367",
        "product_url": "https://jumia.com.eg/generic-oppo-find-x5-hummer-full-protection-slim-case-kickstand-camera-shield-cover-50727205.html",
        "category_type": "smart_products"
    },
    {
        "name": "Laptop Bed Table, Foldable Portable Lap Standing Desk With Cup Slot",
        "price": "EGP 139.99",
        "image_url": "https://eg.jumia.is/unsafe/fit-in/300x300/filters:fill(white)/product/60/753225/1.jpg?4496",
        "product_url": "https://jumia.com.eg/generic-laptop-bed-table-foldable-portable-lap-standing-desk-with-cup-slot-52235706.html",
        "category_type": "smart_products"
    },
    {
        "name": "Handheld Portable Rechargeable Mini Fan",
        "price": "EGP 247.69",
        "image_url": "https://eg.jumia.is/unsafe/fit-in/300x300/filters:fill(white)/product/05/307529/1.jpg?6590",
        "product_url": "https://jumia.com.eg/generic-handheld-portable-rechargeable-mini-fan-92570350.html",
        "category_type": "smart_products"
    },
    {
        "name": "Kingston 64GB Exodia USB 3.2 Flash - DTX/64GB",
        "price": "EGP 237.99",
        "image_url": "https://eg.jumia.is/unsafe/fit-in/300x300/filters:fill(white)/product/79/356802/1.jpg?8671",
        "product_url": "https://jumia.com.eg/kingston-64gb-exodia-usb-3.2-flash-dtx64gb-20865397.html",
        "category_type": "smart_products"
    },
    {
        "name": "Foldable Aluminium Alloy Tablet Stand Bracket Laptop Holder",
        "price": "EGP 169.99",
        "image_url": "https://eg.jumia.is/unsafe/fit-in/300x300/filters:fill(white)/product/57/489245/1.jpg?2985",
        "product_url": "https://jumia.com.eg/generic-foldable-aluminium-alloy-tablet-stand-bracket-laptop-holder-54298475.html",
        "category_type": "smart_products"
    },
    {
        "name": "Adjustable Anti Slip Legs Laptop Table With Ipad Holder",
        "price": "EGP 172.99",
        "image_url": "https://eg.jumia.is/unsafe/fit-in/300x300/filters:fill(white)/product/79/345325/1.jpg?6701",
        "product_url": "https://jumia.com.eg/generic-adjustable-anti-slip-legs-laptop-table-with-ipad-holder-52354397.html",
        "category_type": "smart_products"
    },
    {
        "name": "Fabric Laptop Sleeves",
        "price": "EGP 189.00",
        "image_url": "https://eg.jumia.is/unsafe/fit-in/300x300/filters:fill(white)/product/14/248522/1.jpg?9649",
        "product_url": "https://jumia.com.eg/generic-fabric-laptop-sleeves-22584241.html",
        "category_type": "smart_products"
    },
    {
        "name": "Metal Laptop Thin 15 ,tablet And Books Stand (foldable) Thin Black",
        "price": "EGP 199.99",
        "image_url": "https://eg.jumia.is/unsafe/fit-in/300x300/filters:fill(white)/product/46/478282/1.jpg?8809",
        "product_url": "https://jumia.com.eg/generic-metal-laptop-thin-15-tablet-and-books-stand-foldable-thin-black-28287464.html",
        "category_type": "smart_products"
    },
    {
        "name": "Fan USB Rechargeable - F665 With 3 Speeds - LED Light - Green",
        "price": "EGP 826.00",
        "image_url": "https://eg.jumia.is/unsafe/fit-in/300x300/filters:fill(white)/product/08/005707/1.jpg?7392",
        "product_url": "https://jumia.com.eg/generic-fan-usb-rechargeable-f665-with-3-speeds-led-light-green-70750080.html",
        "category_type": "smart_products"
    },
    {
        "name": "Laptop Bag 15.6 Inch With USB Output - Black",
        "price": "EGP 179.99",
        "image_url": "https://eg.jumia.is/unsafe/fit-in/300x300/filters:fill(white)/product/43/375773/1.jpg?5710",
        "product_url": "https://jumia.com.eg/laptop-bag-15.6-inch-with-usb-output-black-generic-mpg1039475.html",
        "category_type": "smart_products"
    },
    {
        "name": "Power Strip - 9 Ports (5 Double + 4 Triple) + 2 USB Ports",
        "price": "EGP 195.00",
        "image_url": "https://eg.jumia.is/unsafe/fit-in/300x300/filters:fill(white)/product/75/417063/1.jpg?3647",
        "product_url": "https://jumia.com.eg/generic-power-strip-9-ports-5-double-4-triple-2-usb-ports-36071457.html",
        "category_type": "smart_products"
    },
    {
        "name": "Laptop Bag 17 Inch - For The Back, Black",
        "price": "EGP 335.00",
        "image_url": "https://eg.jumia.is/unsafe/fit-in/300x300/filters:fill(white)/product/36/615104/1.jpg?9856",
        "product_url": "https://jumia.com.eg/generic-laptop-bag-17-inch-for-the-back-black-40151663.html",
        "category_type": "smart_products"
    },
    {
        "name": "Power Strip - 5 Ports (3 Double + 2 Triple) + 2 USB Ports",
        "price": "EGP 168.00",
        "image_url": "https://eg.jumia.is/unsafe/fit-in/300x300/filters:fill(white)/product/70/417063/1.jpg?3613",
        "product_url": "https://jumia.com.eg/generic-power-strip-5-ports-3-double-2-triple-2-usb-ports-36071407.html",
        "category_type": "smart_products"
    },
    {
        "name": "Kingston 128GB Exodia Onyx USB 3.2 Flash - DTXON/128GB",
        "price": "EGP 399.99",
        "image_url": "https://eg.jumia.is/unsafe/fit-in/300x300/filters:fill(white)/product/16/483306/1.jpg?6665",
        "product_url": "https://jumia.com.eg/kingston-128gb-exodia-onyx-usb-3.2-flash-dtxon128gb-60338461.html",
        "category_type": "smart_products"
    },
    {
        "name": "Portable Multi Use Folding Laptop Table - 60*40 Cm - Black",
        "price": "EGP 219.00",
        "image_url": "https://eg.jumia.is/unsafe/fit-in/300x300/filters:fill(white)/product/22/088283/1.jpg?7865",
        "product_url": "https://jumia.com.eg/generic-portable-multi-use-folding-laptop-table-6040-cm-black-38288022.html",
        "category_type": "smart_products"
    },
    {
        "name": "Laptop Bag 15.6-Inch Laptop With Audio  \u2013 Black",
        "price": "EGP 200.00",
        "image_url": "https://eg.jumia.is/unsafe/fit-in/300x300/filters:fill(white)/product/92/251804/1.jpg?4586",
        "product_url": "https://jumia.com.eg/generic-laptop-bag-15.6-inch-laptop-with-audio-black-40815229.html",
        "category_type": "smart_products"
    },
    {
        "name": "USB Wired Mouse Gaming Mouse",
        "price": "EGP 100.00",
        "image_url": "https://eg.jumia.is/unsafe/fit-in/300x300/filters:fill(white)/product/22/025873/1.jpg?0924",
        "product_url": "https://jumia.com.eg/generic-usb-wired-mouse-gaming-mouse-37852022.html",
        "category_type": "smart_products"
    },
    {
        "name": "Spider Hand Fan With Rechargeable Mini Portable Light",
        "price": "EGP 310.80",
        "image_url": "https://eg.jumia.is/unsafe/fit-in/300x300/filters:fill(white)/product/27/649474/1.jpg?7633",
        "product_url": "https://jumia.com.eg/generic-spider-hand-fan-with-rechargeable-mini-portable-light-47494672.html",
        "category_type": "smart_products"
    },
    {
        "name": "Backpacks Boys Backpack Loptop Backpack For Men USB-Black",
        "price": "EGP 175.00",
        "image_url": "https://eg.jumia.is/unsafe/fit-in/300x300/filters:fill(white)/product/94/190673/1.jpg?2585",
        "product_url": "https://jumia.com.eg/backpacks-boys-backpack-loptop-backpack-for-men-usb-black-generic-mpg1040202.html",
        "category_type": "smart_products"
    },
    {
        "name": "Foldable Tablet Stand Bracket Laptop And Holder Phone",
        "price": "EGP 116.00",
        "image_url": "https://eg.jumia.is/unsafe/fit-in/300x300/filters:fill(white)/product/31/592632/1.jpg?3225",
        "product_url": "https://jumia.com.eg/generic-foldable-tablet-stand-bracket-laptop-and-holder-phone-23629513.html",
        "category_type": "smart_products"
    },
    {
        "name": "OTG Adapter USB Male To Type C Female - Black",
        "price": "EGP 69.68",
        "image_url": "https://eg.jumia.is/unsafe/fit-in/300x300/filters:fill(white)/product/86/689852/1.jpg?9713",
        "product_url": "https://jumia.com.eg/generic-otg-adapter-usb-male-to-type-c-female-black-25898668.html",
        "category_type": "smart_products"
    },
    {
        "name": "Usb Wifi Adapter",
        "price": "EGP 210.00",
        "image_url": "https://eg.jumia.is/unsafe/fit-in/300x300/filters:fill(white)/product/41/991622/1.jpg?2113",
        "product_url": "https://jumia.com.eg/usb-wifi-adapter-generic-mpg128408.html",
        "category_type": "smart_products"
    },
    {
        "name": "17 Inch Laptop Bag - Back Black",
        "price": "EGP 350.00",
        "image_url": "https://eg.jumia.is/unsafe/fit-in/300x300/filters:fill(white)/product/77/705742/1.jpg?6118",
        "product_url": "https://jumia.com.eg/generic-17-inch-laptop-bag-back-black-24750777.html",
        "category_type": "smart_products"
    },
    {
        "name": "Aula S20 LED Macro Gaming Mouse  - Black",
        "price": "EGP 195.00",
        "image_url": "https://eg.jumia.is/unsafe/fit-in/300x300/filters:fill(white)/product/65/646291/1.jpg?9985",
        "product_url": "https://jumia.com.eg/s20-led-macro-gaming-mouse-3200-dpi-black-aula-mpg738407.html",
        "category_type": "smart_products"
    },
    {
        "name": "Aula USB Wired Gaming Mouse - Black-2400DPI - Button 6 - Aula",
        "price": "EGP 195.00",
        "image_url": "https://eg.jumia.is/unsafe/fit-in/300x300/filters:fill(white)/product/64/792012/1.jpg?0806",
        "product_url": "https://jumia.com.eg/aula-usb-wired-gaming-mouse-black-2400dpi-button-6-aula-21029746.html",
        "category_type": "smart_products"
    },
    {
        "name": "Foldable Aluminium Alloy Tablet Stand Bracket Laptop Holder",
        "price": "EGP 202.00",
        "image_url": "https://eg.jumia.is/unsafe/fit-in/300x300/filters:fill(white)/product/23/375712/1.jpg?7770",
        "product_url": "https://jumia.com.eg/generic-foldable-aluminium-alloy-tablet-stand-bracket-laptop-holder-21757332.html",
        "category_type": "smart_products"
    },
    {
        "name": "Multi-Function Fan Hook For Hang On Anything  - 1 Pcs - Color May Vary",
        "price": "EGP 150.00",
        "image_url": "https://eg.jumia.is/unsafe/fit-in/300x300/filters:fill(white)/product/97/633874/1.jpg?0459",
        "product_url": "https://jumia.com.eg/generic-multi-function-fan-hook-for-hang-on-anything-1-pcs-color-may-vary-47833679.html",
        "category_type": "smart_products"
    },
    {
        "name": "Laptop Backpack - Blue.",
        "price": "EGP 175.00",
        "image_url": "https://eg.jumia.is/unsafe/fit-in/300x300/filters:fill(white)/product/29/477773/1.jpg?3411",
        "product_url": "https://jumia.com.eg/laptop-backpack-blue.-generic-mpg1040206.html",
        "category_type": "smart_products"
    },
    {
        "name": "Fan USB Rechargeable - Outdoor Hanging Neck Fan- Sports Fan Usb - With 3 Speeds - Blue",
        "price": "EGP 555.00",
        "image_url": "https://eg.jumia.is/unsafe/fit-in/300x300/filters:fill(white)/product/38/005707/1.jpg?7392",
        "product_url": "https://jumia.com.eg/generic-fan-usb-rechargeable-outdoor-hanging-neck-fan-sports-fan-usb-with-3-speeds-blue-70750083.html",
        "category_type": "smart_products"
    },
    {
        "name": "Logitech M90 Optical Wired Mouse - Black",
        "price": "EGP 277.00",
        "image_url": "https://eg.jumia.is/unsafe/fit-in/300x300/filters:fill(white)/product/44/158483/1.jpg?9020",
        "product_url": "https://jumia.com.eg/logitech-m90-optical-wired-mouse-black-38485144.html",
        "category_type": "smart_products"
    },
    {
        "name": "HP Rechargeable 2.4GHz Wireless Bluetooth Mouse",
        "price": "EGP 349.00",
        "image_url": "https://eg.jumia.is/unsafe/fit-in/300x300/filters:fill(white)/product/22/532474/1.jpg?8134",
        "product_url": "https://jumia.com.eg/hp-rechargeable-2.4ghz-wireless-bluetooth-mouse-47423522.html",
        "category_type": "smart_products"
    },
    {
        "name": "Mtm Battery 6v 5ah Rechargeable Battery For Emergency",
        "price": "EGP 379.00",
        "image_url": "https://eg.jumia.is/unsafe/fit-in/300x300/filters:fill(white)/product/04/515835/1.jpg?7524",
        "product_url": "https://jumia.com.eg/generic-mtm-battery-6v-5ah-rechargeable-battery-for-emergency-53851540.html",
        "category_type": "smart_products"
    },
    {
        "name": "Laptop Bag 17 Inch - For The Back, Gray",
        "price": "EGP 350.00",
        "image_url": "https://eg.jumia.is/unsafe/fit-in/300x300/filters:fill(white)/product/95/958083/1.jpg?4968",
        "product_url": "https://jumia.com.eg/generic-laptop-bag-17-inch-for-the-back-gray-38085959.html",
        "category_type": "smart_products"
    },
    {
        "name": "AKAI Lubricant Contact Cleaner Spray",
        "price": "EGP 57.99",
        "image_url": "https://eg.jumia.is/unsafe/fit-in/300x300/filters:fill(white)/product/99/974161/1.jpg?2780",
        "product_url": "https://jumia.com.eg/lubricant-contact-cleaner-spray-akai-mpg764134.html",
        "category_type": "smart_products"
    },
    {
        "name": "Mini Fan Panda- Cat Portable And Mobile Holder - Rechargeable USB",
        "price": "EGP 366.00",
        "image_url": "https://eg.jumia.is/unsafe/fit-in/300x300/filters:fill(white)/product/11/658464/1.jpg?7006",
        "product_url": "https://jumia.com.eg/generic-mini-fan-panda-cat-portable-and-mobile-holder-rechargeable-usb-46485611.html",
        "category_type": "smart_products"
    },
    {
        "name": "15.6 Inch Laptop Bag - Blue",
        "price": "EGP 165.00",
        "image_url": "https://eg.jumia.is/unsafe/fit-in/300x300/filters:fill(white)/product/17/631032/1.jpg?9843",
        "product_url": "https://jumia.com.eg/15.6-inch-laptop-bag-back-blue-generic-mpg1039556.html",
        "category_type": "smart_products"
    },
    {
        "name": "Chest Bag For 9.7-Inch Devices - Gray",
        "price": "EGP 139.99",
        "image_url": "https://eg.jumia.is/unsafe/fit-in/300x300/filters:fill(white)/product/89/882212/1.jpg?9845",
        "product_url": "https://jumia.com.eg/chest-bag-for-9.7-inch-devices-gray-generic-mpg767022.html",
        "category_type": "smart_products"
    },
    {
        "name": "3-piece Bag Set - Laptop Bag, Crossbody And Wallet - Black",
        "price": "EGP 348.00",
        "image_url": "https://eg.jumia.is/unsafe/fit-in/300x300/filters:fill(white)/product/71/448082/1.jpg?9312",
        "product_url": "https://jumia.com.eg/generic-3-piece-bag-set-laptop-bag-crossbody-and-wallet-black-28084417.html",
        "category_type": "smart_products"
    },
    {
        "name": "15.6 Inch Laptop Sleeve - Shockproof Laptop Sleeve - Laptop Shirt - Gray",
        "price": "EGP 180.00",
        "image_url": "https://eg.jumia.is/unsafe/fit-in/300x300/filters:fill(white)/product/82/596113/1.jpg?6048",
        "product_url": "https://jumia.com.eg/generic-15.6-inch-laptop-sleeve-shockproof-laptop-sleeve-laptop-shirt-gray-31169528.html",
        "category_type": "smart_products"
    },
    {
        "name": "Handheld Portable Rechargeable Mini Fan",
        "price": "EGP 325.22",
        "image_url": "https://eg.jumia.is/unsafe/fit-in/300x300/filters:fill(white)/product/20/909094/1.jpg?9935",
        "product_url": "https://jumia.com.eg/generic-handheld-portable-rechargeable-mini-fan-49090902.html",
        "category_type": "smart_products"
    },
    {
        "name": "OTG Usb Flash Drive 256GB 64GB TB USB2.0 3.0 Type-c",
        "price": "EGP 203.05 - EGP 353.70",
        "image_url": "https://eg.jumia.is/unsafe/fit-in/300x300/filters:fill(white)/product/49/572125/1.jpg?2030",
        "product_url": "https://jumia.com.eg/generic-otg-usb-flash-drive-256gb-64gb-tb-usb2.0-3.0-type-c-52127594.html",
        "category_type": "smart_products"
    },
    {
        "name": "OTG Usb Flash Drive 256GB 64GB TB USB2.0 3.0 Type-c",
        "price": "EGP 203.05 - EGP 353.70",
        "image_url": "https://eg.jumia.is/unsafe/fit-in/300x300/filters:fill(white)/product/49/572125/1.jpg?2030",
        "product_url": "https://jumia.com.eg/generic-otg-usb-flash-drive-256gb-64gb-tb-usb2.0-3.0-type-c-52127594.html",
        "category_type": "smart_products"
    },
    {
        "name": "Laptop Bag 156-Inch Laptop With Audio & USB Charge Port  \u2013 Dark Grey",
        "price": "EGP 175.00",
        "image_url": "https://eg.jumia.is/unsafe/fit-in/300x300/filters:fill(white)/product/90/577773/1.jpg?3411",
        "product_url": "https://jumia.com.eg/laptop-bag-156-inch-laptop-with-audio-usb-charge-port-dark-grey-generic-mpg1039591.html",
        "category_type": "smart_products"
    },
    {
        "name": "Kingston 64GB Exodia Onyx USB 3.2 Flash - DTXON/64GB",
        "price": "EGP 249.99",
        "image_url": "https://eg.jumia.is/unsafe/fit-in/300x300/filters:fill(white)/product/06/483306/1.jpg?6665",
        "product_url": "https://jumia.com.eg/kingston-64gb-exodia-onyx-usb-3.2-flash-dtxon64gb-60338460.html",
        "category_type": "smart_products"
    },
    {
        "name": "TP-Link TL-WA850RE  N 300Mbps Universal WiFi Range Extender",
        "price": "EGP 749.00",
        "image_url": "https://eg.jumia.is/unsafe/fit-in/300x300/filters:fill(white)/product/96/55035/1.jpg?5046",
        "product_url": "https://jumia.com.eg/tl-wa850re-n-300mbps-universal-wifi-range-extender-white-tp-link-mpg892082.html",
        "category_type": "smart_products"
    },
    {
        "name": "Kingston 64GB Class10 Canvas Select Plus MicroSD Card With SD Adaptor - SDCS2/64GB",
        "price": "EGP 299.99",
        "image_url": "https://eg.jumia.is/unsafe/fit-in/300x300/filters:fill(white)/product/59/298471/1.jpg?1042",
        "product_url": "https://jumia.com.eg/kingston-64gb-class10-canvas-select-plus-microsd-card-with-sd-adaptor-sdcs264gb-17489295.html",
        "category_type": "smart_products"
    },
    {
        "name": "Gaming Mouse Pad",
        "price": "EGP 38.99",
        "image_url": "https://eg.jumia.is/unsafe/fit-in/300x300/filters:fill(white)/product/90/857142/1.jpg?0524",
        "product_url": "https://jumia.com.eg/gaming-mouse-pad-generic-mpg172965.html",
        "category_type": "smart_products"
    },
    {
        "name": "RAHALA 2204 17-Inch THREE Compartment Laptop Travel Waterproof Business With USB Charging, Black",
        "price": "EGP 1,129.00",
        "image_url": "https://eg.jumia.is/unsafe/fit-in/300x300/filters:fill(white)/product/71/736142/1.jpg?1835",
        "product_url": "https://jumia.com.eg/rahala-2204-17-inch-three-compartment-laptop-travel-waterproof-business-with-usb-charging-black-24163717.html",
        "category_type": "smart_products"
    },
    {
        "name": "Router Operation Cable From Power Bank",
        "price": "EGP 175.50",
        "image_url": "https://eg.jumia.is/unsafe/fit-in/300x300/filters:fill(white)/product/74/966745/1.jpg?9354",
        "product_url": "https://jumia.com.eg/generic-router-operation-cable-from-power-bank-54766947.html",
        "category_type": "smart_products"
    },
    {
        "name": "Laptop Bag 156-Inch Laptop With Audio & USB Charge Port  \u2013 Black",
        "price": "EGP 200.00",
        "image_url": "https://eg.jumia.is/unsafe/fit-in/300x300/filters:fill(white)/product/94/496933/1.jpg?3146",
        "product_url": "https://jumia.com.eg/laptop-bag-156-inch-laptop-black-generic-mpg1039592.html",
        "category_type": "smart_products"
    },
    {
        "name": "Logitech Wireless Mouse M171 - Black",
        "price": "EGP 545.00",
        "image_url": "https://eg.jumia.is/unsafe/fit-in/300x300/filters:fill(white)/product/76/948483/1.jpg?4542",
        "product_url": "https://jumia.com.eg/logitech-wireless-mouse-m171-black-38484967.html",
        "category_type": "smart_products"
    },
    {
        "name": "D-Link DSL-X1852E D-Link WI-FI 6  AX 1800 Dual-Band Gigabit Ports VDSL2/ADSL2+ Modem Router IAD With 4 Gigabit LAN Ports, 1 Gigabit WAN, 2 FXS, 1 X USB 3.0, 4 X External Antennas, D-Link Mesh Wi-Fi 6",
        "price": "EGP 3,500.00",
        "image_url": "https://eg.jumia.is/unsafe/fit-in/300x300/filters:fill(white)/product/98/089134/1.jpg?5012",
        "product_url": "https://jumia.com.eg/d-link-dsl-x1852e-d-link-wi-fi-6-ax-1800-dual-band-gigabit-ports-vdsl2adsl2-modem-router-iad-with-4-gigabit-lan-ports-1-gigabit-wan-2-fxs-1-x-usb-3.0-4-x-external-antennas-d-link-mesh-wi-fi-6-43198089.html",
        "category_type": "smart_products"
    },
    {
        "name": "Laptop Bag 15.6-Inch Laptop With Audio  \u2013 Grey",
        "price": "EGP 200.00",
        "image_url": "https://eg.jumia.is/unsafe/fit-in/300x300/filters:fill(white)/product/72/449913/1.jpg?3559",
        "product_url": "https://jumia.com.eg/generic-laptop-bag-15.6-inch-laptop-with-audio-grey-31994427.html",
        "category_type": "smart_products"
    },
    {
        "name": "Logitech H111 Headset With Mic - Black",
        "price": "EGP 639.00",
        "image_url": "https://eg.jumia.is/unsafe/fit-in/300x300/filters:fill(white)/product/90/794222/1.jpg?4888",
        "product_url": "https://jumia.com.eg/h111-headset-with-mic-black-logitech-mpg704655.html",
        "category_type": "smart_products"
    },
    {
        "name": "TP-Link TL-WA855RE - 300 Mbps 2.4GHz - Wi-Fi Range Extender",
        "price": "EGP 925.97",
        "image_url": "https://eg.jumia.is/unsafe/fit-in/300x300/filters:fill(white)/product/17/064344/1.jpg?0684",
        "product_url": "https://jumia.com.eg/tp-link-tl-wa855re-300-mbps-2.4ghz-wi-fi-range-extender-44346071.html",
        "category_type": "smart_products"
    },
    {
        "name": "MEINAILI 1809 Nylon Business Waterproof Laptop Backpack Built-In USB Port Headphone Jack - Grey",
        "price": "EGP 860.00",
        "image_url": "https://eg.jumia.is/unsafe/fit-in/300x300/filters:fill(white)/product/21/796812/1.jpg?5364",
        "product_url": "https://jumia.com.eg/meinaili-1809-nylon-business-waterproof-laptop-backpack-built-in-usb-port-headphone-jack-grey-21869712.html",
        "category_type": "smart_products"
    },
    {
        "name": "Sandisk 128GB Ultra Dual Drive Go USB 3.1 & Type-C - SDDDC3-128G-G46",
        "price": "EGP 790.00",
        "image_url": "https://eg.jumia.is/unsafe/fit-in/300x300/filters:fill(white)/product/23/641762/1.jpg?9291",
        "product_url": "https://jumia.com.eg/sandisk-128gb-ultra-dual-drive-go-usb-3.1-type-c-sdddc3-128g-g46-26714632.html",
        "category_type": "smart_products"
    },
    {
        "name": "Mini Neck Fan  Portable- Rechargeable",
        "price": "EGP 477.00",
        "image_url": "https://eg.jumia.is/unsafe/fit-in/300x300/filters:fill(white)/product/12/411764/1.jpg?2165",
        "product_url": "https://jumia.com.eg/generic-mini-neck-fan-portable-rechargeable-46711421.html",
        "category_type": "smart_products"
    },
    {
        "name": "Kingston 128GB Class10 Canvas Select Plus MicroSD Card With SD Adaptor - SDCS2/128GB",
        "price": "EGP 499.99",
        "image_url": "https://eg.jumia.is/unsafe/fit-in/300x300/filters:fill(white)/product/63/579471/1.jpg?3644",
        "product_url": "https://jumia.com.eg/kingston-128gb-class10-canvas-select-plus-microsd-card-with-sd-adaptor-sdcs2128gb-17497536.html",
        "category_type": "smart_products"
    },
    {
        "name": "Laptop Stand Creative Folding Storage Bracket",
        "price": "EGP 59.00",
        "image_url": "https://eg.jumia.is/unsafe/fit-in/300x300/filters:fill(white)/product/93/548506/1.jpg?5240",
        "product_url": "https://jumia.com.eg/generic-laptop-stand-creative-folding-storage-bracket-60584539.html",
        "category_type": "smart_products"
    },
    {
        "name": "iLOCK Power Strip 5 Universal Outlets With-16A Switch",
        "price": "EGP 335.00",
        "image_url": "https://eg.jumia.is/unsafe/fit-in/300x300/filters:fill(white)/product/70/789245/1.jpg?3514",
        "product_url": "https://jumia.com.eg/ilock-power-strip-5-universal-outlets-with-16a-switch-54298707.html",
        "category_type": "smart_products"
    },
    {
        "name": "TP-Link TL-WA850RE - 300 Mbps 2.4GHz - Wi-Fi Range Extender",
        "price": "EGP 822.97",
        "image_url": "https://eg.jumia.is/unsafe/fit-in/300x300/filters:fill(white)/product/27/064344/1.jpg?0684",
        "product_url": "https://jumia.com.eg/tp-link-tl-wa850re-300-mbps-2.4ghz-wi-fi-range-extender-44346072.html",
        "category_type": "smart_products"
    },
    {
        "name": "Fabric Laptop Sleeves",
        "price": "EGP 189.00",
        "image_url": "https://eg.jumia.is/unsafe/fit-in/300x300/filters:fill(white)/product/97/759993/1.jpg?2525",
        "product_url": "https://jumia.com.eg/generic-fabric-laptop-sleeves-39995779.html",
        "category_type": "smart_products"
    },
    {
        "name": "Fan USB Rechargeable - Sports Fans Usb  - Outdoor Hanging Neck Fan - With 3 Speeds - White",
        "price": "EGP 488.00",
        "image_url": "https://eg.jumia.is/unsafe/fit-in/300x300/filters:fill(white)/product/28/005707/1.jpg?3133",
        "product_url": "https://jumia.com.eg/generic-fan-usb-rechargeable-sports-fans-usb-outdoor-hanging-neck-fan-with-3-speeds-white-70750082.html",
        "category_type": "smart_products"
    },
    {
        "name": "Lexar 16GB USB 2.0 Flash Drive, Mini USB Stick,",
        "price": "EGP 149.00",
        "image_url": "https://eg.jumia.is/unsafe/fit-in/300x300/filters:fill(white)/product/84/995437/1.jpg?2152",
        "product_url": "https://jumia.com.eg/lexar-16gb-usb-2.0-flash-drive-mini-usb-stick-73459948.html",
        "category_type": "smart_products"
    },
    {
        "name": "Laptop & Tablet  Stand Foldable Aluminum Alloy Multi  Angles Height Adjustment",
        "price": "EGP 269.00",
        "image_url": "https://eg.jumia.is/unsafe/fit-in/300x300/filters:fill(white)/product/35/393055/1.jpg?9373",
        "product_url": "https://jumia.com.eg/generic-laptop-tablet-stand-foldable-aluminum-alloy-multi-angles-height-adjustment-55039353.html",
        "category_type": "smart_products"
    },
    {
        "name": "Lenovo Ideapad 1 15ALC7 ( AMD Ryzen5-5500U \u2013 8G Ram-512GB NVMe-AMD Radeon Graphics \u2013 15.6FHD-Win11 Home- Blue ) + Bag Lenovo",
        "price": "EGP 19,990.00",
        "image_url": "https://eg.jumia.is/unsafe/fit-in/300x300/filters:fill(white)/product/38/639335/1.jpg?6815",
        "product_url": "https://jumia.com.eg/lenovo-ideapad-1-15alc7-amd-ryzen5-5500u-8g-ram-512gb-nvme-amd-radeon-graphics-15.6fhd-win11-home-blue-bag-lenovo-53393683.html",
        "category_type": "smart_products"
    },
    {
        "name": "Stand Laptop And Tablet  Metal +Free Cover+ Free Mobile Holder- Silver",
        "price": "EGP 366.00",
        "image_url": "https://eg.jumia.is/unsafe/fit-in/300x300/filters:fill(white)/product/95/019364/1.jpg?6754",
        "product_url": "https://jumia.com.eg/generic-stand-laptop-and-tablet-metal-free-cover-free-mobile-holder-silver-46391059.html",
        "category_type": "smart_products"
    },
    {
        "name": "Laptop Table And Cup Holder - 60 X 40 Cm",
        "price": "EGP 239.00",
        "image_url": "https://eg.jumia.is/unsafe/fit-in/300x300/filters:fill(white)/product/96/698332/1.jpg?0365",
        "product_url": "https://jumia.com.eg/laptop-table-and-cup-holder-60-x-40-cm-generic-mpg835141.html",
        "category_type": "smart_products"
    },
    {
        "name": "Fan Cooling USB -With 3 Speeds - LED Light- Water Spray -Timer - Green",
        "price": "EGP 1,200.00",
        "image_url": "https://eg.jumia.is/unsafe/fit-in/300x300/filters:fill(white)/product/36/918827/1.jpg?5798",
        "product_url": "https://jumia.com.eg/generic-fan-cooling-usb-with-3-speeds-led-light-water-spray-timer-green-72881963.html",
        "category_type": "smart_products"
    },
    {
        "name": "Foldable Tablet Stand Bracket Laptop Holder",
        "price": "EGP 72.99",
        "image_url": "https://eg.jumia.is/unsafe/fit-in/300x300/filters:fill(white)/product/49/126193/1.jpg?0327",
        "product_url": "https://jumia.com.eg/generic-foldable-tablet-stand-bracket-laptop-holder-39162194.html",
        "category_type": "smart_products"
    },
    {
        "name": "Printer Refill Ink Compatible With HP Series 1 Sets(black ,yellow ,cyan ,magenta)",
        "price": "EGP 375.00",
        "image_url": "https://eg.jumia.is/unsafe/fit-in/300x300/filters:fill(white)/product/09/966432/1.jpg?7813",
        "product_url": "https://jumia.com.eg/printer-refill-ink-compatible-with-hp-series-1-setsblack-yellow-cyan-magenta-generic-mpg840676.html",
        "category_type": "smart_products"
    },
    {
        "name": "Chest Theft  Bag For 9.7-inch Devices - Grey",
        "price": "EGP 600.00",
        "image_url": "https://eg.jumia.is/unsafe/fit-in/300x300/filters:fill(white)/product/57/631032/1.jpg?6324",
        "product_url": "https://jumia.com.eg/chest-theft-bag-for-9.7-inch-devices-grey-generic-mpg839140.html",
        "category_type": "smart_products"
    },
    {
        "name": "Adapter And Splitter From (Type C) To (4 USB Ports) That Works With Phones And MacBooks",
        "price": "EGP 169.68",
        "image_url": "https://eg.jumia.is/unsafe/fit-in/300x300/filters:fill(white)/product/22/158613/1.jpg?4863",
        "product_url": "https://jumia.com.eg/generic-adapter-and-splitter-from-type-c-to-4-usb-ports-that-works-with-phones-and-macbooks-31685122.html",
        "category_type": "smart_products"
    },
    {
        "name": "17 Inch Laptop Bag - Gray",
        "price": "EGP 270.00",
        "image_url": "https://eg.jumia.is/unsafe/fit-in/300x300/filters:fill(white)/product/17/099114/1.jpg?0406",
        "product_url": "https://jumia.com.eg/generic-17-inch-laptop-bag-gray-41199071.html",
        "category_type": "smart_products"
    },
    {
        "name": "Kingston 256GB Class10 Canvas Select Plus MicroSD Card With SD Adapter - SDCS2/256GB",
        "price": "EGP 999.99",
        "image_url": "https://eg.jumia.is/unsafe/fit-in/300x300/filters:fill(white)/product/05/232871/1.jpg?5706",
        "product_url": "https://jumia.com.eg/kingston-256gb-class10-canvas-select-plus-microsd-card-with-sd-adapter-sdcs2256gb-17823250.html",
        "category_type": "smart_products"
    },
    {
        "name": "Fan Cooling USB Mini - Quick To Cool Air -Usb-White/ Black",
        "price": "EGP 685.00",
        "image_url": "https://eg.jumia.is/unsafe/fit-in/300x300/filters:fill(white)/product/79/728154/1.jpg?2224",
        "product_url": "https://jumia.com.eg/generic-fan-cooling-usb-mini-quick-to-cool-air-usb-white-black-45182797.html",
        "category_type": "smart_products"
    },
    {
        "name": "Hikvision 128GB USB 2.0 Metal Flash - M200/128G",
        "price": "EGP 299.99",
        "image_url": "https://eg.jumia.is/unsafe/fit-in/300x300/filters:fill(white)/product/34/909094/1.jpg?2114",
        "product_url": "https://jumia.com.eg/hikvision-128gb-usb-2.0-metal-flash-m200128g-49090943.html",
        "category_type": "smart_products"
    },
    {
        "name": "Sandisk 32GB Ultra Dual Drive Go USB Type-C Flash Drive",
        "price": "EGP 390.00",
        "image_url": "https://eg.jumia.is/unsafe/fit-in/300x300/filters:fill(white)/product/39/816862/1.jpg?4163",
        "product_url": "https://jumia.com.eg/sandisk-32gb-ultra-dual-drive-go-usb-type-c-flash-drive-26861893.html",
        "category_type": "smart_products"
    },
    {
        "name": "3 Pieces Laptop Backpack Bag Unisex - Gray",
        "price": "EGP 348.00",
        "image_url": "https://eg.jumia.is/unsafe/fit-in/300x300/filters:fill(white)/product/94/148082/1.jpg?5745",
        "product_url": "https://jumia.com.eg/generic-3-pieces-laptop-backpack-bag-unisex-gray-28084149.html",
        "category_type": "smart_products"
    },
    {
        "name": "Adjustable Laptop Stand, Portable Aluminium Laptop Riser Laptop Holder For Desk, Foldable Ventilated Cooling Computer Support Stand For Apple MacBook Pro/Air, HP, Sony, Dell, More 10-15.6\u201d",
        "price": "EGP 200.00",
        "image_url": "https://eg.jumia.is/unsafe/fit-in/300x300/filters:fill(white)/product/51/519135/1.jpg?1689",
        "product_url": "https://jumia.com.eg/generic-adjustable-laptop-stand-portable-aluminium-laptop-riser-laptop-holder-for-desk-foldable-ventilated-cooling-computer-support-stand-for-apple-macbook-proair-hp-sony-dell-more-10-15.6-53191515.html",
        "category_type": "smart_products"
    }
]