[
    {
        "name": "Atari Super 8-bit Game Super Mario TV Console - 2725603139442",
        "price": "EGP 435.00",
        "image_url": "https://eg.jumia.is/unsafe/fit-in/300x300/filters:fill(white)/product/47/847054/1.jpg?2493",
        "product_url": "https://jumia.com.eg/atari-super-8-bit-game-super-mario-tv-console-2725603139442-45074874.html",
        "category_type": "Gaming"
    },
    {
        "name": "Universal Active Stylus Pen for Android IOS Windows Touch P",
        "price": "EGP 332.31",
        "image_url": "https://eg.jumia.is/unsafe/fit-in/300x300/filters:fill(white)/product/71/052025/1.jpg?7828",
        "product_url": "https://jumia.com.eg/generic-universal-active-stylus-pen-for-android-ios-windows-touch-p-52025017.html",
        "category_type": "Gaming"
    },
    {
        "name": "Touch Stylus S Pen Tips Nibs+ Pen Clip for Samsung Tab S7 S7+/S6 Lite/Note10/Note20 Universal Stylus Tip White",
        "price": "EGP 67.26",
        "image_url": "https://eg.jumia.is/unsafe/fit-in/300x300/filters:fill(white)/product/87/931743/1.jpg?9636",
        "product_url": "https://jumia.com.eg/generic-touch-stylus-s-pen-tips-nibs-pen-clip-for-samsung-tab-s7-s7s6-litenote10note20-universal-stylus-tip-white-34713978.html",
        "category_type": "Gaming"
    },
    {
        "name": "Charging Cable For Xbox 360 Controller",
        "price": "EGP 120.00",
        "image_url": "https://eg.jumia.is/unsafe/fit-in/300x300/filters:fill(white)/product/32/562125/1.jpg?6405",
        "product_url": "https://jumia.com.eg/generic-charging-cable-for-xbox-360-controller-52126523.html",
        "category_type": "Gaming"
    },
    {
        "name": "Blulory 4K Smart TV Stick Video Game Consoles(64GB 10,000+Games)",
        "price": "EGP 1,550.00",
        "image_url": "https://eg.jumia.is/unsafe/fit-in/300x300/filters:fill(white)/product/22/811157/1.jpg?4950",
        "product_url": "https://jumia.com.eg/generic-blulory-4k-smart-tv-stick-video-game-consoles64gb-10000games-75111822.html",
        "category_type": "Gaming"
    },
    {
        "name": "Sony Playstation 5 Standard ( 2 Years Warranty From 2B )",
        "price": "EGP 35,299.00",
        "image_url": "https://eg.jumia.is/unsafe/fit-in/300x300/filters:fill(white)/product/31/693592/1.jpg?9090",
        "product_url": "https://jumia.com.eg/sony-playstation-5-standard-2-years-warranty-from-2b-29539613.html",
        "category_type": "Gaming"
    },
    {
        "name": "Playstation GTA 5 : Grand Theft Auto V Premium Edition - PS4",
        "price": "EGP 1,495.00",
        "image_url": "https://eg.jumia.is/unsafe/fit-in/300x300/filters:fill(white)/product/30/038154/1.jpg?8144",
        "product_url": "https://jumia.com.eg/playstation-gta-5-grand-theft-auto-v-premium-edition-ps4-45183003.html",
        "category_type": "Gaming"
    },
    {
        "name": "PS4 Controller Copy  USB Charging Cable - Blue",
        "price": "EGP 800.00",
        "image_url": "https://eg.jumia.is/unsafe/fit-in/300x300/filters:fill(white)/product/41/508294/1.jpg?8256",
        "product_url": "https://jumia.com.eg/generic-ps4-controller-copy-usb-charging-cable-blue-49280514.html",
        "category_type": "Gaming"
    },
    {
        "name": "EA Sports FC 24 - PlayStation 5",
        "price": "EGP 1,799.00",
        "image_url": "https://eg.jumia.is/unsafe/fit-in/300x300/filters:fill(white)/product/37/610515/1.jpg?6029",
        "product_url": "https://jumia.com.eg/ea-sports-fc-24-playstation-5-51501673.html",
        "category_type": "Gaming"
    },
    {
        "name": "Sony DOUBLESHOCK PS4",
        "price": "EGP 1,099.00",
        "image_url": "https://eg.jumia.is/unsafe/fit-in/300x300/filters:fill(white)/product/00/999384/1.jpg?7961",
        "product_url": "https://jumia.com.eg/sony-doubleshock-ps4-48399900.html",
        "category_type": "Gaming"
    },
    {
        "name": "Rockstar Games Grand Theft Auto V: Premium Edition (PS4)",
        "price": "EGP 1,900.00",
        "image_url": "https://eg.jumia.is/unsafe/fit-in/300x300/filters:fill(white)/product/96/895171/1.jpg?8407",
        "product_url": "https://jumia.com.eg/rockstar-games-grand-theft-auto-v-premium-edition-ps4-17159869.html",
        "category_type": "Gaming"
    },
    {
        "name": "Stylus Pen for Drawing Smartphone Contact Pens for Android Tablet Painting Writing Magnetic Pen Cap Mobile Phone Pencil",
        "price": "EGP 176.13",
        "image_url": "https://eg.jumia.is/unsafe/fit-in/300x300/filters:fill(white)/product/92/365714/1.jpg?7857",
        "product_url": "https://jumia.com.eg/generic-stylus-pen-for-drawing-smartphone-contact-pens-for-android-tablet-painting-writing-magnetic-pen-cap-mobile-phone-pencil-41756329.html",
        "category_type": "Gaming"
    },
    {
        "name": "PlayStation 4 Bag - Hand",
        "price": "EGP 330.00",
        "image_url": "https://eg.jumia.is/unsafe/fit-in/300x300/filters:fill(white)/product/54/700672/1.jpg?3171",
        "product_url": "https://jumia.com.eg/generic-playstation-4-bag-hand-27600745.html",
        "category_type": "Gaming"
    },
    {
        "name": "Atari Super mario Super 8-bit Game TV console",
        "price": "EGP 430.00",
        "image_url": "https://eg.jumia.is/unsafe/fit-in/300x300/filters:fill(white)/product/06/133458/1.jpg?9853",
        "product_url": "https://jumia.com.eg/atari-super-mario-super-8-bit-game-tv-console-85433160.html",
        "category_type": "Gaming"
    },
    {
        "name": "Rockstar Games GTA 5: Grand Theft Auto V - PS5",
        "price": "EGP 1,825.00",
        "image_url": "https://eg.jumia.is/unsafe/fit-in/300x300/filters:fill(white)/product/42/038154/1.jpg?8143",
        "product_url": "https://jumia.com.eg/rockstar-games-gta-5-grand-theft-auto-v-ps5-45183024.html",
        "category_type": "Gaming"
    },
    {
        "name": "Playstation 5 Backpack Bag - BLACK",
        "price": "EGP 399.00",
        "image_url": "https://eg.jumia.is/unsafe/fit-in/300x300/filters:fill(white)/product/55/579083/1.jpg?1807",
        "product_url": "https://jumia.com.eg/generic-playstation-5-backpack-bag-black-38097555.html",
        "category_type": "Gaming"
    },
    {
        "name": "PlayStation 5 Backpack - Navy Blue",
        "price": "EGP 399.00",
        "image_url": "https://eg.jumia.is/unsafe/fit-in/300x300/filters:fill(white)/product/57/032947/1.jpg?7634",
        "product_url": "https://jumia.com.eg/generic-playstation-5-backpack-navy-blue-74923075.html",
        "category_type": "Gaming"
    },
    {
        "name": "5Pcs Spare Nib Tip for Apple Pencil 1St 2St iPad Pro Stylus",
        "price": "EGP 58.38",
        "image_url": "https://eg.jumia.is/unsafe/fit-in/300x300/filters:fill(white)/product/03/928163/1.jpg?9075",
        "product_url": "https://jumia.com.eg/generic-5pcs-spare-nib-tip-for-apple-pencil-1st-2st-ipad-pro-stylus-36182930.html",
        "category_type": "Gaming"
    },
    {
        "name": "PS4 Controller Copy USB Charging Cable - Black",
        "price": "EGP 800.00",
        "image_url": "https://eg.jumia.is/unsafe/fit-in/300x300/filters:fill(white)/product/21/508294/1.jpg?8256",
        "product_url": "https://jumia.com.eg/generic-ps4-controller-copy-usb-charging-cable-black-49280512.html",
        "category_type": "Gaming"
    },
    {
        "name": "Atari Mario Multigame Programmer + External Game Bar with 8 Bytes Super Game Controller",
        "price": "EGP 442.00",
        "image_url": "https://eg.jumia.is/unsafe/fit-in/300x300/filters:fill(white)/product/13/495686/1.jpg?6872",
        "product_url": "https://jumia.com.eg/generic-atari-mario-multigame-programmer-external-game-bar-with-8-bytes-super-game-controller-68659431.html",
        "category_type": "Gaming"
    },
    {
        "name": "WB Games Batman: Arkham Collection - PS4",
        "price": "EGP 1,470.00",
        "image_url": "https://eg.jumia.is/unsafe/fit-in/300x300/filters:fill(white)/product/12/789802/1.jpg?6023",
        "product_url": "https://jumia.com.eg/batman-arkham-collection-ps4-wb-games-mpg884876.html",
        "category_type": "Gaming"
    },
    {
        "name": "4g Thermal Paste MX-4 (4.0g)",
        "price": "EGP 400.00",
        "image_url": "https://eg.jumia.is/unsafe/fit-in/300x300/filters:fill(white)/product/85/252125/1.jpg?4601",
        "product_url": "https://jumia.com.eg/generic-4g-thermal-paste-mx-4-4.0g-52125258.html",
        "category_type": "Gaming"
    },
    {
        "name": "Universal Passive Stylus Pen Capacitive Pen Sensitive Touch",
        "price": "EGP 211.00",
        "image_url": "https://eg.jumia.is/unsafe/fit-in/300x300/filters:fill(white)/product/95/631052/1.jpg?8608",
        "product_url": "https://jumia.com.eg/generic-universal-passive-stylus-pen-capacitive-pen-sensitive-touch-25013659.html",
        "category_type": "Gaming"
    },
    {
        "name": "Anti-Slip Silicone Thumb Key Cover For PS5, PS4 And Xbox Series",
        "price": "EGP 60.00",
        "image_url": "https://eg.jumia.is/unsafe/fit-in/300x300/filters:fill(white)/product/41/626984/1.jpg?9924",
        "product_url": "https://jumia.com.eg/generic-anti-slip-silicone-thumb-key-cover-for-ps5-ps4-and-xbox-series-48962614.html",
        "category_type": "Gaming"
    },
    {
        "name": "PS4 Controller Copy  USB Charging Cable - Camouflage Blue",
        "price": "EGP 850.00",
        "image_url": "https://eg.jumia.is/unsafe/fit-in/300x300/filters:fill(white)/product/88/269294/1.jpg?0904",
        "product_url": "https://jumia.com.eg/generic-ps4-controller-copy-usb-charging-cable-camouflage-blue-49296288.html",
        "category_type": "Gaming"
    },
    {
        "name": "PlayStation 4 Bag - Hand",
        "price": "EGP 330.00",
        "image_url": "https://eg.jumia.is/unsafe/fit-in/300x300/filters:fill(white)/product/55/510706/1.jpg?5298",
        "product_url": "https://jumia.com.eg/generic-playstation-4-bag-hand-60701555.html",
        "category_type": "Gaming"
    },
    {
        "name": "PlayStation 4 Controller Red",
        "price": "EGP 800.00",
        "image_url": "https://eg.jumia.is/unsafe/fit-in/300x300/filters:fill(white)/product/51/508294/1.jpg?8257",
        "product_url": "https://jumia.com.eg/generic-playstation-4-controller-red-49280515.html",
        "category_type": "Gaming"
    },
    {
        "name": "Wireless Controller For Playstation 4 Console And Computer Usb Cable",
        "price": "EGP 850.00",
        "image_url": "https://eg.jumia.is/unsafe/fit-in/300x300/filters:fill(white)/product/88/249686/1.jpg?3655",
        "product_url": "https://jumia.com.eg/generic-wireless-controller-for-playstation-4-console-and-computer-usb-cable-68694288.html",
        "category_type": "Gaming"
    },
    {
        "name": "Otvo Charging Base For PlayStation 5, Fast Charger",
        "price": "EGP 300.00",
        "image_url": "https://eg.jumia.is/unsafe/fit-in/300x300/filters:fill(white)/product/02/944786/1.jpg?2609",
        "product_url": "https://jumia.com.eg/otvo-charging-base-for-playstation-5-fast-charger-68744920.html",
        "category_type": "Gaming"
    },
    {
        "name": "Advanced Wireless Controller For Playstation 4 Console And Computer Usb Cable",
        "price": "EGP 900.00",
        "image_url": "https://eg.jumia.is/unsafe/fit-in/300x300/filters:fill(white)/product/38/119586/1.jpg?2611",
        "product_url": "https://jumia.com.eg/generic-advanced-wireless-controller-for-playstation-4-console-and-computer-usb-cable-68591183.html",
        "category_type": "Gaming"
    },
    {
        "name": "500 Games Gaming Device",
        "price": "EGP 500.00",
        "image_url": "https://eg.jumia.is/unsafe/fit-in/300x300/filters:fill(white)/product/43/564725/1.jpg?9330",
        "product_url": "https://jumia.com.eg/generic-500-games-gaming-device-52746534.html",
        "category_type": "Gaming"
    },
    {
        "name": "Advanced Wireless Controller For Playstation 4 Console And Computer Usb Cable",
        "price": "EGP 900.00",
        "image_url": "https://eg.jumia.is/unsafe/fit-in/300x300/filters:fill(white)/product/41/697705/1.jpg?3689",
        "product_url": "https://jumia.com.eg/generic-advanced-wireless-controller-for-playstation-4-console-and-computer-usb-cable-50779614.html",
        "category_type": "Gaming"
    },
    {
        "name": "PS4 Controller Built-in Dual Vibration Sound Function USB Charging Cable - Black",
        "price": "EGP 800.00",
        "image_url": "https://eg.jumia.is/unsafe/fit-in/300x300/filters:fill(white)/product/58/031374/1.jpg?6721",
        "product_url": "https://jumia.com.eg/generic-ps4-controller-built-in-dual-vibration-sound-function-usb-charging-cable-black-47313085.html",
        "category_type": "Gaming"
    },
    {
        "name": "Electronic Arts Sports EA SPORTS FC 24 PlayStation 5",
        "price": "EGP 2,550.00",
        "image_url": "https://eg.jumia.is/unsafe/fit-in/300x300/filters:fill(white)/product/73/529035/1.jpg?9441",
        "product_url": "https://jumia.com.eg/electronic-arts-sports-ea-sports-fc-24-playstation-5-53092537.html",
        "category_type": "Gaming"
    },
    {
        "name": "PlayStation 3 Wireless Bluetooth Controller With Charging Cables - 2 Pieces",
        "price": "EGP 850.00",
        "image_url": "https://eg.jumia.is/unsafe/fit-in/300x300/filters:fill(white)/product/45/130616/1.jpg?8127",
        "product_url": "https://jumia.com.eg/generic-playstation-3-wireless-bluetooth-controller-with-charging-cables-2-pieces-61603154.html",
        "category_type": "Gaming"
    },
    {
        "name": "Wireless Controller For PlayStation 3, Red",
        "price": "EGP 450.00",
        "image_url": "https://eg.jumia.is/unsafe/fit-in/300x300/filters:fill(white)/product/10/219586/1.jpg?3177",
        "product_url": "https://jumia.com.eg/generic-wireless-controller-for-playstation-3-red-68591201.html",
        "category_type": "Gaming"
    },
    {
        "name": "PS4 Shield Skin - Model (001 - 011)",
        "price": "EGP 60.00",
        "image_url": "https://eg.jumia.is/unsafe/fit-in/300x300/filters:fill(white)/product/81/626984/1.jpg?9992",
        "product_url": "https://jumia.com.eg/generic-ps4-shield-skin-model-001-011-48962618.html",
        "category_type": "Gaming"
    },
    {
        "name": "4-Pack Protective Holder for AirTag Case,For Air Tag Case",
        "price": "EGP 355.01",
        "image_url": "https://eg.jumia.is/unsafe/fit-in/300x300/filters:fill(white)/product/30/960992/1.jpg?6927",
        "product_url": "https://jumia.com.eg/generic-4-pack-protective-holder-for-airtag-casefor-air-tag-case-29906903.html",
        "category_type": "Gaming"
    },
    {
        "name": "Stylus Pen for Apple iPad, Stylus Pen for 18-22 iPad Pro 11/12.9inch",
        "price": "EGP 378.00",
        "image_url": "https://eg.jumia.is/unsafe/fit-in/300x300/filters:fill(white)/product/11/246215/1.jpg?0615",
        "product_url": "https://jumia.com.eg/generic-stylus-pen-for-apple-ipad-stylus-pen-for-18-22-ipad-pro-1112.9inch-51264211.html",
        "category_type": "Gaming"
    },
    {
        "name": "Sony Interactive Entertainment PlayStation 5 DualSense Wireless Controller",
        "price": "EGP 5,000.00",
        "image_url": "https://eg.jumia.is/unsafe/fit-in/300x300/filters:fill(white)/product/01/655502/1.jpg?9507",
        "product_url": "https://jumia.com.eg/playstation-5-dualsense-wireless-controller-white-sony-mpg755326.html",
        "category_type": "Gaming"
    },
    {
        "name": "Stylus Pen Press Pen Written Pen Replacement for Samsung Galaxy Note 20/Note 20 Ultra Gold",
        "price": "EGP 305.52",
        "image_url": "https://eg.jumia.is/unsafe/fit-in/300x300/filters:fill(white)/product/61/132483/1.jpg?6507",
        "product_url": "https://jumia.com.eg/generic-stylus-pen-press-pen-written-pen-replacement-for-samsung-galaxy-note-20note-20-ultra-gold-38423116.html",
        "category_type": "Gaming"
    },
    {
        "name": "Multifunctional Pens Replacement For Samsung Galaxy Note 9 Press Stylus S Pen(Black)",
        "price": "EGP 168.72",
        "image_url": "https://eg.jumia.is/unsafe/fit-in/300x300/filters:fill(white)/product/23/769714/1.jpg?6223",
        "product_url": "https://jumia.com.eg/generic-multifunctional-pens-replacement-for-samsung-galaxy-note-9-press-stylus-s-penblack-41796732.html",
        "category_type": "Gaming"
    },
    {
        "name": "Wireless Controller For PlayStation 3, Black",
        "price": "EGP 430.00",
        "image_url": "https://eg.jumia.is/unsafe/fit-in/300x300/filters:fill(white)/product/35/130616/1.jpg?8127",
        "product_url": "https://jumia.com.eg/generic-wireless-controller-for-playstation-3-black-61603153.html",
        "category_type": "Gaming"
    },
    {
        "name": "Playstation 5 Backpack Bag - BLACK",
        "price": "EGP 399.00",
        "image_url": "https://eg.jumia.is/unsafe/fit-in/300x300/filters:fill(white)/product/75/579083/1.jpg?1807",
        "product_url": "https://jumia.com.eg/generic-playstation-5-backpack-bag-black-38097557.html",
        "category_type": "Gaming"
    },
    {
        "name": "EA Sports FC 24 -Arabic Edition- (PS4)",
        "price": "EGP 2,599.00",
        "image_url": "https://eg.jumia.is/unsafe/fit-in/300x300/filters:fill(white)/product/83/605294/1.jpg?2493",
        "product_url": "https://jumia.com.eg/ea-sports-fc-24-arabic-edition-ps4-49250638.html",
        "category_type": "Gaming"
    },
    {
        "name": "PS4 Shield Skin - Model (001 - 011)",
        "price": "EGP 60.00",
        "image_url": "https://eg.jumia.is/unsafe/fit-in/300x300/filters:fill(white)/product/92/754786/1.jpg?4270",
        "product_url": "https://jumia.com.eg/generic-ps4-shield-skin-model-001-011-68745729.html",
        "category_type": "Gaming"
    },
    {
        "name": "Sony Original Game Pad Dual Sense PS5",
        "price": "EGP 4,740.00",
        "image_url": "https://eg.jumia.is/unsafe/fit-in/300x300/filters:fill(white)/product/63/164705/1.jpg?3584",
        "product_url": "https://jumia.com.eg/sony-original-game-pad-dual-sense-ps5-50746136.html",
        "category_type": "Gaming"
    },
    {
        "name": "Capacitive Pencil Pen Stylus Press Screen Stick for iPhone iPad Tablet Phone PC - Black",
        "price": "EGP 132.81",
        "image_url": "https://eg.jumia.is/unsafe/fit-in/300x300/filters:fill(white)/product/47/159714/1.jpg?5884",
        "product_url": "https://jumia.com.eg/generic-capacitive-pencil-pen-stylus-press-screen-stick-for-iphone-ipad-tablet-phone-pc-black-41795174.html",
        "category_type": "Gaming"
    },
    {
        "name": "Yes Original GX600 - Gaming Keyboard - Black and Red",
        "price": "EGP 550.00",
        "image_url": "https://eg.jumia.is/unsafe/fit-in/300x300/filters:fill(white)/product/19/740605/1.jpg?1853",
        "product_url": "https://jumia.com.eg/yes-original-gx600-gaming-keyboard-black-and-red-50604791.html",
        "category_type": "Gaming"
    },
    {
        "name": "Insomniac Games Spider-Man 2 PS5",
        "price": "EGP 3,790.00",
        "image_url": "https://eg.jumia.is/unsafe/fit-in/300x300/filters:fill(white)/product/28/354415/1.jpg?1825",
        "product_url": "https://jumia.com.eg/insomniac-games-spider-man-2-ps5-51445382.html",
        "category_type": "Gaming"
    },
    {
        "name": "Mojang Ab Minecraft PlayStation 4 Game",
        "price": "EGP 1,745.00",
        "image_url": "https://eg.jumia.is/unsafe/fit-in/300x300/filters:fill(white)/product/78/372322/1.jpg?3133",
        "product_url": "https://jumia.com.eg/minecraft-playstation-4-game-mojang-ab-mpg817896.html",
        "category_type": "Gaming"
    },
    {
        "name": "Activision Call Of Duty: Modern Warfare III PS5",
        "price": "EGP 4,999.00",
        "image_url": "https://eg.jumia.is/unsafe/fit-in/300x300/filters:fill(white)/product/72/440715/1.jpg?4024",
        "product_url": "https://jumia.com.eg/activision-call-of-duty-modern-warfare-iii-ps5-51704427.html",
        "category_type": "Gaming"
    },
    {
        "name": "Sony 25 Dollar Gift Card For PSN - US Account",
        "price": "EGP 1,500.00",
        "image_url": "https://eg.jumia.is/unsafe/fit-in/300x300/filters:fill(white)/product/56/830222/1.jpg?6585",
        "product_url": "https://jumia.com.eg/sony-25-dollar-gift-card-for-psn-us-account-22203865.html",
        "category_type": "Gaming"
    },
    {
        "name": "Sony Interactive Entertainment Tekken 7 - PlayStation 4",
        "price": "EGP 1,119.00",
        "image_url": "https://eg.jumia.is/unsafe/fit-in/300x300/filters:fill(white)/product/94/066201/1.jpg?6005",
        "product_url": "https://jumia.com.eg/tekken-7-playstation-4-sony-interactive-entertainment-mpg179753.html",
        "category_type": "Gaming"
    },
    {
        "name": "PS4 Controller Charger Station For Playstation 4 Controller.",
        "price": "EGP 530.00",
        "image_url": "https://eg.jumia.is/unsafe/fit-in/300x300/filters:fill(white)/product/23/164705/1.jpg?3284",
        "product_url": "https://jumia.com.eg/generic-ps4-controller-charger-station-for-playstation-4-controller.-50746132.html",
        "category_type": "Gaming"
    },
    {
        "name": "5Pcs Spare Nib Tip for Apple Pencil 1St 2St iPad Pro Stylus",
        "price": "EGP 62.64",
        "image_url": "https://eg.jumia.is/unsafe/fit-in/300x300/filters:fill(white)/product/73/751853/1.jpg?1168",
        "product_url": "https://jumia.com.eg/generic-5pcs-spare-nib-tip-for-apple-pencil-1st-2st-ipad-pro-stylus-35815737.html",
        "category_type": "Gaming"
    },
    {
        "name": "Capcom Devil May Cry 5 - PS4",
        "price": "EGP 1,245.00",
        "image_url": "https://eg.jumia.is/unsafe/fit-in/300x300/filters:fill(white)/product/22/300101/1.jpg?1727",
        "product_url": "https://jumia.com.eg/devil-may-cry-5-ps4-capcom-mpg157591.html",
        "category_type": "Gaming"
    },
    {
        "name": "Insomniac Games Marvel\u2019s Spider-Man Miles Morales - PlayStation 5",
        "price": "EGP 1,779.00",
        "image_url": "https://eg.jumia.is/unsafe/fit-in/300x300/filters:fill(white)/product/52/705702/1.jpg?6642",
        "product_url": "https://jumia.com.eg/marvels-spider-man-miles-morales-playstation-5-insomniac-games-mpg759222.html",
        "category_type": "Gaming"
    },
    {
        "name": "Nintendo Switch Joysticks - Neon Purple/Neon Orange",
        "price": "EGP 4,900.00",
        "image_url": "https://eg.jumia.is/unsafe/fit-in/300x300/filters:fill(white)/product/79/793561/1.jpg?9305",
        "product_url": "https://jumia.com.eg/switch-joysticks-neon-purpleneon-orange-nintendo-mpg883986.html",
        "category_type": "Gaming"
    },
    {
        "name": "Sonya  V2 Dualshock 4 Wireless Controller - Jet Black (Middle East) (PS4)",
        "price": "EGP 2,444.00",
        "image_url": "https://eg.jumia.is/unsafe/fit-in/300x300/filters:fill(white)/product/15/736705/1.jpg?4305",
        "product_url": "https://jumia.com.eg/sonya-v2-dualshock-4-wireless-controller-jet-black-middle-east-ps4-50763751.html",
        "category_type": "Gaming"
    },
    {
        "name": "Mojang Ab Minecraft Legends Deluxe Edition PlayStation 5",
        "price": "EGP 1,975.00",
        "image_url": "https://eg.jumia.is/unsafe/fit-in/300x300/filters:fill(white)/product/02/474954/1.jpg?0493",
        "product_url": "https://jumia.com.eg/mojang-ab-minecraft-legends-deluxe-edition-playstation-5-45947420.html",
        "category_type": "Gaming"
    },
    {
        "name": "UBISOFT Assassin's Creed Mirage - Arabic Dubbing - PS4",
        "price": "EGP 2,750.00",
        "image_url": "https://eg.jumia.is/unsafe/fit-in/300x300/filters:fill(white)/product/34/056494/1.jpg?9941",
        "product_url": "https://jumia.com.eg/ubisoft-assassins-creed-mirage-arabic-dubbing-ps4-49465043.html",
        "category_type": "Gaming"
    },
    {
        "name": "Sony Wireless PlayStation 3 Controller with 5PIN Cable - Compatible with PS3 and PC",
        "price": "EGP 499.00",
        "image_url": "https://eg.jumia.is/unsafe/fit-in/300x300/filters:fill(white)/product/38/811835/1.jpg?9231",
        "product_url": "https://jumia.com.eg/sony-wireless-playstation-3-controller-with-5pin-cable-compatible-with-ps3-and-pc-53811883.html",
        "category_type": "Gaming"
    },
    {
        "name": "Onikuma ST-3 Acrylic Head-mounted Gaming Headset Stand",
        "price": "EGP 250.00",
        "image_url": "https://eg.jumia.is/unsafe/fit-in/300x300/filters:fill(white)/product/87/610484/1.jpg?1063",
        "product_url": "https://jumia.com.eg/onikuma-st-3-acrylic-head-mounted-gaming-headset-stand-48401678.html",
        "category_type": "Gaming"
    },
    {
        "name": "Rockstar Grand Theft Auto V Premium Edition - PS4",
        "price": "EGP 1,149.00",
        "image_url": "https://eg.jumia.is/unsafe/fit-in/300x300/filters:fill(white)/product/09/09549/1.jpg?2209",
        "product_url": "https://jumia.com.eg/rockstar-grand-theft-auto-v-premium-edition-ps4-9459090.html",
        "category_type": "Gaming"
    },
    {
        "name": "Wireless Controller For Playstation 4 Console And Computer Usb Cable",
        "price": "EGP 850.00",
        "image_url": "https://eg.jumia.is/unsafe/fit-in/300x300/filters:fill(white)/product/28/119586/1.jpg?2611",
        "product_url": "https://jumia.com.eg/generic-wireless-controller-for-playstation-4-console-and-computer-usb-cable-68591182.html",
        "category_type": "Gaming"
    },
    {
        "name": "1PC Touch Screen Pen Rose gold",
        "price": "EGP 108.00",
        "image_url": "https://eg.jumia.is/unsafe/fit-in/300x300/filters:fill(white)/product/42/713274/1.jpg?4389",
        "product_url": "https://jumia.com.eg/generic-1pc-touch-screen-pen-rose-gold-47231724.html",
        "category_type": "Gaming"
    },
    {
        "name": "Poppy Playtime Poppy's Game 3 Smiling Critters Doll Plush Toy in Stock",
        "price": "EGP 1,506.50",
        "image_url": "https://eg.jumia.is/unsafe/fit-in/300x300/filters:fill(white)/product/42/739616/1.jpg?9979",
        "product_url": "https://jumia.com.eg/generic-poppy-playtime-poppys-game-3-smiling-critters-doll-plush-toy-in-stock-61693724.html",
        "category_type": "Gaming"
    },
    {
        "name": "915 Generation For Apple Pencil 1/2Nd Huawei 10Pcs Silicone Tips, Blue",
        "price": "EGP 295.41",
        "image_url": "https://eg.jumia.is/unsafe/fit-in/300x300/filters:fill(white)/product/39/266754/1.jpg?9270",
        "product_url": "https://jumia.com.eg/915-generation-for-apple-pencil-12nd-huawei-10pcs-silicone-tips-blue-45766293.html",
        "category_type": "Gaming"
    },
    {
        "name": "Warner Bros. Interactive Mortal Kombat 11 Ultimate - PS4",
        "price": "EGP 1,445.00",
        "image_url": "https://eg.jumia.is/unsafe/fit-in/300x300/filters:fill(white)/product/95/434302/1.jpg?6525",
        "product_url": "https://jumia.com.eg/warner-bros.-interactive-mortal-kombat-11-ultimate-ps4-20343459.html",
        "category_type": "Gaming"
    },
    {
        "name": "Universal Active Stylus Pen for Android IOS Windows Touch P",
        "price": "EGP 340.29",
        "image_url": "https://eg.jumia.is/unsafe/fit-in/300x300/filters:fill(white)/product/01/731825/1.jpg?0190",
        "product_url": "https://jumia.com.eg/generic-universal-active-stylus-pen-for-android-ios-windows-touch-p-52813710.html",
        "category_type": "Gaming"
    },
    {
        "name": "Insomniac Games Marvel's Spider-Man Game Of The Year Edition - PlayStation 4",
        "price": "EGP 1,199.00",
        "image_url": "https://eg.jumia.is/unsafe/fit-in/300x300/filters:fill(white)/product/50/399237/1.jpg?0060",
        "product_url": "https://jumia.com.eg/generic-insomniac-games-marvels-spider-man-game-of-the-year-edition-playstation-4-73299305.html",
        "category_type": "Gaming"
    },
    {
        "name": "Wireless Controller For Playstation 4 Console And Computer Usb Cable",
        "price": "EGP 900.00",
        "image_url": "https://eg.jumia.is/unsafe/fit-in/300x300/filters:fill(white)/product/51/697705/1.jpg?9864",
        "product_url": "https://jumia.com.eg/generic-wireless-controller-for-playstation-4-console-and-computer-usb-cable-50779615.html",
        "category_type": "Gaming"
    },
    {
        "name": "10Pcs Silicone Replacement Tip Case Protective Cover for Apple Pencil 1St 2Nd Touchscreen Stylus Pen Case White",
        "price": "EGP 96.33",
        "image_url": "https://eg.jumia.is/unsafe/fit-in/300x300/filters:fill(white)/product/67/287613/1.jpg?1623",
        "product_url": "https://jumia.com.eg/generic-10pcs-silicone-replacement-tip-case-protective-cover-for-apple-pencil-1st-2nd-touchscreen-stylus-pen-case-white-31678276.html",
        "category_type": "Gaming"
    },
    {
        "name": "Rockstar Grand Theft Auto V - Premium Edition - PlayStation 4",
        "price": "EGP 1,180.00",
        "image_url": "https://eg.jumia.is/unsafe/fit-in/300x300/filters:fill(white)/product/28/478412/1.jpg?6865",
        "product_url": "https://jumia.com.eg/rockstar-grand-theft-auto-v-premium-edition-playstation-4-21487482.html",
        "category_type": "Gaming"
    },
    {
        "name": "Rockstar Games Grand Theft Auto V Premium Online Edition - Region 2 - PlayStation 4 Game",
        "price": "EGP 1,149.00",
        "image_url": "https://eg.jumia.is/unsafe/fit-in/300x300/filters:fill(white)/product/54/530761/1.jpg?6830",
        "product_url": "https://jumia.com.eg/grand-theft-auto-v-premium-online-edition-region-2-playstation-4-game-rockstar-games-mpg700155.html",
        "category_type": "Gaming"
    },
    {
        "name": "Mini Gaming Trigger for PUBG Gamepad L1 R1 for Android Ios",
        "price": "EGP 213.18",
        "image_url": "https://eg.jumia.is/unsafe/fit-in/300x300/filters:fill(white)/product/17/692915/1.jpg?4540",
        "product_url": "https://jumia.com.eg/generic-mini-gaming-trigger-for-pubg-gamepad-l1-r1-for-android-ios-51929671.html",
        "category_type": "Gaming"
    },
    {
        "name": "Replacement Paddles for PS4 Controller Back Button Attachment for Dualshock4 Gamepad Rear Extension Keys",
        "price": "EGP 373.35",
        "image_url": "https://eg.jumia.is/unsafe/fit-in/300x300/filters:fill(white)/product/61/745544/1.jpg?2450",
        "product_url": "https://jumia.com.eg/generic-replacement-paddles-for-ps4-controller-back-button-attachment-for-dualshock4-gamepad-rear-extension-keys-44554716.html",
        "category_type": "Gaming"
    },
    {
        "name": "Otvo Dual Charger With USB Charging Stand With LED Light For PlayStation 4 Controller",
        "price": "EGP 300.00",
        "image_url": "https://eg.jumia.is/unsafe/fit-in/300x300/filters:fill(white)/product/22/508294/1.jpg?8363",
        "product_url": "https://jumia.com.eg/otvo-dual-charger-with-usb-charging-stand-with-led-light-for-playstation-4-controller-49280522.html",
        "category_type": "Gaming"
    },
    {
        "name": "Micro USB Type A Cable, Charger Cord For PS3 Controllers, MP3 Players And Canon Camera",
        "price": "EGP 99.00",
        "image_url": "https://eg.jumia.is/unsafe/fit-in/300x300/filters:fill(white)/product/44/130616/1.jpg?8128",
        "product_url": "https://jumia.com.eg/generic-micro-usb-type-a-cable-charger-cord-for-ps3-controllers-mp3-players-and-canon-camera-61603144.html",
        "category_type": "Gaming"
    }
]