[
    {
        "name": "iTel A70, 128GB, 4GB RAM, 4G LTE, Dual SIM, Azure Blue - A665L",
        "price": "4,999 EGP",
        "image_url": "https://btech.com/media/catalog/product/i/t/itel-a70--_1_.jpg?width=240&height=300&store=en&image-type=small_image",
        "product_url": "https://btech.com/en/itel-a70-128gb-4gb-ram-4g-lte-dual-sim-azure-blue-a665l.html",
        "category_type": "smart_products"
    },
    {
        "name": "Lenovo M10 Plus Tablet, 10.3 Inch, 64GB, 4GB RAM, 4G LTE- Grey",
        "price": "8,999 EGP",
        "image_url": "https://btech.com/media/catalog/product/n/4/n42291011a_5_1.jpg?width=240&height=300&store=en&image-type=small_image",
        "product_url": "https://btech.com/en/lenovo-m10-plus-tablet-10-3inch-64gb-4gb-ram-4g-grey.html",
        "category_type": "smart_products"
    },
    {
        "name": "Samsung Galaxy A25, 256GB, 8GB RAM, 5G, Dual SIM - Black Local Version",
        "price": "12,890 EGP",
        "image_url": "https://btech.com/media/catalog/product/5/2/524a42c2c6a4a0f997753967009255beed33b4402ecb2e521a499ec98ff4930f.jpeg?width=240&height=300&store=en&image-type=small_image",
        "product_url": "https://btech.com/en/samsung-galaxy-a25-256gb-8gb-5g-dual-sim-black-local-version.html",
        "category_type": "smart_products"
    },
    {
        "name": "Xiaomi Poco X6 Pro, 512GB, 12GB RAM, 5G, Dual SIM - Black",
        "price": "22,999 EGP",
        "image_url": "https://btech.com/media/catalog/product/4/4/44c6b20a436897b933d956fde60be315b68cd8a1a3cd11939e511013b0110acb.jpeg?width=240&height=300&store=en&image-type=small_image",
        "product_url": "https://btech.com/en/xiaomi-poco-x6-pro-512gb-12gb-ram-5g-dual-sim-black.html",
        "category_type": "smart_products"
    },
    {
        "name": "Xiaomi Poco X6 Pro, 512GB, 12GB RAM, 5G, Dual SIM - Grey",
        "price": "22,999 EGP",
        "image_url": "https://btech.com/media/catalog/product/d/8/d8ae74f24eb18e6f618f44f72a1ac5e0a558f6161726660d62e9e2e3bc336ace.jpeg?width=240&height=300&store=en&image-type=small_image",
        "product_url": "https://btech.com/en/xiaomi-poco-x6-pro-512gb-12gb-ram-5g-dual-sim-grey.html",
        "category_type": "smart_products"
    },
    {
        "name": "Xiaomi Poco X6 Pro, 512GB, 12GB RAM, 5G, Dual SIM - Yellow",
        "price": "22,999 EGP",
        "image_url": "https://btech.com/media/catalog/product/7/1/7114ac9eebe7c4cfd42caa4ac1e3c8dabd9cd12d9eef95f15df1d0edf404660a.jpeg?width=240&height=300&store=en&image-type=small_image",
        "product_url": "https://btech.com/en/xiaomi-poco-x6-pro-512gb-12gb-ram-5g-dual-sim-yellow.html",
        "category_type": "smart_products"
    },
    {
        "name": "Samsung Galaxy A15, 128GB, 4GB, 4G LTE, Dual SIM - Black Local Version",
        "price": "6,999 EGP",
        "image_url": "https://btech.com/media/catalog/product/g/a/galaxy_a15_black.jpg?width=240&height=300&store=en&image-type=small_image",
        "product_url": "https://btech.com/en/samsung-galaxy-a15-128gb-4gb-4g-lte-dual-sim-black-local.html",
        "category_type": "smart_products"
    },
    {
        "name": "Samsung Galaxy A15, 256GB, 8GB, 4G LTE, Dual SIM - Blue Local Version",
        "price": "9,250 EGP",
        "image_url": "https://btech.com/media/catalog/product/s/a/samsung-galaxy-a15-4g-blue-4-128gb-6-5-quot-amoled-90hz-full-hd_2.jpg?width=240&height=300&store=en&image-type=small_image",
        "product_url": "https://btech.com/en/samsung-galaxy-a15-256gb-8gb-4g-lte-dual-sim-blue-local.html",
        "category_type": "smart_products"
    },
    {
        "name": "Samsung Galaxy A15, 128GB, 6GB, 4G LTE, Dual SIM - Black, Local Version",
        "price": "11,000 EGP",
        "image_url": "https://btech.com/media/catalog/product/g/a/galaxy_a15_black_2.jpg?width=240&height=300&store=en&image-type=small_image",
        "product_url": "https://btech.com/en/samsung-galaxy-a15-128gb-6gb-4g-lte-dual-sim-black-local.html",
        "category_type": "smart_products"
    },
    {
        "name": "Samsung Galaxy A25, 256GB, 8GB RAM, 5G, Dual SIM - Blue Local Version",
        "price": "12,890 EGP",
        "image_url": "https://btech.com/media/catalog/product/b/e/be1125db9f6b0d86d19524af5e6eb161e13f508048b12be847b74ae49dc62102.jpeg?width=240&height=300&store=en&image-type=small_image",
        "product_url": "https://btech.com/en/samsung-galaxy-a25-256gb-8gb-5g-dual-sim-blue-local-version.html",
        "category_type": "smart_products"
    },
    {
        "name": "Samsung Galaxy A15, 128GB, 4GB, 4G LTE, Dual SIM - Blue Local Version",
        "price": "6,999 EGP",
        "image_url": "https://btech.com/media/catalog/product/s/a/samsung-galaxy-a15-4g-blue-4-128gb-6-5-quot-amoled-90hz-full-hd.jpg?width=240&height=300&store=en&image-type=small_image",
        "product_url": "https://btech.com/en/samsung-galaxy-a15-128gb-4gb-4g-lte-dual-sim-blue-local.html",
        "category_type": "smart_products"
    },
    {
        "name": "Samsung Galaxy A15, 256GB, 8GB, 4G LTE, Dual SIM - Black Local Version",
        "price": "9,250 EGP",
        "image_url": "https://btech.com/media/catalog/product/g/a/galaxy_a15_black_3.jpg?width=240&height=300&store=en&image-type=small_image",
        "product_url": "https://btech.com/en/samsung-galaxy-a15-256gb-8gb-4g-lte-dual-sim-black-local.html",
        "category_type": "smart_products"
    },
    {
        "name": "Samsung Galaxy A15, 128GB, 6GB, 4G LTE, Dual SIM, Blue - Local Version",
        "price": "7,499 EGP",
        "image_url": "https://btech.com/media/catalog/product/s/a/samsung-galaxy-a15-4g-blue-4-128gb-6-5-quot-amoled-90hz-full-hd_1.jpg?width=240&height=300&store=en&image-type=small_image",
        "product_url": "https://btech.com/en/samsung-galaxy-a15-128gb-6gb-4g-lte-dual-sim-blue-local.html",
        "category_type": "smart_products"
    },
    {
        "name": "Samsung Galaxy A15, 128GB, 4GB, 4G LTE, Dual SIM - Yellow Local Version",
        "price": "6,999 EGP",
        "image_url": "https://btech.com/media/catalog/product/d/7/d730e94deee133f1783a755e259f996bf1501c330ec3073b05205467ba1bb5ef.jpeg?width=240&height=300&store=en&image-type=small_image",
        "product_url": "https://btech.com/en/samsung-galaxy-a15-128gb-4gb-4g-lte-dual-sim-yellow-local.html",
        "category_type": "smart_products"
    },
    {
        "name": "Samsung Galaxy A15, 128GB, 6GB, 4G LTE, Dual SIM - Yellow Local Version",
        "price": "7,499 EGP",
        "image_url": "https://btech.com/media/catalog/product/d/7/d730e94deee133f1783a755e259f996bf1501c330ec3073b05205467ba1bb5ef.jpeg?width=240&height=300&store=en&image-type=small_image",
        "product_url": "https://btech.com/en/samsung-galaxy-a15-128gb-6gb-4g-lte-dual-sim-yellow-local.html",
        "category_type": "smart_products"
    },
    {
        "name": "Lenovo IdeaPad 1 15IGL7 82V700F5ED Laptop, Intel Celeron N4020, 15.6 Inch FHD Display, 256GB SSD, 4GB RAM, Integrated Intel UHD Graphics 600, FreeDos - Abyss Blue with Gift Bag",
        "price": "13,999 EGP",
        "image_url": "https://btech.com/media/catalog/product/1/b/1blnlpclcel40200l000.jpg?width=240&height=300&store=en&image-type=small_image",
        "product_url": "https://btech.com/en/lenovo-ideapad1-15igl7-82v700f5ed-intel-celeron-n4020-15-6inch-256gb-4gb-intel-uhd-graphics-600-freedos-blue-gift-bag.html",
        "category_type": "smart_products"
    },
    {
        "name": "Asus E510MA Laptop, Intel Celeron N4500, 256GB SSD, 4GB RAM, 15.6 Inch HD Display, 60Hz, Intel UHD, Windows 11- Star Black",
        "price": "12,999 EGP",
        "image_url": "https://btech.com/media/catalog/product/d/o/dowfixednload_14.jpg?width=240&height=300&store=en&image-type=small_image",
        "product_url": "https://btech.com/en/asus-e510ma-laptop-celeron-n4500-256gb-ssd-4gb-ram-15-6-inch-intel-uhd-windows-11-black.html",
        "category_type": "smart_products"
    },
    {
        "name": "Asus X543MA-GQ001W Laptop, Intel Celeron N4020, 15.6 Inch HD, 1TB HDD, 4GB RAM, Intel HD Graphics, Windows 11, Natural Silver - 90NB0IR6-M003H0",
        "price": "13,750 EGP",
        "image_url": "https://btech.com/media/catalog/product/a/s/asus-x543ma-gq001w-laptop-silver.jpg?width=240&height=300&store=en&image-type=small_image",
        "product_url": "https://btech.com/en/asus-x543ma-gq001w-laptop-silver.html",
        "category_type": "smart_products"
    },
    {
        "name": "Asus TUF Gaming F15 FX507ZC 2022 Laptop, Intel Core i5-12500H, 512GB SSD, 8GB RAM, 15.6 Inch, FHD Display, NVIDIA GeForce RTX 3050 4GB GDDR6, Windows 11- Mecha Gray",
        "price": "38,999 EGP",
        "image_url": "https://btech.com/media/catalog/product/f/a/fadcbdbbd03b001bf317d50529fd2e8d442dda8951460915e214fb6f256585a4.jpeg?width=240&height=300&store=en&image-type=small_image",
        "product_url": "https://btech.com/en/asus-tuf-f15-fx507zc4-hn081w-i5-12500h-512gb-bk.html",
        "category_type": "smart_products"
    },
    {
        "name": "Asus Vivobook X1504VA-NJ017W Laptop, Intel Core i7-1355U, 512GB SSD, 8GB RAM, 15.6 Inch, FHD Display, Intel Iris Graphics, Windows 11- Quiet Blue",
        "price": "30,999 EGP",
        "image_url": "https://btech.com/media/catalog/product/3/b/3bc4a24c5601a2d5942d2598d0fabeb3721ef16d98f353e8bf3ec1fb1902738b.jpeg?width=240&height=300&store=en&image-type=small_image",
        "product_url": "https://btech.com/en/asus-vivobook-x1504va-nj017w-laptop-i7-1355u-512b-ssd-8gb-ram-15-6-inch-intel-iris-windows-11-quiet-blue.html",
        "category_type": "smart_products"
    },
    {
        "name": "Lenovo LOQ 15IRH8 Laptop, Intel Core i5-12450H, 512GB SSD M.2, 8GB RAM, 15.6 Inch FHD 144Hz, NVIDIA GeForce RTX 3050 6GB, Windows 11 - Grey",
        "price": "55,950 EGP",
        "image_url": "https://btech.com/media/catalog/product/8/2/82xv0005us.jpg?width=240&height=300&store=en&image-type=small_image",
        "product_url": "https://btech.com/en/lenovo-loq-15irh8-laptop-intel-core-i5-13500h-512gb-ssd-m-2-8gb-ram-15-6-inch-fhd-144hz-nvidia-geforce-rtx-3050-6gb-windows-11-grey.html",
        "category_type": "smart_products"
    },
    {
        "name": "Lenovo IdeaPad 5 15IAL7 Laptop, Intel Core i7-1255U, 512GB SSD, 16GB RAM, 15.6 Inch, FHD Display, NVIDIA GeForce MX550 2GB GDDR6, Dos- Cloud Grey",
        "price": "38,999 EGP",
        "image_url": "https://btech.com/media/catalog/product/6/e/6e12ffaec6c72e7d3772c5b2bc1a184db04072198239a0dd8cd0c6524f8f3413.jpeg?width=240&height=300&store=en&image-type=small_image",
        "product_url": "https://btech.com/en/lenovo-ideapad-5-15ial7-laptop-i7-1255u-512gb-ssd-16gb-ram-15-6-inch-nvidia-geforce-mx550-2gb-gddr6-dos-cloud-grey.html",
        "category_type": "smart_products"
    },
    {
        "name": "Dell Inspiron 15 3520 Laptop, Intel Core i7-1255U, 512GB M.2 PCIe NVMe SSD, 8GB RAM, 15.6 Inch FHD, Intel UHD Graphics, Windows 11 - Carbon Black",
        "price": "33,699 EGP",
        "image_url": "https://btech.com/media/catalog/product/1/b/1bdllpi73520i712l020.jpg?width=240&height=300&store=en&image-type=small_image",
        "product_url": "https://btech.com/en/dell-inspiron-15-3520-laptop-intel-core-i7-1255u-512gb-ssd-8gb-ram-intel-uhd-graphics-windows-11-black.html",
        "category_type": "smart_products"
    },
    {
        "name": "Dell Vostro 3520 Laptop, Intel Core i5-1235U, 256GB SSD, 8GB RAM, 15.6 Inch FHD, Intel UHD Graphics, Ubuntu - Carbon Black",
        "price": "22,222 EGP",
        "image_url": "https://btech.com/media/catalog/product/1/b/1bdllpi5vostro00l000.jpg?width=240&height=300&store=en&image-type=small_image",
        "product_url": "https://btech.com/en/dell-vostro-3520-laptop-intel-core-i5-1235u-256gb-ssd-8gb-ram-15-6-inch-fhd-intel-uhd-graphics-ubuntu-carbon-black.html",
        "category_type": "smart_products"
    },
    {
        "name": "Asus TUF Gaming A15 FA506NC-HN005W Laptop, AMD Ryzen 5 7535HS, 512GB SDD, 8GB RAM, 15.6 Inch, FHD Display, NVIDIA GeForce RTX 3050 4GB GDDR6, Windows 11- Graphite Black",
        "price": "36,999 EGP",
        "image_url": "https://btech.com/media/catalog/product/e/0/e0ea53cec0aca3f3b41c32d59edf38ad57f4e2304521c4ac1ba1a842f34f04c0.jpeg?width=240&height=300&store=en&image-type=small_image",
        "product_url": "https://btech.com/en/asus-tuf-gaming-a15-fa506nc-hn005w-laptop-5-7535hs-512gb-sdd-8gb-ram-15-6-inch-nvidia-geforce-rtx-3050-4gb-gddr6-windows-11-graphite-black.html",
        "category_type": "smart_products"
    },
    {
        "name": "Asus Vivobook 16 X1605 Laptop, Intel Core i5-13500H, 512GB SSD, 8GB RAM, 15.6 Inch, WUXGA Display, Intel Iris xe Graphics, Windows 11- Indie Black",
        "price": "29,499 EGP",
        "image_url": "https://btech.com/media/catalog/product/4/5/45ae3fae455a8544d05e101997970761f07e61cc5a9382f5b60b7a759cdd594e.jpeg?width=240&height=300&store=en&image-type=small_image",
        "product_url": "https://btech.com/en/asus-vivobook-16-x1605-laptop-i5-13500h-512gb-ssd-8gb-ram-15-6-inch-windows-11-black.html",
        "category_type": "smart_products"
    },
    {
        "name": "Lenovo LOQ 15IRH8 Lpatop, Intel Core i5-12450H, 512GB SSD, 8GB RAM, 15.6 Inches, FHD IPS 144Hz Display, NVIDIA GeForce RTX 3050 GDDR6 6GB, Dos- Storm Grey",
        "price": "38,999 EGP",
        "image_url": "https://btech.com/media/catalog/product/e/d/ed622aa31cc96bb66d18c2af190cdb9babea63bd326d404d72444e3091f063b5.jpeg?width=240&height=300&store=en&image-type=small_image",
        "product_url": "https://btech.com/en/lenovo-loq-15irh8-lpatop-i5-12450h-512gb-ssd-8gb-ram-15-6-inch-nvidia-geforce-rtx-3050-gddr6-6gb-dos-grey.html",
        "category_type": "smart_products"
    },
    {
        "name": "Lenovo LOQ 15IRH8 Gaming Laptop, Intel Core i7-13620H, 512GB SSD, 16GB RAM, 15.6 Inch, FHD Display, NVIDIA GeForce RTX 4060 8GB GDDR6, Windows 11-Storm Grey- with IdeaPad M100 Wired Gaming Mouse - Black",
        "price": "61,999 EGP",
        "image_url": "https://btech.com/media/catalog/product/1/b/1blnlpi713620h16l020_copy.png?width=240&height=300&store=en&image-type=small_image",
        "product_url": "https://btech.com/en/lenovo-loq-15irh8-gaming-laptop-i7-13620h-512gb-ssd-16gb-ram-15-6-inch-nvidia-geforce-rtx-4060-8gb-gddr6-windows-11-grey-mouse.html",
        "category_type": "smart_products"
    },
    {
        "name": "Asus Vivobook 15 X1504VA-NJ005W Laptop, Intel Core i5-1335U, 15.6 Inch FHD, 512GB SSD, 8GB RAM, Intel UHD Graphics, Windows 11 - Blue",
        "price": "27,277 EGP",
        "image_url": "https://btech.com/media/catalog/product/1/b/1baslpi5vbx15040l006.jpg?width=240&height=300&store=en&image-type=small_image",
        "product_url": "https://btech.com/en/asus-vivobook-15-x1504va-nj005w-laptop-i5-1335u-512ssd-8gb-windows11-blue.html",
        "category_type": "smart_products"
    },
    {
        "name": "Dell G15-5530 2023 Gaming Laptop, 15.6 Inch, Intel Core i7-13650HX, 512GB SSD, 16GB RAM, Nvidia GeForce RTX 3050 6GB, Windows 11 - Dark Shadow Grey",
        "price": "59,800 EGP",
        "image_url": "https://btech.com/media/catalog/product/d/e/dell-grey-g15-5530-2023-laptop-i7-13650hx-16gbram-nvidia-rtx-3050-6gb.jpg?width=240&height=300&store=en&image-type=small_image",
        "product_url": "https://btech.com/en/dell-grey-g15-5530-2023-laptop-i7-13650hx-16gbram-nvidia-rtx-3050-6gb.html",
        "category_type": "smart_products"
    },
    {
        "name": "Xiaomi Redmi Buds 4 Active Earbuds with Noise Cancellation, Black - BHR6992GL-BK",
        "price": "1,049 EGP",
        "image_url": "https://btech.com/media/catalog/product/f/a/fa0def27b56398f714f5aac71d2c554e7b417ebcd49180a5cec7e68f27319733.jpeg?width=240&height=300&store=en&image-type=small_image",
        "product_url": "https://btech.com/en/xiaomi-redmi-buds4-active-wireless-earbuds-black-bhr6992gl-bk.html",
        "category_type": "smart_products"
    },
    {
        "name": "Oraimo FreePods 3C Wireless Earphones with Microphone, Black- OEB-E104DC",
        "price": "1,099 EGP",
        "image_url": "https://btech.com/media/catalog/product/c/8/c845745b1975273a1f04ff2937e830e0199d2ddb53453d0d55feb90284348b8d.jpeg?width=240&height=300&store=en&image-type=small_image",
        "product_url": "https://btech.com/en/oraimo-freepods-3c-wireless-earphones-black-oeb-e104dc.html",
        "category_type": "smart_products"
    },
    {
        "name": "Huawei Watch GT 4 Smart Watch - Silver Case and Green Strap",
        "price": "12,850 EGP",
        "image_url": "https://btech.com/media/catalog/product/3/f/3ff73119786cf04cfabece22ded1bdf5287c32f40144941869868a396f89639c.jpeg?width=240&height=300&store=en&image-type=small_image",
        "product_url": "https://btech.com/en/huawei-watchgt4-smart-watch-silver-case-green.html",
        "category_type": "smart_products"
    },
    {
        "name": "Apple AirPods Pro 2nd Generation with MagSafe USB\u2011C Charging Case - White",
        "price": "11,999 EGP",
        "image_url": "https://btech.com/media/catalog/product/m/t/mtjv3.jpg?width=240&height=300&store=en&image-type=small_image",
        "product_url": "https://btech.com/en/apple-airpods-pro-2nd-gen-wireless-airpods-magsafe-usbc-case-white.html",
        "category_type": "smart_products"
    },
    {
        "name": "Apple Series 9 GPS Smart Watch, Aluminium Case and Pink Strap- MR9H3QA-A",
        "price": "21,999 EGP",
        "image_url": "https://btech.com/media/catalog/product/9/w/9wbu3st_dt5wem0xqvbdl6g4_1.jpg?width=240&height=300&store=en&image-type=small_image",
        "product_url": "https://btech.com/en/apple-series-9-gps-smart-watch-pink-mr9h3qa-a.html",
        "category_type": "smart_products"
    },
    {
        "name": "Kieslect Ks Pro Smart Watch - Silver Case and Navy Blue Strap",
        "price": "5,295 EGP",
        "image_url": "https://btech.com/media/catalog/product/7/3/73ed416e7292433e6f0026f2abbb45cb7a909260fcaf84427963330a5836ac2b.jpeg?width=240&height=300&store=en&image-type=small_image",
        "product_url": "https://btech.com/en/kieslect-ks-pro-smart-watch-silver-case-blue-strap.html",
        "category_type": "smart_products"
    },
    {
        "name": "Huawei Watch Fit 3 - Silver Case and Green Strap with 300 EGP Carrefour Voucher",
        "price": "6,999 EGP",
        "image_url": "https://btech.com/media/catalog/product/1/b/1bc4ddd45736ba07ed60a976e4aba482383014ba2e31ad8dcde510979b5ed2df.jpeg?width=240&height=300&store=en&image-type=small_image",
        "product_url": "https://btech.com/en/huawei-watch-fit-3-silver-case-green-strap.html",
        "category_type": "smart_products"
    },
    {
        "name": "Oraimo 4 Plus Smart Watch, Black Case and Strap - OSW-801",
        "price": "1,444 EGP",
        "image_url": "https://btech.com/media/catalog/product/a/2/a25a0310-829a-4f3d-b0b1-7d23f03c7981.jpg?width=240&height=300&store=en&image-type=small_image",
        "product_url": "https://btech.com/en/oraimo-4plus-smartwatch-black-casestrap-osw-801.html",
        "category_type": "smart_products"
    },
    {
        "name": "Apple Watch Series 9, 45mm, Midnight Aluminum Case with Midnight Sport Band - MR9A3LL-A",
        "price": "24,999 EGP",
        "image_url": "https://btech.com/media/catalog/product/7/1/71axggnce9l._ac_sx679_.jpg?width=240&height=300&store=en&image-type=small_image",
        "product_url": "https://btech.com/en/apple-series9-smart-watch-45mm-midnight-case-black-band.html",
        "category_type": "smart_products"
    },
    {
        "name": "Huawei FreeBuds 5i In-Ear Earbuds with Built-in Microphone - Nebula Black",
        "price": "3,399 EGP",
        "image_url": "https://btech.com/media/catalog/product/h/u/huawei-freebuds-5i-color-nebula-black-0.png?width=240&height=300&store=en&image-type=small_image",
        "product_url": "https://btech.com/en/huawei-freebuds5i-black-rc5a24.html",
        "category_type": "smart_products"
    },
    {
        "name": "Oraimo Freepods Lite Bluetooth Earphones, Black - OTW-330",
        "price": "695 EGP",
        "image_url": "https://btech.com/media/catalog/product/1/-/1-oraimo-tws-earphone-otw-330-black-1695720185_11zon.jpg?width=240&height=300&store=en&image-type=small_image",
        "product_url": "https://btech.com/en/oraimo-bluetooth-freepods-lite-black-otw-330.html",
        "category_type": "smart_products"
    },
    {
        "name": "Huawei FreeBuds 5i In-Ear Earbuds with Built-in Microphone - Isle Blue",
        "price": "3,399 EGP",
        "image_url": "https://btech.com/media/catalog/product/h/u/huawei-freebuds-5i-color-isle-blue.png?width=240&height=300&store=en&image-type=small_image",
        "product_url": "https://btech.com/en/huawei-freebuds5i-blue-rc5a23.html",
        "category_type": "smart_products"
    },
    {
        "name": "Oraimo 2R Smart Watch, Black Case and Strap - OSW-30",
        "price": "1,475 EGP",
        "image_url": "https://btech.com/media/catalog/product/0/-/0-oraimo-smart-watch-osw-30-black-img-1697463378.jpg?width=240&height=300&store=en&image-type=small_image",
        "product_url": "https://btech.com/en/oraimo-watch-2r-black-case-and-strap-osw-30.html",
        "category_type": "smart_products"
    },
    {
        "name": "Huawei Watch GT 4, Silver Case- Black Strap",
        "price": "10,199 EGP",
        "image_url": "https://btech.com/media/catalog/product/h/u/huawei-watch-gt4_black_front-side_jpg_20230727_11zon.jpg?width=240&height=300&store=en&image-type=small_image",
        "product_url": "https://btech.com/en/huawei-watchgt4-smart-watch-silver-case-black.html",
        "category_type": "smart_products"
    },
    {
        "name": "Apple AirPods 2nd Generation With Charging Case, White - MV7N2ZM/A",
        "price": "7,499 EGP",
        "image_url": "https://btech.com/media/catalog/product/m/v/mv7-n2-wid-572-hei-572-fmt-jpeg-qlt-95-op-usm-0-5-0-5.jpg?width=240&height=300&store=en&image-type=small_image",
        "product_url": "https://btech.com/en/apple-airpods-white-mv7n2zm-a.html",
        "category_type": "smart_products"
    },
    {
        "name": "Xiaomi Redmi Buds 5 Earbuds with Noise Cancellation, Black - BHR7627GL",
        "price": "2,085 EGP",
        "image_url": "https://btech.com/media/catalog/product/0/_/0_p_1704316563046-1707397768.jpg?width=240&height=300&store=en&image-type=small_image",
        "product_url": "https://btech.com/en/xiaomi-redmi-buds-5-earbuds-with-noise-cancellation-black-bhr7627gl.html",
        "category_type": "smart_products"
    },
    {
        "name": "Xiaomi Redmi Buds 5 Pro Earbuds with Noise Cancellation, Black - BHR7660GL",
        "price": "3,715 EGP",
        "image_url": "https://btech.com/media/catalog/product/h/p/hp671-min.jpg?width=240&height=300&store=en&image-type=small_image",
        "product_url": "https://btech.com/en/xiaomi-redmi-buds5-pro-earbuds-noise-cancellation-black-bhr7660gl.html",
        "category_type": "smart_products"
    },
    {
        "name": "Wiwu Pro 2 SE Wireless Earbuds - White",
        "price": "1,299 EGP",
        "image_url": "https://btech.com/media/catalog/product/6/b/6b7531c6d31fe7d2a3efa75c6aca5b7bc5fb256151de443292bf7fbdb667e52a_1.jpeg?width=240&height=300&store=en&image-type=small_image",
        "product_url": "https://btech.com/en/wiwu-pro-2se-wireless-earbuds-white.html",
        "category_type": "smart_products"
    },
    {
        "name": "Anker Soundcore R50i Earbuds with Noise Cancellation, Black - A3959H11",
        "price": "1,600 EGP",
        "image_url": "https://btech.com/media/catalog/product/a/n/anker-a3959-soundcore-r50i-nc-true-wireless-headphones-11-1-removebg-preview.png?width=240&height=300&store=en&image-type=small_image",
        "product_url": "https://btech.com/en/anker-soundcore-r50i-earbuds-with-noise-cancellation-black-a3959h11.html",
        "category_type": "smart_products"
    },
    {
        "name": "Anker Soundcore R50i Earbuds with Noise Cancellation, White - A3959H21",
        "price": "1,600 EGP",
        "image_url": "https://btech.com/media/catalog/product/a/n/anker-a3959-soundcore-r50i-nc-true-wireless-headphones-2-1-removebg-preview.png?width=240&height=300&store=en&image-type=small_image",
        "product_url": "https://btech.com/en/anker-soundcore-r50i-earbuds-with-noise-cancellation-white-a3959h21.html",
        "category_type": "smart_products"
    },
    {
        "name": "Xiaomi Redmi Buds 5 Earbuds with Noise Cancellation, 2 Microphones and 40 Hours Battery Life, White - BHR7628GL",
        "price": "2,085 EGP",
        "image_url": "https://btech.com/media/catalog/product/0/_/0_p_1704316729492-1707400251.jpg?width=240&height=300&store=en&image-type=small_image",
        "product_url": "https://btech.com/en/xiaomi-redmi-buds-5-earbuds-with-noise-cancellation-white-bhr7628gl.html",
        "category_type": "smart_products"
    },
    {
        "name": "Xiaomi Redmi Buds 5 Pro Earbuds with Noise Cancellation, 3 Microphones and 38 Hours Battery Life, White - BHR7662GL",
        "price": "3,715 EGP",
        "image_url": "https://btech.com/media/catalog/product/4/1/41axmitiqll._ac_sx679_.jpg?width=240&height=300&store=en&image-type=small_image",
        "product_url": "https://btech.com/en/xiaomi-redmi-buds-5-pro-earbuds-noise-cancellation-white-bhr7662gl.html",
        "category_type": "smart_products"
    },
    {
        "name": "Gravastar SIRIUS P5 In Ear Wireless Earphone with 3 Covers, White - P5_FSET",
        "price": "7,494 EGP",
        "image_url": "https://btech.com/media/catalog/product/6/1/61acepzcael._ac_sx522_.jpg?width=240&height=300&store=en&image-type=small_image",
        "product_url": "https://btech.com/en/gravastar-sirius-p5-earbuds-covers-p5-fset.html",
        "category_type": "smart_products"
    },
    {
        "name": "GravaStar G1 Mars Pro Wireless Speaker - Metallic Grey",
        "price": "17,688 EGP",
        "image_url": "https://btech.com/media/catalog/product/c/2/c27ee08dfe81928f543d67836aa847642df221f74090f9c7a8de6c10e9797eef.jpeg?width=240&height=300&store=en&image-type=small_image",
        "product_url": "https://btech.com/en/gravastar-g1marspro-grey-speaker.html",
        "category_type": "smart_products"
    },
    {
        "name": "GravaStar G1 Mars Pro Wireless Speaker - White",
        "price": "11,589 EGP",
        "image_url": "https://btech.com/media/catalog/product/b/9/b97279e59d8383c4f5b7b0c510f8be17e68c84e913c79ab173d0e25f2cbe6f32.jpeg?width=240&height=300&store=en&image-type=small_image",
        "product_url": "https://btech.com/en/gravastar-g1marspro-speaker-white.html",
        "category_type": "smart_products"
    },
    {
        "name": "GravaStar G1 Mars Pro Wireless Speaker - Yellow",
        "price": "16,468 EGP",
        "image_url": "https://btech.com/media/catalog/product/8/e/8eda225f89bcc994230561c40e37e1a2cfbdf697bcac23cf2358dadca64bc708.jpeg?width=240&height=300&store=en&image-type=small_image",
        "product_url": "https://btech.com/en/gravastar-g1marspro-speaker-yellow.html",
        "category_type": "smart_products"
    },
    {
        "name": "GravaStar G2 Venus Wireless Speaker - Flare Red",
        "price": "4,514 EGP",
        "image_url": "https://btech.com/media/catalog/product/7/9/7910523af87a2e970657c2ec33d5bbe52df21d4d0fc02392e6e2e315ee4d5d13.jpeg?width=240&height=300&store=en&image-type=small_image",
        "product_url": "https://btech.com/en/gravastar-g2venus-speaker-red.html",
        "category_type": "smart_products"
    },
    {
        "name": "JBL Tune 520BT Wireless Headphone - Black",
        "price": "2,290 EGP",
        "image_url": "https://btech.com/media/catalog/product/5/d/5d3f77e4937d78c33560b47cbd04ab6686c2e9d8de8aa991ac7f47c8d2b18389.jpeg?width=240&height=300&store=en&image-type=small_image",
        "product_url": "https://btech.com/en/jbl-tune-520bt-wireless-headphone-black.html",
        "category_type": "smart_products"
    },
    {
        "name": "GravaStar G1 Mars Pro Wireless Speaker - Matte Black",
        "price": "16,468 EGP",
        "image_url": "https://btech.com/media/catalog/product/a/f/af3691022868d75ec8c5b1457837991b1cca18a2f9725b453b27cd183b3a753a.jpeg?width=240&height=300&store=en&image-type=small_image",
        "product_url": "https://btech.com/en/gravastar-g1marspro-speaker-black.html",
        "category_type": "smart_products"
    },
    {
        "name": "JBL Flip 6 Bluetooth Speaker, Gray - JBLFLIP6GREY",
        "price": "7,999 EGP",
        "image_url": "https://btech.com/media/catalog/product/6/1/61e5xmb-wcl._ac_sx679_.jpg?width=240&height=300&store=en&image-type=small_image",
        "product_url": "https://btech.com/en/jbl-flip-6-bluetooth-speaker-gray-jblflip6grey.html",
        "category_type": "smart_products"
    }
]