[
    {
        "name": "Sony DualSense Wireless Controller for PlayStation 5 - White - with 1 Year warranty",
        "price": "4,999 EGP",
        "image_url": "https://btech.com/media/catalog/product/7/1/71y_ugujl5l._sl1500__1.jpg?width=240&height=300&store=en&image-type=small_image",
        "product_url": "https://btech.com/en/sony-dualsense-wireless-controller-ps5-wh.html",
        "category_type": "Gaming"
    },
    {
        "name": "Ratchet and Clank Rift Apart for PlayStation 5",
        "price": "850 EGP",
        "image_url": "https://btech.com/media/catalog/product/d/2/d2074aaff48eef881a9c1beb210f828fceca9902a79baaeaa5e7c2760da598a2.jpeg?width=240&height=300&store=en&image-type=small_image",
        "product_url": "https://btech.com/en/catalog/product/view/id/400444/s/ratchet-and-clank-rift-apart-for-playstation-5/category/26208/",
        "category_type": "Gaming"
    },
    {
        "name": "Returnal for PlayStation 5",
        "price": "699 EGP",
        "image_url": "https://btech.com/media/catalog/product/8/1/81-qg4tawrl._ac_sl1500__d3w0rsnk2dttuwiq.jpg?width=240&height=300&store=en&image-type=small_image",
        "product_url": "https://btech.com/en/returnal-for-playstation-5.html",
        "category_type": "Gaming"
    },
    {
        "name": "SpeedLink Tyalo Wired Gaming Mouse, Multicolor - SL-680015-BK",
        "price": "1,035 EGP",
        "image_url": "https://btech.com/media/catalog/product/f/e/fe176b10c78def0f9779b87c36fbfe29f2e5aef1372adb36450a93b6d19e73fa.jpeg?width=240&height=300&store=en&image-type=small_image",
        "product_url": "https://btech.com/en/speedlink-tyalo-wired-gaming-mouse-sl-680015-bk.html",
        "category_type": "Gaming"
    },
    {
        "name": "Disney Fantasia Music Evolved for Xbox One",
        "price": "349 EGP",
        "image_url": "https://btech.com/media/catalog/product/d/9/d9a86414083bf32f0debf176ca858ab2e719a5b1b693738a9ca3b068f55ad7b2.jpeg?width=240&height=300&store=en&image-type=small_image",
        "product_url": "https://btech.com/en/disney-fantasia-music-evolved-for-xbox-one.html",
        "category_type": "Gaming"
    },
    {
        "name": "Logitech F310 Gamepad Controller - Blue Black",
        "price": "1,999 EGP",
        "image_url": "https://btech.com/media/catalog/product/l/o/logitech_f310_gamped.jpg?width=240&height=300&store=en&image-type=small_image",
        "product_url": "https://btech.com/en/logitech-f310-gamepad-controller-blue-black.html",
        "category_type": "Gaming"
    },
    {
        "name": "Batman Return to Arkham for Xbox One and Xbox Series X, S",
        "price": "449 EGP",
        "image_url": "https://btech.com/media/catalog/product/4/0/40bb25f963e966b1c1ef7db4fee71a1339ba2024bc6bc736b8d85b9d0fc9e94f.jpeg?width=240&height=300&store=en&image-type=small_image",
        "product_url": "https://btech.com/en/batman-return-to-arkham-for-xbox-one-series-x-s.html",
        "category_type": "Gaming"
    },
    {
        "name": "Tom Clancys The Division for Xbox One and Xbox Series X, S",
        "price": "499 EGP",
        "image_url": "https://btech.com/media/catalog/product/c/e/ce48ce947d0bc9995939ea3f3dc3abbecbdbdfef436de609794076d8148e8244.jpeg?width=240&height=300&store=en&image-type=small_image",
        "product_url": "https://btech.com/en/tom-clancys-the-division-xbox-one-xbox-series-x-s.html",
        "category_type": "Gaming"
    },
    {
        "name": "Sony PlayStation 5 Disc Version, Slim, 1TB SSD, With Controller- White (Japanese Version)",
        "price": "30,990 EGP",
        "image_url": "https://btech.com/media/catalog/product/7/b/7b5b8d30cb3899e949d675e7eaeaec3e6f324afb66b76ac9a8d26f48023f5e98_1.jpeg?width=240&height=300&store=en&image-type=small_image",
        "product_url": "https://btech.com/en/sony-ps-5-disc-version-1tb-ssd-controller-white-japanese-version.html",
        "category_type": "Gaming"
    },
    {
        "name": "TechnoZone Remote Control and Sound Card, Black - R2",
        "price": "275 EGP",
        "image_url": "https://btech.com/media/catalog/product/t/e/technozone-remote-control-sound-card-r2-removebg-preview.png?width=240&height=300&store=en&image-type=small_image",
        "product_url": "https://btech.com/en/technozone-remote-control-and-sound-card-black-r2.html",
        "category_type": "Gaming"
    },
    {
        "name": "Recci Wired Gaming Headset, ANC, Grey - REP-L22",
        "price": "720 EGP",
        "image_url": "https://btech.com/media/catalog/product/5/1/51gzaroe1yl._ac_.jpg?width=240&height=300&store=en&image-type=small_image",
        "product_url": "https://btech.com/en/recci-wired-gaming-headset-anc-grey-rep-l22.html",
        "category_type": "Gaming"
    },
    {
        "name": "Erxung GM200 Wired Gaming Headset with Microphone for PC, PlayStation - Black and Blue",
        "price": "529 EGP",
        "image_url": "https://btech.com/media/catalog/product/4/f/4f00a9158ce8425e95bd052036d48a3682d73d40e35a93094d9ae07aa34eda91.jpeg?width=240&height=300&store=en&image-type=small_image",
        "product_url": "https://btech.com/en/erxung-gm200-wired-gaming-headset-mic-black-blue.html",
        "category_type": "Gaming"
    },
    {
        "name": "Redragon H386 Diomedes Wired Headset with Microphone for PC, PS4, PS3 , Xbox, 7.1 Surrounded Sound - Black",
        "price": "1,760 EGP",
        "image_url": "https://btech.com/media/catalog/product/4/b/4b417e0fa04f2af0e7b793e6de709b6fb3c3966ff9bd8cdf876adbfa0d46e326.jpeg?width=240&height=300&store=en&image-type=small_image",
        "product_url": "https://btech.com/en/redragon-h386-wired-headset-mic-surrounded-sound.html",
        "category_type": "Gaming"
    },
    {
        "name": "Logitech Pro X Wireless Gaming Mouse, 25600 DPI, Red- 910-005957",
        "price": "9,349 EGP",
        "image_url": "https://btech.com/media/catalog/product/a/2/a267c9bb976736a3215d5ec782e16947aa9f6d83047f2a82c9056a26d11e1d7b.jpeg?width=240&height=300&store=en&image-type=small_image",
        "product_url": "https://btech.com/en/logitech-prox-wireless-gamingmouse-25600dpi.html",
        "category_type": "Gaming"
    },
    {
        "name": "Logitech Pro X Wireless Gaming Mouse, 25600 DPI, Black- 910-005881",
        "price": "9,899 EGP",
        "image_url": "https://btech.com/media/catalog/product/9/d/9de36602fd67478453fd0d340333a2528ca898c96e3d7f92407c51a5d11923af.jpeg?width=240&height=300&store=en&image-type=small_image",
        "product_url": "https://btech.com/en/logitech-pro-x-wireless-gaming-mouse-25-600-dpi.html",
        "category_type": "Gaming"
    }
]