[
    {
        "name": "Sony PlayStation 5 Standard Slim 825 GB",
        "price": "EGP44,999.00",
        "image_url": "https://smhttp-ssl-73217.nexcesscdn.net/pub/media/catalog/product/cache/08a84a1c53d21da95cee3377f8156b2c/g/m/gm555_2_2_1.jpg",
        "product_url": "https://2b.com.eg/en/sony-playstation-5-standard-slim-825-gb.html",
        "category_type": "Gaming"
    },
    {
        "name": "Sony PlayStation 5 Standard 825 GB",
        "price": "EGP42,999.00",
        "image_url": "https://smhttp-ssl-73217.nexcesscdn.net/pub/media/catalog/product/cache/08a84a1c53d21da95cee3377f8156b2c/g/m/gm620-3.jpg",
        "product_url": "https://2b.com.eg/en/sony-playstation-5-standard-825-gb.html",
        "category_type": "Gaming"
    },
    {
        "name": "Sony DualSense PlayStation 5 CFI-ZCT1W MEA - White - IBS Warranty",
        "price": "EGP5,499.00",
        "image_url": "https://smhttp-ssl-73217.nexcesscdn.net/pub/media/catalog/product/cache/08a84a1c53d21da95cee3377f8156b2c/g/m/gm642-1-min.jpg",
        "product_url": "https://2b.com.eg/en/sony-original-game-pad-dual-sense-ps5-1.html",
        "category_type": "Gaming"
    },
    {
        "name": "2B GP193 Wireless Single Gamepad PC & PlayStation 4 - Black Shell",
        "price": "EGP2,299.00",
        "image_url": "https://smhttp-ssl-73217.nexcesscdn.net/pub/media/catalog/product/cache/08a84a1c53d21da95cee3377f8156b2c/g/p/gp193-1-min_1.jpg",
        "product_url": "https://2b.com.eg/en/2b-gp193-wireless-single-gamepad-pc-playstation-4-black-shell.html",
        "category_type": "Gaming"
    },
    {
        "name": "2B (GP076) Wireless Single Gamepad Turbo Dual Vibration 3 in one (PC- PS3) - Black Shell",
        "price": "EGP1,499.00",
        "image_url": "https://smhttp-ssl-73217.nexcesscdn.net/pub/media/catalog/product/cache/08a84a1c53d21da95cee3377f8156b2c/g/p/gp076-1.jpg",
        "product_url": "https://2b.com.eg/en/2b-gp076-wireless-single-game-pad-turbo-dual-vibration-3-in-one-pc-ps2-ps3-black-shll.html",
        "category_type": "Gaming"
    },
    {
        "name": "Spirit of Gamer PRO-H3 Gaming Headset PS5/PS4 Edition - White",
        "price": "EGP819.00",
        "image_url": "https://smhttp-ssl-73217.nexcesscdn.net/pub/media/catalog/product/cache/08a84a1c53d21da95cee3377f8156b2c/h/p/hp567-4.jpg",
        "product_url": "https://2b.com.eg/en/spirit-of-gamer-pro-h3-gaming-headset-ps5-ps4-edition-white.html",
        "category_type": "Gaming"
    },
    {
        "name": "White Shark USB Gaming Headset GH-1946 JAGUAR-7.1 - Black*Silver",
        "price": "EGP929.00",
        "image_url": "https://smhttp-ssl-73217.nexcesscdn.net/pub/media/catalog/product/cache/08a84a1c53d21da95cee3377f8156b2c/h/p/hp457-3.jpg",
        "product_url": "https://2b.com.eg/en/white-shark-usb-gaming-headset-gh-1946-jaguar-7-1-r-black-silver.html",
        "category_type": "Gaming"
    },
    {
        "name": "White Shark Gaming Keyboard Metal/Plastic Rainbow LED 9 Modes Mechanical Blue Switch 104 Keys - Silver",
        "price": "EGP1,538.00",
        "image_url": "https://smhttp-ssl-73217.nexcesscdn.net/pub/media/catalog/product/cache/08a84a1c53d21da95cee3377f8156b2c/k/b/kb026-1.jpg",
        "product_url": "https://2b.com.eg/en/white-shark-gaming-keyboard-metal-plastic-rainbow-led-9-modes-mechanical-blue-switch-104-keys-silver.html",
        "category_type": "Gaming"
    },
    {
        "name": "Spirit Of Gamer XG900 Combo keyboard RGB OPTO Mechanical SWITCH & RGB Mouse",
        "price": "EGP3,039.00",
        "image_url": "https://smhttp-ssl-73217.nexcesscdn.net/pub/media/catalog/product/cache/08a84a1c53d21da95cee3377f8156b2c/k/b/kb037-nd1-min.jpg",
        "product_url": "https://2b.com.eg/en/spirit-of-gamer-xg900-combo-keyboard-rgb-opto-mechanical-switch-rgb-mouse.html",
        "category_type": "Gaming"
    },
    {
        "name": "2B (KB344) 4 in 1 Gaming Combo - Wired Metal Back Lightning Keyboard - Mouse-Pad - Wired Mouse and Wired Gaming headphone",
        "price": "EGP1,219.00",
        "image_url": "https://smhttp-ssl-73217.nexcesscdn.net/pub/media/catalog/product/cache/08a84a1c53d21da95cee3377f8156b2c/k/b/kb344-1.jpg",
        "product_url": "https://2b.com.eg/en/2b-kb344-4-in-1-gaming-combo-wired-metal-back-lighting-keyboard-mouse-pad-wired-mouse-and-wired-gaming-headphone.html",
        "category_type": "Gaming"
    },
    {
        "name": "HP Omen Encoder Gaming Keyboard - 6YW75AA - Brown Switch",
        "price": "EGP4,948.00",
        "image_url": "https://smhttp-ssl-73217.nexcesscdn.net/pub/media/catalog/product/cache/08a84a1c53d21da95cee3377f8156b2c/k/b/kb013-1.jpg",
        "product_url": "https://2b.com.eg/en/hp-omen-encoder-gaming-keyboard-6yw75aa-brown-switch.html",
        "category_type": "Gaming"
    },
    {
        "name": "White Shark Gaming mouse GM-9009 - MORHOLT - Black",
        "price": "EGP929.00",
        "image_url": "https://smhttp-ssl-73217.nexcesscdn.net/pub/media/catalog/product/cache/08a84a1c53d21da95cee3377f8156b2c/m/o/mo287-6.jpg",
        "product_url": "https://2b.com.eg/en/white-shark-gaming-mouse-gm-9009-morholt-black.html",
        "category_type": "Gaming"
    },
    {
        "name": "Spirit of Gamer Elite M20 Gaming Mouse - Black",
        "price": "EGP1,098.00",
        "image_url": "https://smhttp-ssl-73217.nexcesscdn.net/pub/media/catalog/product/cache/08a84a1c53d21da95cee3377f8156b2c/m/o/mo276-1.jpg",
        "product_url": "https://2b.com.eg/en/spirit-of-gamer-elite-m20-gaming-mouse-black.html",
        "category_type": "Gaming"
    },
    {
        "name": "HP OMEN Mouse 400 - 3ML38AA - Black",
        "price": "EGP1,428.00",
        "image_url": "https://smhttp-ssl-73217.nexcesscdn.net/pub/media/catalog/product/cache/08a84a1c53d21da95cee3377f8156b2c/m/o/mo958-1-min.jpg",
        "product_url": "https://2b.com.eg/en/hp-omen-mouse-400-3ml38aa-black.html",
        "category_type": "Gaming"
    },
    {
        "name": "HP X220 Backlit Gaming Mouse - 8DX48AA - Black",
        "price": "EGP768.00",
        "image_url": "https://smhttp-ssl-73217.nexcesscdn.net/pub/media/catalog/product/cache/08a84a1c53d21da95cee3377f8156b2c/m/o/mo042-1.gif",
        "product_url": "https://2b.com.eg/en/hp-x220-backlit-gaming-mouse-8dx48aa-black.html",
        "category_type": "Gaming"
    },
    {
        "name": "White Shark Gaming mouse GM-5001- SHAKA ZULU - Black*Silver",
        "price": "EGP988.00",
        "image_url": "https://smhttp-ssl-73217.nexcesscdn.net/pub/media/catalog/product/cache/08a84a1c53d21da95cee3377f8156b2c/m/o/mo257-1.jpg",
        "product_url": "https://2b.com.eg/en/white-shark-gaming-mouse-gm-5001-shaka-zulu-black-silver.html",
        "category_type": "Gaming"
    },
    {
        "name": "HP OMEN Vector Essential Mouse - Black",
        "price": "EGP1,208.00",
        "image_url": "https://smhttp-ssl-73217.nexcesscdn.net/pub/media/catalog/product/cache/08a84a1c53d21da95cee3377f8156b2c/m/o/mo959-1.jpg",
        "product_url": "https://2b.com.eg/en/hp-omen-vector-essential-mouse-black.html",
        "category_type": "Gaming"
    },
    {
        "name": "Spirit Of Gamer Skull Gaming Mouse Pad - Ultra Large Size",
        "price": "EGP878.00",
        "image_url": "https://smhttp-ssl-73217.nexcesscdn.net/pub/media/catalog/product/cache/08a84a1c53d21da95cee3377f8156b2c/m/p/mp01l-min.jpg",
        "product_url": "https://2b.com.eg/en/spirit-of-gamer-skull-rgb-gaming-mouse-pad-ultra-large-size.html",
        "category_type": "Gaming"
    },
    {
        "name": "Sony Playstation 5 Standard Slim  (1 year warranty)",
        "price": "EGP44,999.00",
        "image_url": "https://smhttp-ssl-73217.nexcesscdn.net/pub/media/catalog/product/cache/08a84a1c53d21da95cee3377f8156b2c/g/m/gm511-min_1.jpg",
        "product_url": "https://2b.com.eg/en/sony-playstation-5-standard-slim.html",
        "category_type": "Gaming"
    },
    {
        "name": "Sony Playstation 5 Slim (1 year warranty)",
        "price": "EGP44,999.00",
        "image_url": "https://smhttp-ssl-73217.nexcesscdn.net/pub/media/catalog/product/cache/08a84a1c53d21da95cee3377f8156b2c/g/m/gm511-min.jpg",
        "product_url": "https://2b.com.eg/en/sony-playstation-5-slim.html",
        "category_type": "Gaming"
    },
    {
        "name": "Returnal CD Game For PlayStation 5 - IBS Warranty",
        "price": "EGP2,099.00",
        "image_url": "https://smhttp-ssl-73217.nexcesscdn.net/pub/media/catalog/product/cache/08a84a1c53d21da95cee3377f8156b2c/g/m/gm653-1-min.jpg",
        "product_url": "https://2b.com.eg/en/returnal-cd-game-for-playstation-5-ibs-warranty.html",
        "category_type": "Gaming"
    },
    {
        "name": "Spirit Of Gamer Cross Game Hub Converter for PS4/PS3/XBOX One/Nintendo Switch Cross-game - CONV2",
        "price": "EGP1,318.00",
        "image_url": "https://smhttp-ssl-73217.nexcesscdn.net/pub/media/catalog/product/cache/08a84a1c53d21da95cee3377f8156b2c/c/v/cv236-8.jpg",
        "product_url": "https://2b.com.eg/en/spirit-of-gamer-cross-game-hub-converter-for-ps4-ps3-xbox-one-nintendo-switch-cross-game-conv2.html",
        "category_type": "Gaming"
    },
    {
        "name": "Marvo Gaming Mouse M519 With RGB Lighting 12000 DPI Optical Sensor With 7 Lighting Modes Up to1000Hz - Black",
        "price": "EGP609.00",
        "image_url": "https://smhttp-ssl-73217.nexcesscdn.net/pub/media/catalog/product/cache/08a84a1c53d21da95cee3377f8156b2c/m/o/mo517-1-min.jpg",
        "product_url": "https://2b.com.eg/en/marvo-gaming-mouse-m519-with-rgb-lighting-12000-dpi-optical-sensor-with-7-lighting-modes-up-to1000hz-black.html",
        "category_type": "Gaming"
    },
    {
        "name": "Marvo 7.1 Virtual Surround Sound Gaming Headsets with Dynamic RGB Backlight HG9015G",
        "price": "EGP1,538.00",
        "image_url": "https://smhttp-ssl-73217.nexcesscdn.net/pub/media/catalog/product/cache/08a84a1c53d21da95cee3377f8156b2c/h/p/hp657-1-min.jpg",
        "product_url": "https://2b.com.eg/en/marvo-7-1-hg9015g-virtual-surround-sound-gaming-headsets-with-dynamic-rgb-backlight.html",
        "category_type": "Gaming"
    },
    {
        "name": "Marvo Gaming Mouse G925 With Honeycomb Shell High Precision 12,000 DPI Optical Sensor With 11 Different Lighting Modes - Black",
        "price": "EGP988.00",
        "image_url": "https://smhttp-ssl-73217.nexcesscdn.net/pub/media/catalog/product/cache/08a84a1c53d21da95cee3377f8156b2c/m/o/mo527-1-min.jpg",
        "product_url": "https://2b.com.eg/en/marvo-gaming-mouse-g925-with-honeycomb-shell-high-precision-12-000-dpi-optical-sensor-with-11-different-lighting-modes-black.html",
        "category_type": "Gaming"
    },
    {
        "name": "Marvo Gaming Mouse M355 with Thumb Rest 7200 DPI Optical Sensor 7 Color Backlight - Black",
        "price": "EGP429.00",
        "image_url": "https://smhttp-ssl-73217.nexcesscdn.net/pub/media/catalog/product/cache/08a84a1c53d21da95cee3377f8156b2c/m/o/mo516-1-min.jpg",
        "product_url": "https://2b.com.eg/en/marvo-gaming-mouse-m355-with-thumb-rest-7200-dpi-optical-sensor-7-color-backlight-black.html",
        "category_type": "Gaming"
    },
    {
        "name": "Marvo Pro KG946 Gaming Keyboard - Black",
        "price": "EGP3,078.00",
        "image_url": "https://smhttp-ssl-73217.nexcesscdn.net/pub/media/catalog/product/cache/08a84a1c53d21da95cee3377f8156b2c/k/b/kb066-1-min.jpg",
        "product_url": "https://2b.com.eg/en/marvo-pro-kg946-gaming-keyboard-black.html",
        "category_type": "Gaming"
    },
    {
        "name": "Spirit of Gamer SOG-STD1 Universal RGB Headset Stand With USB Hub Removable Cable Guide For Your Mouse Non-slip Weighted Base RGB Backlighting 11 Preset Effects",
        "price": "EGP1,538.00",
        "image_url": "https://smhttp-ssl-73217.nexcesscdn.net/pub/media/catalog/product/cache/08a84a1c53d21da95cee3377f8156b2c/g/m/gm497-11-min.jpg",
        "product_url": "https://2b.com.eg/en/spirit-of-gamer-sog-std1-universal-rgb-headset-stand-with-usb-hub-removable-cable-guide-for-your-mouse-non-slip-weighted-base-rgb-backlighting-11-preset-effects.html",
        "category_type": "Gaming"
    },
    {
        "name": "Marvo Headset & Mouse Gaming Combo MH01BK - Black",
        "price": "EGP1,758.00",
        "image_url": "https://smhttp-ssl-73217.nexcesscdn.net/pub/media/catalog/product/cache/08a84a1c53d21da95cee3377f8156b2c/h/p/hp655-1-min.jpg",
        "product_url": "https://2b.com.eg/en/marvo-headset-mouse-gaming-combo-mh01bk-black.html",
        "category_type": "Gaming"
    },
    {
        "name": "Marvo Gaming Mouse G924 High-precision 10,000 DPI Optical Ambidextrous Ergonomic Design with 6 Different Lighting Modes - Black",
        "price": "EGP1,098.00",
        "image_url": "https://smhttp-ssl-73217.nexcesscdn.net/pub/media/catalog/product/cache/08a84a1c53d21da95cee3377f8156b2c/m/o/mo537-1-min.jpg",
        "product_url": "https://2b.com.eg/en/marvo-gaming-mouse-g924-high-precision-10-000-dpi-optical-ambidextrous-ergonomic-design-with-6-different-lighting-modes-black.html",
        "category_type": "Gaming"
    },
    {
        "name": "Marvo Gaming Mouse M115 4000 DPI Optical - Black",
        "price": "EGP599.00",
        "image_url": "https://smhttp-ssl-73217.nexcesscdn.net/pub/media/catalog/product/cache/08a84a1c53d21da95cee3377f8156b2c/m/o/mo536-1-min.jpg",
        "product_url": "https://2b.com.eg/en/marvo-gaming-mouse-m115-4000-dpi-optical-black.html",
        "category_type": "Gaming"
    },
    {
        "name": "Marvo Gaming Mouse M513 6400 DPI Optical - Black",
        "price": "EGP609.00",
        "image_url": "https://smhttp-ssl-73217.nexcesscdn.net/pub/media/catalog/product/cache/08a84a1c53d21da95cee3377f8156b2c/m/o/mo436-1-min.jpg",
        "product_url": "https://2b.com.eg/en/marvo-gaming-mouse-m513-6400-dpi-optical-black.html",
        "category_type": "Gaming"
    },
    {
        "name": "Marvo Gaming Mouse M399 76g Ultra-Light Honeycomb 6400 DPI Optical - Black",
        "price": "EGP548.00",
        "image_url": "https://smhttp-ssl-73217.nexcesscdn.net/pub/media/catalog/product/cache/08a84a1c53d21da95cee3377f8156b2c/m/o/mo437-1-min.jpg",
        "product_url": "https://2b.com.eg/en/marvo-gaming-mouse-m399-76g-ultra-light-honeycomb-6400-dpi-optical-black.html",
        "category_type": "Gaming"
    },
    {
        "name": "Marvo Gaming Headsets with White Light - Pink",
        "price": "EGP1,098.00",
        "image_url": "https://smhttp-ssl-73217.nexcesscdn.net/pub/media/catalog/product/cache/08a84a1c53d21da95cee3377f8156b2c/h/p/hp616-2-min.jpg",
        "product_url": "https://2b.com.eg/en/marvo-gaming-headsets-with-white-light-pink.html",
        "category_type": "Gaming"
    },
    {
        "name": "Marvo Gaming Headsets 3.5mm with Mic - Black",
        "price": "EGP878.00",
        "image_url": "https://smhttp-ssl-73217.nexcesscdn.net/pub/media/catalog/product/cache/08a84a1c53d21da95cee3377f8156b2c/h/p/hp536-1-min.jpg",
        "product_url": "https://2b.com.eg/en/marvo-gaming-headsets-3-5mm-with-mic-black.html",
        "category_type": "Gaming"
    },
    {
        "name": "Marvo Laptop Cooling Stand FN-41 High-speed Quiet Fans for Fast Cooling and Less Noise",
        "price": "EGP1,499.00",
        "image_url": "https://smhttp-ssl-73217.nexcesscdn.net/pub/media/catalog/product/cache/08a84a1c53d21da95cee3377f8156b2c/l/f/lf207-1-min.jpg",
        "product_url": "https://2b.com.eg/en/marvo-laptop-cooling-stand-fn-41-high-speed-quiet-fans-for-fast-cooling-and-less-noise.html",
        "category_type": "Gaming"
    },
    {
        "name": "Marvo Laptop Cooling Stand FN-40  2-port USB hub",
        "price": "EGP1,399.00",
        "image_url": "https://smhttp-ssl-73217.nexcesscdn.net/pub/media/catalog/product/cache/08a84a1c53d21da95cee3377f8156b2c/l/f/lf206-1-min.jpg",
        "product_url": "https://2b.com.eg/en/marvo-laptop-cooling-stand-fn-40-2-port-usb-hub.html",
        "category_type": "Gaming"
    },
    {
        "name": "Marvo Gaming Headsets 7.1 Virtual Surround Sound HG9068 - Black",
        "price": "EGP1,538.00",
        "image_url": "https://smhttp-ssl-73217.nexcesscdn.net/pub/media/catalog/product/cache/08a84a1c53d21da95cee3377f8156b2c/h/p/hp556-5-min.jpg",
        "product_url": "https://2b.com.eg/en/marvo-gaming-headsets-7-1-virtual-surround-sound-hg9068-black.html",
        "category_type": "Gaming"
    },
    {
        "name": "Spirit of Gamer PRO-H7 Multiplatform Gaming Headset",
        "price": "EGP1,428.00",
        "image_url": "https://smhttp-ssl-73217.nexcesscdn.net/pub/media/catalog/product/cache/08a84a1c53d21da95cee3377f8156b2c/h/p/hp587-1.jpg",
        "product_url": "https://2b.com.eg/en/spirit-of-gamer-pro-h7-multiplatform-gaming-headset.html",
        "category_type": "Gaming"
    },
    {
        "name": "E-train (GP002) Game Pad USB 1 Hand with Dual Analog Vibration EJ-03 -GP002 - Black",
        "price": "EGP499.00",
        "image_url": "https://smhttp-ssl-73217.nexcesscdn.net/pub/media/catalog/product/cache/08a84a1c53d21da95cee3377f8156b2c/g/p/gp002-1-min.jpg",
        "product_url": "https://2b.com.eg/en/etrain-game-pad-gp002.html",
        "category_type": "Gaming"
    },
    {
        "name": "FIFA 2023 CD Game For PlayStation 4 - Arabic Edition",
        "price": "EGP2,779.00",
        "image_url": "https://smhttp-ssl-73217.nexcesscdn.net/pub/media/catalog/product/cache/08a84a1c53d21da95cee3377f8156b2c/g/m/gm102-1-min.jpg",
        "product_url": "https://2b.com.eg/en/fifa-2023-cd-game-for-playstation-4-arabic-edition.html",
        "category_type": "Gaming"
    },
    {
        "name": "FIFA 2023 CD Game For PlayStation 4 - English Edition",
        "price": "EGP2,999.00",
        "image_url": "https://smhttp-ssl-73217.nexcesscdn.net/pub/media/catalog/product/cache/08a84a1c53d21da95cee3377f8156b2c/g/m/gm110-4-min.jpg",
        "product_url": "https://2b.com.eg/en/fifa-2023-cd-game-for-playstation-4-english-edition.html",
        "category_type": "Gaming"
    },
    {
        "name": "Saints Row 2022 CD Game For PlayStation 5",
        "price": "EGP1,099.00",
        "image_url": "https://smhttp-ssl-73217.nexcesscdn.net/pub/media/catalog/product/cache/08a84a1c53d21da95cee3377f8156b2c/g/m/gm488-1-min_1.jpg",
        "product_url": "https://2b.com.eg/en/saints-row-2022-cd-game-for-playstation-6.html",
        "category_type": "Gaming"
    },
    {
        "name": "Saints Row 2022 CD Game For PlayStation 4",
        "price": "EGP1,669.00",
        "image_url": "https://smhttp-ssl-73217.nexcesscdn.net/pub/media/catalog/product/cache/08a84a1c53d21da95cee3377f8156b2c/g/m/gm183-1-min_1.jpg",
        "product_url": "https://2b.com.eg/en/saints-row-2022-cd-game-for-playstation-7.html",
        "category_type": "Gaming"
    },
    {
        "name": "Cris Tales PEGI CD Game For PlayStation 4",
        "price": "EGP1,329.00",
        "image_url": "https://smhttp-ssl-73217.nexcesscdn.net/pub/media/catalog/product/cache/08a84a1c53d21da95cee3377f8156b2c/g/m/gm158-1-min_1.jpg",
        "product_url": "https://2b.com.eg/en/cris-tales-pegi-cd-game-for-playstation-6.html",
        "category_type": "Gaming"
    },
    {
        "name": "Kena Bridge Of Spirits CD Game For PlayStation 4 - Deluxe Edition",
        "price": "EGP1,559.00",
        "image_url": "https://smhttp-ssl-73217.nexcesscdn.net/pub/media/catalog/product/cache/08a84a1c53d21da95cee3377f8156b2c/g/m/gm170-2-min_1.jpg",
        "product_url": "https://2b.com.eg/en/kena-bridge-of-spirits-cd-game-playstation-4-deluxe-edition-1.html",
        "category_type": "Gaming"
    },
    {
        "name": "Rainbow Six Extraction CD Game For PlayStation 4 - Deluxe Edition",
        "price": "EGP1,099.00",
        "image_url": "https://smhttp-ssl-73217.nexcesscdn.net/pub/media/catalog/product/cache/08a84a1c53d21da95cee3377f8156b2c/g/m/gm716-min.jpg",
        "product_url": "https://2b.com.eg/en/rainbow-six-extraction-cd-game-for-playstation-4-deluxe-edition.html",
        "category_type": "Gaming"
    },
    {
        "name": "Rainbow Six Extraction CD Game For PlayStation 4 - Arabic Edition",
        "price": "EGP999.00",
        "image_url": "https://smhttp-ssl-73217.nexcesscdn.net/pub/media/catalog/product/cache/08a84a1c53d21da95cee3377f8156b2c/g/m/gm717-min.jpg",
        "product_url": "https://2b.com.eg/en/rainbow-six-extraction-cd-game-for-playstation-4-arabic-edition.html",
        "category_type": "Gaming"
    },
    {
        "name": "Until Dawn Hits CD Game For PlayStation 4",
        "price": "EGP889.00",
        "image_url": "https://smhttp-ssl-73217.nexcesscdn.net/pub/media/catalog/product/cache/08a84a1c53d21da95cee3377f8156b2c/g/m/gm149-1_min_1_1_1_1_1_1_1_.jpg",
        "product_url": "https://2b.com.eg/en/until-dawn-hits-cd-game-for-playstation-4.html",
        "category_type": "Gaming"
    },
    {
        "name": "Dying Light 2 CD Game For PlayStation 4",
        "price": "EGP1,999.00",
        "image_url": "https://smhttp-ssl-73217.nexcesscdn.net/pub/media/catalog/product/cache/08a84a1c53d21da95cee3377f8156b2c/g/m/gm161-6-min.jpg",
        "product_url": "https://2b.com.eg/en/dying-light-2-cd-game-for-playstation-4.html",
        "category_type": "Gaming"
    },
    {
        "name": "Elden Ring CD Game For PlayStation 4",
        "price": "EGP1,669.00",
        "image_url": "https://smhttp-ssl-73217.nexcesscdn.net/pub/media/catalog/product/cache/08a84a1c53d21da95cee3377f8156b2c/g/m/gm162-1-min.jpg",
        "product_url": "https://2b.com.eg/en/elden-ring-cd-game-for-playstation-4.html",
        "category_type": "Gaming"
    },
    {
        "name": "Kena Bridge Of Spirits CD Game PlayStation 4 - Deluxe Edition",
        "price": "EGP1,559.00",
        "image_url": "https://smhttp-ssl-73217.nexcesscdn.net/pub/media/catalog/product/cache/08a84a1c53d21da95cee3377f8156b2c/g/m/gm170-2-min.jpg",
        "product_url": "https://2b.com.eg/en/kena-bridge-of-spirits-cd-game-playstation-4-deluxe-edition.html",
        "category_type": "Gaming"
    },
    {
        "name": "Marvels Guardians Of The Galaxy CD Game PlayStation 4 - Arabic Edition",
        "price": "EGP1,669.00",
        "image_url": "https://smhttp-ssl-73217.nexcesscdn.net/pub/media/catalog/product/cache/08a84a1c53d21da95cee3377f8156b2c/g/m/gm171-1-min.jpg",
        "product_url": "https://2b.com.eg/en/marvels-guardians-of-the-galaxy-cd-game-playstation-4-arabic-edition.html",
        "category_type": "Gaming"
    },
    {
        "name": "Alan Wake Remastered CD Game For PlayStation 4",
        "price": "EGP1,439.00",
        "image_url": "https://smhttp-ssl-73217.nexcesscdn.net/pub/media/catalog/product/cache/08a84a1c53d21da95cee3377f8156b2c/g/m/gm138-1-min.jpg",
        "product_url": "https://2b.com.eg/en/alan-wake-remastered-cd-game-for-playstation-4.html",
        "category_type": "Gaming"
    },
    {
        "name": "Saints Row 2022 CD Game For PlayStation 4",
        "price": "EGP1,669.00",
        "image_url": "https://smhttp-ssl-73217.nexcesscdn.net/pub/media/catalog/product/cache/08a84a1c53d21da95cee3377f8156b2c/g/m/gm183-1-min.jpg",
        "product_url": "https://2b.com.eg/en/saints-row-2022-cd-game-for-playstation-4.html",
        "category_type": "Gaming"
    },
    {
        "name": "Saints Row 2022 CD Game For PlayStation 5",
        "price": "EGP1,669.00",
        "image_url": "https://smhttp-ssl-73217.nexcesscdn.net/pub/media/catalog/product/cache/08a84a1c53d21da95cee3377f8156b2c/g/m/gm488-1-min.jpg",
        "product_url": "https://2b.com.eg/en/saints-row-2022-cd-game-for-playstation-5.html",
        "category_type": "Gaming"
    },
    {
        "name": "Ghostbusters Spirits Unleashed CD Game For PlayStation 4",
        "price": "EGP1,329.00",
        "image_url": "https://smhttp-ssl-73217.nexcesscdn.net/pub/media/catalog/product/cache/08a84a1c53d21da95cee3377f8156b2c/g/m/gm163-6-min.jpg",
        "product_url": "https://2b.com.eg/en/ghostbusters-spirits-unleashed-cd-game-for-playstation-4.html",
        "category_type": "Gaming"
    },
    {
        "name": "Valkyrie Elysium CD Game For PlayStation 4",
        "price": "EGP1,669.00",
        "image_url": "https://smhttp-ssl-73217.nexcesscdn.net/pub/media/catalog/product/cache/08a84a1c53d21da95cee3377f8156b2c/g/m/gm189-1-min.jpg",
        "product_url": "https://2b.com.eg/en/valkyrie-elysium-cd-game-for-playstation-4.html",
        "category_type": "Gaming"
    },
    {
        "name": "Cris Tales PEGI CD Game For PlayStation 4",
        "price": "EGP1,329.00",
        "image_url": "https://smhttp-ssl-73217.nexcesscdn.net/pub/media/catalog/product/cache/08a84a1c53d21da95cee3377f8156b2c/g/m/gm158-1-min.jpg",
        "product_url": "https://2b.com.eg/en/cris-tales-pegi-cd-game-for-playstation-4.html",
        "category_type": "Gaming"
    },
    {
        "name": "God of War Ragnarok CD Game For PlayStation 4 - Arabic Edition",
        "price": "EGP2,779.00",
        "image_url": "https://smhttp-ssl-73217.nexcesscdn.net/pub/media/catalog/product/cache/08a84a1c53d21da95cee3377f8156b2c/g/m/gm499-8-min.jpg",
        "product_url": "https://2b.com.eg/en/god-of-war-ragnarok-cd-game-for-playstation-4-arabic-edition.html",
        "category_type": "Gaming"
    },
    {
        "name": "Contra Rogue Corps CD Game For PlayStation 4 - Arabic Edition",
        "price": "EGP669.00",
        "image_url": "https://smhttp-ssl-73217.nexcesscdn.net/pub/media/catalog/product/cache/08a84a1c53d21da95cee3377f8156b2c/4/0/4012927104873-1_1.jpg",
        "product_url": "https://2b.com.eg/en/contra-rogue-corps-cd-game-for-playstation-4-arabic-edition-1.html",
        "category_type": "Gaming"
    },
    {
        "name": "Sony PlayStation 4 DualShock IV Wireless Controller - Black",
        "price": "EGP4,499.00",
        "image_url": "https://smhttp-ssl-73217.nexcesscdn.net/pub/media/catalog/product/cache/08a84a1c53d21da95cee3377f8156b2c/g/m/gm203.jpg",
        "product_url": "https://2b.com.eg/en/sony-dualshock-4-wireless-controller-for-playstation-4-black-middle-east-version.html",
        "category_type": "Gaming"
    },
    {
        "name": "E-train (GP054) - USB 2.0 Double Game pad - Colors",
        "price": "EGP949.00",
        "image_url": "https://smhttp-ssl-73217.nexcesscdn.net/pub/media/catalog/product/cache/08a84a1c53d21da95cee3377f8156b2c/g/p/gp054-1.jpg",
        "product_url": "https://2b.com.eg/en/2b-double-vibration-game-pad.html",
        "category_type": "Gaming"
    },
    {
        "name": "White Shark Headset GH-2040 Serval - Black*Red",
        "price": "EGP658.00",
        "image_url": "https://smhttp-ssl-73217.nexcesscdn.net/pub/media/catalog/product/cache/08a84a1c53d21da95cee3377f8156b2c/h/p/hp617-1-min.jpg",
        "product_url": "https://2b.com.eg/en/white-shark-headset-gh-2040-serval-black-red.html",
        "category_type": "Gaming"
    },
    {
        "name": "White Shark Gaming Keyboard Plastic Rainbow LED 17 modes Mechanical Red Switch 61 Keys - White",
        "price": "EGP1,459.00",
        "image_url": "https://smhttp-ssl-73217.nexcesscdn.net/pub/media/catalog/product/cache/08a84a1c53d21da95cee3377f8156b2c/k/b/kb01w-1-min_1.jpg",
        "product_url": "https://2b.com.eg/en/white-shark-gaming-keyboard-plastic-rainbow-led-17-modes-mechanical-red-switch-61-keys-white.html",
        "category_type": "Gaming"
    },
    {
        "name": "White Shark Keyboard TIPKOVNICA GK-2102 LEGIONNAIRE-X RGB / US - Black",
        "price": "EGP2,149.00",
        "image_url": "https://smhttp-ssl-73217.nexcesscdn.net/pub/media/catalog/product/cache/08a84a1c53d21da95cee3377f8156b2c/k/b/kb02x-1-min.jpg",
        "product_url": "https://2b.com.eg/en/white-shark-keyboard-tipkovnica-gk-2102-legionnaire-x-rgb-us-black.html",
        "category_type": "Gaming"
    },
    {
        "name": "White Shark Gaming Keyboard Plastic Rainbow LED 17 modes Mechanical Blue Switch 61 Keys - Black",
        "price": "EGP1,648.00",
        "image_url": "https://smhttp-ssl-73217.nexcesscdn.net/pub/media/catalog/product/cache/08a84a1c53d21da95cee3377f8156b2c/k/b/kb01b-2-min.jpg",
        "product_url": "https://2b.com.eg/en/white-shark-gaming-keyboard-plastic-rainbow-led-17-modes-mechanical-blue-switch-61-keys-black.html",
        "category_type": "Gaming"
    },
    {
        "name": "Horizon Forbidden West CD Game For PlayStation 5",
        "price": "EGP1,669.00",
        "image_url": "https://smhttp-ssl-73217.nexcesscdn.net/pub/media/catalog/product/cache/08a84a1c53d21da95cee3377f8156b2c/g/m/gm993-1-min.jpg",
        "product_url": "https://2b.com.eg/en/horizon-forbidden-west-for-playstation-5.html",
        "category_type": "Gaming"
    },
    {
        "name": "ARK CD Game For PlayStation 4 - Ultimate Survivor Edition",
        "price": "EGP1,439.00",
        "image_url": "https://smhttp-ssl-73217.nexcesscdn.net/pub/media/catalog/product/cache/08a84a1c53d21da95cee3377f8156b2c/g/m/gm043-1-min_1.jpg",
        "product_url": "https://2b.com.eg/en/ark-cd-game-for-playstation-4-ultimate-survivor-edition.html",
        "category_type": "Gaming"
    },
    {
        "name": "Battlefield 2042 CD Game For PlayStation 4 - Arabic Edition",
        "price": "EGP1,329.00",
        "image_url": "https://smhttp-ssl-73217.nexcesscdn.net/pub/media/catalog/product/cache/08a84a1c53d21da95cee3377f8156b2c/g/m/gm050-1-min.jpg",
        "product_url": "https://2b.com.eg/en/battlefield-2042-cd-game-for-playstation-4-arabic-edition.html",
        "category_type": "Gaming"
    },
    {
        "name": "WW2K22 CD Game For PlayStation 4",
        "price": "EGP1,099.00",
        "image_url": "https://smhttp-ssl-73217.nexcesscdn.net/pub/media/catalog/product/cache/08a84a1c53d21da95cee3377f8156b2c/g/m/gm093-2-min.jpg",
        "product_url": "https://2b.com.eg/en/ww2k22-cd-game-for-playstation-4.html",
        "category_type": "Gaming"
    },
    {
        "name": "Street Fighter V For PlayStation 4",
        "price": "EGP1,099.00",
        "image_url": "https://smhttp-ssl-73217.nexcesscdn.net/pub/media/catalog/product/cache/08a84a1c53d21da95cee3377f8156b2c/g/m/gm088-3-min.jpg",
        "product_url": "https://2b.com.eg/en/street-fighter-v-for-playstation-4.html",
        "category_type": "Gaming"
    },
    {
        "name": "Rainbow Six CD Game For PlayStation 4",
        "price": "EGP1,219.00",
        "image_url": "https://smhttp-ssl-73217.nexcesscdn.net/pub/media/catalog/product/cache/08a84a1c53d21da95cee3377f8156b2c/g/m/gm365-1-min.jpg",
        "product_url": "https://2b.com.eg/en/rainbow-six-cd-game-for-playstation-4.html",
        "category_type": "Gaming"
    },
    {
        "name": "HP OMEN by HP Mindframe Prime Headset with FrostCap Ear Cooling - Black",
        "price": "EGP8,798.00",
        "image_url": "https://smhttp-ssl-73217.nexcesscdn.net/pub/media/catalog/product/cache/08a84a1c53d21da95cee3377f8156b2c/h/p/hp944-1.jpg",
        "product_url": "https://2b.com.eg/en/hp-omen-by-hp-mindframe-prime-headset-with-frostcap-ear-cooling-black.html",
        "category_type": "Gaming"
    },
    {
        "name": "2B (GP026) 5in1 Racing wheel For PS3/PS4/PC/XBOX ONE/Switch",
        "price": "EGP5,499.00",
        "image_url": "https://smhttp-ssl-73217.nexcesscdn.net/pub/media/catalog/product/cache/08a84a1c53d21da95cee3377f8156b2c/g/p/gp026--29-8.jpg",
        "product_url": "https://2b.com.eg/en/2b-gp026-5in1-racing-wheel-for-ps3-ps4-pc-xbox-one-switch.html",
        "category_type": "Gaming"
    },
    {
        "name": "Sony PlayStation 5 Standard 825 GB",
        "price": "EGP42,999.00",
        "image_url": "https://smhttp-ssl-73217.nexcesscdn.net/pub/media/catalog/product/cache/08a84a1c53d21da95cee3377f8156b2c/g/m/gm555_2_2.jpg",
        "product_url": "https://2b.com.eg/en/sony-playstation-5-standard-825-gb-1.html",
        "category_type": "Gaming"
    },
    {
        "name": "Sony Original Game Pad DualSense PlayStation 5 - Pink",
        "price": "EGP5,499.00",
        "image_url": "https://smhttp-ssl-73217.nexcesscdn.net/pub/media/catalog/product/cache/08a84a1c53d21da95cee3377f8156b2c/g/m/gm108-1-min.jpg",
        "product_url": "https://2b.com.eg/en/sony-original-game-pad-dual-sense-playstation-5-pink.html",
        "category_type": "Gaming"
    },
    {
        "name": "Back 4 Blood CD Game For PlayStation 5 - Arabic Edition",
        "price": "EGP999.00",
        "image_url": "https://smhttp-ssl-73217.nexcesscdn.net/pub/media/catalog/product/cache/08a84a1c53d21da95cee3377f8156b2c/g/m/gm047-1-min_1.jpg",
        "product_url": "https://2b.com.eg/en/back-4-blood-cd-game-for-playstation-5-arabic-edition-1.html",
        "category_type": "Gaming"
    },
    {
        "name": "Back 4 Blood CD Game For PlayStation 4 - Arabic Edition",
        "price": "EGP829.00",
        "image_url": "https://smhttp-ssl-73217.nexcesscdn.net/pub/media/catalog/product/cache/08a84a1c53d21da95cee3377f8156b2c/g/m/gm712-min.jpg",
        "product_url": "https://2b.com.eg/en/back-4-blood-cd-game-for-playstation-4-arabic-edition.html",
        "category_type": "Gaming"
    },
    {
        "name": "FIFA 2024 CD Game For PlayStation 5 - Arabic Edition",
        "price": "EGP2,999.00",
        "image_url": "https://smhttp-ssl-73217.nexcesscdn.net/pub/media/catalog/product/cache/08a84a1c53d21da95cee3377f8156b2c/g/m/gm595-min_1.jpg",
        "product_url": "https://2b.com.eg/en/fifa-2024-cd-game-for-playstation-5-arabic-edition.html",
        "category_type": "Gaming"
    },
    {
        "name": "FC 2024 CD Game For PlayStation 4 - Arabic  Edition",
        "price": "EGP2,999.00",
        "image_url": "https://smhttp-ssl-73217.nexcesscdn.net/pub/media/catalog/product/cache/08a84a1c53d21da95cee3377f8156b2c/g/m/gm596-min_1.jpg",
        "product_url": "https://2b.com.eg/en/fc-2024-cd-game-for-playstation-4-arabic-edition.html",
        "category_type": "Gaming"
    },
    {
        "name": "Marvo Racing Wheel GT-903",
        "price": "EGP6,499.00",
        "image_url": "https://smhttp-ssl-73217.nexcesscdn.net/pub/media/catalog/product/cache/08a84a1c53d21da95cee3377f8156b2c/g/m/gm966-1-min.jpg",
        "product_url": "https://2b.com.eg/en/marvo-racing-wheel-gt-903.html",
        "category_type": "Gaming"
    },
    {
        "name": "Marvo KG954 Gaming Keyboard - Black",
        "price": "EGP1,699.00",
        "image_url": "https://smhttp-ssl-73217.nexcesscdn.net/pub/media/catalog/product/cache/08a84a1c53d21da95cee3377f8156b2c/k/b/kb055-min.jpg",
        "product_url": "https://2b.com.eg/en/marvo-kg954-gaming-keyboard-black.html",
        "category_type": "Gaming"
    },
    {
        "name": "Marvo Scorpion Studio Microphone MIC-02 - Black",
        "price": "EGP1,449.00",
        "image_url": "https://smhttp-ssl-73217.nexcesscdn.net/pub/media/catalog/product/cache/08a84a1c53d21da95cee3377f8156b2c/m/i/mi816-1-min.jpg",
        "product_url": "https://2b.com.eg/en/marvo-scorpion-studio-microphone-mic-02-black.html",
        "category_type": "Gaming"
    },
    {
        "name": "Devia Kintone Series Multi-function Folding Stand For Tablet & Laptop - White",
        "price": "EGP399.00",
        "image_url": "https://smhttp-ssl-73217.nexcesscdn.net/pub/media/catalog/product/cache/08a84a1c53d21da95cee3377f8156b2c/s/t/st336_0002_5.jpg",
        "product_url": "https://2b.com.eg/en/devia-kintone-series-multi-function-folding-stand-for-tablet-laptop-white.html",
        "category_type": "Gaming"
    },
    {
        "name": "Devia Smart Series Multi-function Folding Stand For Tablet & Laptop - Silver",
        "price": "EGP749.00",
        "image_url": "https://smhttp-ssl-73217.nexcesscdn.net/pub/media/catalog/product/cache/08a84a1c53d21da95cee3377f8156b2c/s/t/st337-1-min.jpg",
        "product_url": "https://2b.com.eg/en/devia-smart-series-multi-function-folding-stand-for-tablet-laptop-silver.html",
        "category_type": "Gaming"
    },
    {
        "name": "Spirit of Gamer PPRO-M6 RGB Gaming Mouse - Black",
        "price": "EGP988.00",
        "image_url": "https://smhttp-ssl-73217.nexcesscdn.net/pub/media/catalog/product/cache/08a84a1c53d21da95cee3377f8156b2c/m/o/mo067-10-7-2020.jpg",
        "product_url": "https://2b.com.eg/en/spirit-of-gamer-pro-m6-gaming-mouse-breathing-led-backlight-4-colors.html",
        "category_type": "Gaming"
    },
    {
        "name": "FC 2024 CD Game For PlayStation 5 - English Edition",
        "price": "EGP2,999.00",
        "image_url": "https://smhttp-ssl-73217.nexcesscdn.net/pub/media/catalog/product/cache/08a84a1c53d21da95cee3377f8156b2c/g/m/gm595-min.jpg",
        "product_url": "https://2b.com.eg/en/fc-2024-cd-game-for-playstation-5-english-edition.html",
        "category_type": "Gaming"
    },
    {
        "name": "FC 2024 CD Game For PlayStation 4 - English Edition",
        "price": "EGP2,499.00",
        "image_url": "https://smhttp-ssl-73217.nexcesscdn.net/pub/media/catalog/product/cache/08a84a1c53d21da95cee3377f8156b2c/g/m/gm596-min.jpg",
        "product_url": "https://2b.com.eg/en/fc-2024-cd-game-for-playstation-4-english-edition.html",
        "category_type": "Gaming"
    },
    {
        "name": "Plants vs Zombies Garden Warfare 2 CD Game For PlayStation 4",
        "price": "EGP589.00",
        "image_url": "https://smhttp-ssl-73217.nexcesscdn.net/pub/media/catalog/product/cache/08a84a1c53d21da95cee3377f8156b2c/g/m/gm507-1-min.jpg",
        "product_url": "https://2b.com.eg/en/plants-vs-zombies-garden-warfare-2-cd-game-for-playstation-4.html",
        "category_type": "Gaming"
    },
    {
        "name": "HP Omen Encoder Gaming Keyboard - 6YW76AA - Red Switch",
        "price": "EGP4,728.00",
        "image_url": "https://smhttp-ssl-73217.nexcesscdn.net/pub/media/catalog/product/cache/08a84a1c53d21da95cee3377f8156b2c/k/b/kb014-1.jpg",
        "product_url": "https://2b.com.eg/en/hp-omen-encoder-gaming-keyboard-6yw76aa-red-switch.html",
        "category_type": "Gaming"
    },
    {
        "name": "Spirit Of Gamer XG700 Adapter Combo RGB Keyboard + Mouse - Keyboard Mechanical Single Hand \u2013 Mouse 7 Buttons",
        "price": "EGP2,418.00",
        "image_url": "https://smhttp-ssl-73217.nexcesscdn.net/pub/media/catalog/product/cache/08a84a1c53d21da95cee3377f8156b2c/k/b/kb007-1.jpg",
        "product_url": "https://2b.com.eg/en/spirit-of-gamer-xg700-adapter-combo-rgb-keyboard-mouse.html",
        "category_type": "Gaming"
    }
]