[
    {
        "name": "Xiaomi Mi Cleaner Robot Vacuum E10-Eu /Floormop/Wifi Control - White",
        "price": "EGP11,879.00",
        "image_url": "https://r2media.horizondm.com/catalog/product/cache/eb4305db09fb6492bb059b8131f647e3/1/_/1_592.jpg",
        "product_url": "https://dream2000.com/en/xiaomi-mi-cleaner-robot-vacuum-e10-eu-floormop-wifi-control-white.html",
        "category_type": "Appliances"
    },
    {
        "name": "Xiaomi Air Fryer Smart Pro 4L",
        "price": "EGP8,210.00",
        "image_url": "https://r2media.horizondm.com/catalog/product/cache/eb4305db09fb6492bb059b8131f647e3/x/i/xiaomi-air-fryer-smart-pro-4l--6.jpg",
        "product_url": "https://dream2000.com/en/xiaomi-air-fryer-smart-pro-4l.html",
        "category_type": "Appliances"
    },
    {
        "name": "Xiaomi Air Fryer Smart 6.5 L - White",
        "price": "EGP10,580.00",
        "image_url": "https://r2media.horizondm.com/catalog/product/cache/eb4305db09fb6492bb059b8131f647e3/x/i/xiaomi-air-fryer-smart-6.5-l---white-000.jpg",
        "product_url": "https://dream2000.com/en/xiaomi-air-fryer-smart-6-5-l-white.html",
        "category_type": "Appliances"
    },
    {
        "name": "Samsung 55 inches Class Crystal UHD 4K SMART CU7000",
        "price": "EGP23,499.00",
        "image_url": "https://r2media.horizondm.com/catalog/product/cache/eb4305db09fb6492bb059b8131f647e3/s/a/samsung-55-inches-class-crystal-uhd-4k-smart-cu7000-zz.jpg",
        "product_url": "https://dream2000.com/en/samsung-55-inches-class-crystal-uhd-4k-smart-cu7000.html",
        "category_type": "zsssss"
    },
    {
        "name": "Xiaomi Vacuum Cleaner Robot S10, 0.3l Bagless - White",
        "price": "EGP15,610.00",
        "image_url": "https://r2media.horizondm.com/catalog/product/cache/eb4305db09fb6492bb059b8131f647e3/x/i/xiaomi-vacuum-cleaner-robot-s10-00.jpg",
        "product_url": "https://dream2000.com/en/xiaomi-vacuum-cleaner-robot-s10-0-3l-bagless-white.html",
        "category_type": "Appliances"
    },
    {
        "name": "Xiaomi Air Fryer Smart 6.5 L - Black",
        "price": "EGP10,580.00",
        "image_url": "https://r2media.horizondm.com/catalog/product/cache/eb4305db09fb6492bb059b8131f647e3/x/i/xiaomi-air-fryer-smart-6.5-l---black.jpg",
        "product_url": "https://dream2000.com/en/xiaomi-air-fryer-smart-6-5-l-black.html",
        "category_type": "Appliances"
    },
    {
        "name": "Braun Kettle Multi Quick 3 2200W 1.7 L - Red - WK300",
        "price": "EGP2,479.00",
        "image_url": "https://r2media.horizondm.com/catalog/product/cache/eb4305db09fb6492bb059b8131f647e3/b/r/braun-kettle-multi-quick-3-2200w-1.7-l-wk300-onyx-black-1_1.jpg",
        "product_url": "https://dream2000.com/en/braun-kettle-multi-quick-3-2200w-1-7-l-wk300-red.html",
        "category_type": "Appliances"
    },
    {
        "name": "Braun Kettle Multi Quick 5 3000W - 1.7L - Onyx Black - WK500",
        "price": "EGP3,699.00",
        "image_url": "https://r2media.horizondm.com/catalog/product/cache/eb4305db09fb6492bb059b8131f647e3/b/r/braun-kettle-multi-quick-5.jpg",
        "product_url": "https://dream2000.com/en/braun-kettle-multi-quick-5-3000w-1-7l-onyx-black-wk500.html",
        "category_type": "Appliances"
    },
    {
        "name": "Kenwood Microwave with Grill 42Liters - 1100W -  Black - MWM42.000BK",
        "price": "EGP12,040.00",
        "image_url": "https://r2media.horizondm.com/catalog/product/cache/eb4305db09fb6492bb059b8131f647e3/k/e/kenwood-microwave-with-grill-42liters---1100w----black---mwm42.000bk-1.jpg",
        "product_url": "https://dream2000.com/en/kenwood-microwave-with-grill-42liters-1100w-black-mwm42-000bk.html",
        "category_type": "Appliances"
    },
    {
        "name": "Kenwood Vacuum Cleaner, 2200 Watt, Black - VBP80.000GB",
        "price": "EGP7,350.00",
        "image_url": "https://r2media.horizondm.com/catalog/product/cache/eb4305db09fb6492bb059b8131f647e3/k/e/kenwood-vacuum-cleaner_-vbp80.000gb.jpg",
        "product_url": "https://dream2000.com/en/kenwood-vacuum-cleaner-2200-watt-black-vbp80-000gb.html",
        "category_type": "Appliances"
    },
    {
        "name": "Kenwood Mixer Stand 4.3 L Bowl + Blender - 900W - Red - KM241",
        "price": "EGP12,240.00",
        "image_url": "https://r2media.horizondm.com/catalog/product/cache/eb4305db09fb6492bb059b8131f647e3/k/e/kenwood-stand-mixer---km241-1_1.jpg",
        "product_url": "https://dream2000.com/en/kenwood-mixer-stand-4-3-l-bowl-blender-900w-red-km241.html",
        "category_type": "Appliances"
    },
    {
        "name": "Kenwood Sandwich Maker With Grill 2 in 1, 1300 Watt, White - SMP94.AOWH",
        "price": "EGP3,320.00",
        "image_url": "https://r2media.horizondm.com/catalog/product/cache/eb4305db09fb6492bb059b8131f647e3/k/e/kenwood-sandwich-maker-smp94.aowh--0.jpg",
        "product_url": "https://dream2000.com/en/kenwood-sandwich-maker-with-grill-2-in-1-1300-watt-white-smp94-aowh.html",
        "category_type": "Appliances"
    },
    {
        "name": "Sary Ventilating Fan 30Cm - White - SRT-VENT30-31007",
        "price": "EGP1,020.00",
        "image_url": "https://r2media.horizondm.com/catalog/product/cache/eb4305db09fb6492bb059b8131f647e3/s/a/sary-ventilating-fansrt-vent30-31007.jpg",
        "product_url": "https://dream2000.com/en/sary-ventilating-fan-30cm-white-srt-vent30-31007.html",
        "category_type": "Appliances"
    },
    {
        "name": "Sary Meat and Vegetable Chopper 700Watt, 1.5 Liter, Black - SRT-PCHBK-310010",
        "price": "EGP1,020.00",
        "image_url": "https://r2media.horizondm.com/catalog/product/cache/eb4305db09fb6492bb059b8131f647e3/s/a/sary-chopper-srt-pchbk-310010.jpg",
        "product_url": "https://dream2000.com/en/sary-meat-and-vegetable-chopper-700watt-1-5-liter-black-srt-pchbk-310010.html",
        "category_type": "Appliances"
    },
    {
        "name": "Sary Kettle 2.5L - 1500Watt , Brown - SRK-ST21033",
        "price": "EGP410.00",
        "image_url": "https://r2media.horizondm.com/catalog/product/cache/eb4305db09fb6492bb059b8131f647e3/s/a/sary-kettle-2.5l---1500watt-_-brown---srk-st21033.jpg",
        "product_url": "https://dream2000.com/en/sary-kettle-2-5l-1500watt-brown-srk-st21033.html",
        "category_type": "Appliances"
    },
    {
        "name": "Sary Stand Fan 18 Inch , 80W , 5 Blades , Black - SRSFB-21013",
        "price": "EGP1,280.00",
        "image_url": "https://r2media.horizondm.com/catalog/product/cache/eb4305db09fb6492bb059b8131f647e3/s/a/sary-stand-srsfb-21013.jpg",
        "product_url": "https://dream2000.com/en/sary-stand-fan-18-inch-80w-5-blades-black-srsfb-21013.html",
        "category_type": "Appliances"
    },
    {
        "name": "Delonghi Coffee Machine 1100W - Black - EC260",
        "price": "EGP9,650.00",
        "image_url": "https://r2media.horizondm.com/catalog/product/cache/eb4305db09fb6492bb059b8131f647e3/d/e/delonghi-coffee-machine-ec260-.jpg",
        "product_url": "https://dream2000.com/en/delonghi-coffee-machine-1100w-ec260-black.html",
        "category_type": "Appliances"
    },
    {
        "name": "Braun Hand Blender MultiQuick 1 450Watt  - White - MQ 10.000P",
        "price": "EGP1,590.00",
        "image_url": "https://r2media.horizondm.com/catalog/product/cache/eb4305db09fb6492bb059b8131f647e3/b/r/braun-hand-blender-multiquick-1-450watt---white---mq-10.000p--0.jpg",
        "product_url": "https://dream2000.com/en/braun-hand-blender-multiquick-1-450watt-white-mq-10-000p.html",
        "category_type": "Appliances"
    },
    {
        "name": "Braun Hand Blender Multi Quick 1 450W MQ10.201M WH - White",
        "price": "EGP2,115.00",
        "image_url": "https://r2media.horizondm.com/catalog/product/cache/eb4305db09fb6492bb059b8131f647e3/b/r/braun-hand-blender-multi-quick-1-450w-mq10.201mwh---white-1_1.jpg",
        "product_url": "https://dream2000.com/en/braun-hand-blender-multi-quick-1-450w-mq10-201m-wh-white.html",
        "category_type": "Appliances"
    },
    {
        "name": "Braun Hand Blender Multi Quick 2 600W 600ML - White - MQ 20001MWH",
        "price": "EGP2,365.00",
        "image_url": "https://r2media.horizondm.com/catalog/product/cache/eb4305db09fb6492bb059b8131f647e3/b/r/braun-hand-blender-multi-quick-2-600w-600mm-mq-20001mwh-white-1.jpg",
        "product_url": "https://dream2000.com/en/braun-hand-blender-multi-quick-2-600w-600ml-white-mq-20001mwh.html",
        "category_type": "Appliances"
    },
    {
        "name": "Braun Hand Blender Multi Quick 2 600W - 600ML  - White - MQ20236M",
        "price": "EGP3,529.00",
        "image_url": "https://r2media.horizondm.com/catalog/product/cache/eb4305db09fb6492bb059b8131f647e3/b/r/braun-1.jpg",
        "product_url": "https://dream2000.com/en/braun-hand-blender-multi-quick-2-600w-600ml-white-mq20236m.html",
        "category_type": "Appliances"
    },
    {
        "name": "Braun Hand Blender MultiQuick 3 700W - White - MQ 3020",
        "price": "EGP3,440.00",
        "image_url": "https://r2media.horizondm.com/catalog/product/cache/eb4305db09fb6492bb059b8131f647e3/0/1/01-1.jpg",
        "product_url": "https://dream2000.com/en/braun-hand-blender-multiquick-3-700w-white-mq-3020.html",
        "category_type": "Appliances"
    },
    {
        "name": "Braun Tribute Collection Jug Blender 800W 1.75L - White - JB 3060",
        "price": "EGP4,900.00",
        "image_url": "https://r2media.horizondm.com/catalog/product/cache/eb4305db09fb6492bb059b8131f647e3/b/r/braun-blen-1.jpg",
        "product_url": "https://dream2000.com/en/braun-tribute-collection-jug-blender-800w-1-75-l-jb-3060-white.html",
        "category_type": "Appliances"
    },
    {
        "name": "Braun Tribute Collection Jug Blender 800W 1.75L - Black - JB 3060",
        "price": "EGP4,900.00",
        "image_url": "https://r2media.horizondm.com/catalog/product/cache/eb4305db09fb6492bb059b8131f647e3/1/1/11-1_1.jpg",
        "product_url": "https://dream2000.com/en/braun-tribute-collection-jug-blender-800w-1-75l-black-jb-3060.html",
        "category_type": "Appliances"
    },
    {
        "name": "Braun Hand Blender Multi Quick 9 1200W - Black - MQ 9147X",
        "price": "EGP8,699.00",
        "image_url": "https://r2media.horizondm.com/catalog/product/cache/eb4305db09fb6492bb059b8131f647e3/b/r/braun-hand-blender-multi-quick-9-1200w-mq-9147x---black-.jpg",
        "product_url": "https://dream2000.com/en/braun-hand-blender-multi-quick-9-1200w-mq-9147x-black.html",
        "category_type": "Appliances"
    },
    {
        "name": "Kenwood Steam Iron, 2600Watt - Green - STP70.000WG",
        "price": "EGP2,320.00",
        "image_url": "https://r2media.horizondm.com/catalog/product/cache/eb4305db09fb6492bb059b8131f647e3/k/e/kenwood-steam-iron-stp70000wg-000.jpg",
        "product_url": "https://dream2000.com/en/kenwood-steam-iron-2600watt-green-stp70-000wg.html",
        "category_type": "Appliances"
    },
    {
        "name": "Delonghi Multifry Fryer, 1.7 L, 1400Watt - White - FH1363",
        "price": "EGP13,770.00",
        "image_url": "https://r2media.horizondm.com/catalog/product/cache/eb4305db09fb6492bb059b8131f647e3/d/e/delonghi-multifry-fryer_-1.7-l_-1400watt---black---fh1363--7.jpg",
        "product_url": "https://dream2000.com/en/delonghi-multifry-fryer-1-7-l-1400watt-white-fh1363.html",
        "category_type": "Appliances"
    },
    {
        "name": "Sary Chopper, 700 Watt, 1 Liter, Black - SRT-CHBK31003",
        "price": "EGP870.00",
        "image_url": "https://r2media.horizondm.com/catalog/product/cache/eb4305db09fb6492bb059b8131f647e3/s/a/sary-chopper_-srt-chbk31003-0.jpg",
        "product_url": "https://dream2000.com/en/sary-chopper-700-watt-1-liter-black-srt-chbk31003.html",
        "category_type": "Appliances"
    },
    {
        "name": "Sary Wall Fan , 18 Inch , 80W , 5 Blade , Black - SRWFB-21009",
        "price": "EGP1,130.00",
        "image_url": "https://r2media.horizondm.com/catalog/product/cache/eb4305db09fb6492bb059b8131f647e3/s/a/sary-wall-fan-srwfb-21009.jpg",
        "product_url": "https://dream2000.com/en/sary-wall-fan-18-inch-80w-5-blade-black-srwfb-21009.html",
        "category_type": "Appliances"
    },
    {
        "name": "Braun Kettle Multi Quick 3 2200W - 1.7L - Onyx White - WK300",
        "price": "EGP2,479.00",
        "image_url": "https://r2media.horizondm.com/catalog/product/cache/eb4305db09fb6492bb059b8131f647e3/b/r/braun-kettle-multi-quick-wk300-0.jpg",
        "product_url": "https://dream2000.com/en/braun-kettle-multi-quick-3-2200w-1-7l-onyx-white-wk300.html",
        "category_type": "Appliances"
    },
    {
        "name": "Samsung 55\" Class Crystal UHD 4K LED Smart - CU8000",
        "price": "EGP23,999.00",
        "image_url": "https://r2media.horizondm.com/catalog/product/cache/eb4305db09fb6492bb059b8131f647e3/s/a/samsung-55_-class-crystal-uhd-4k-led-smart---cu8000-z.jpg",
        "product_url": "https://dream2000.com/en/samsung-tv-55-class-crystal-uhd-4k-led-smart-cu8000.html",
        "category_type": "zsssss"
    },
    {
        "name": "Samsung 58\" Class Crystal UHD 4K LED Smart - CU7000",
        "price": "EGP24,499.00",
        "image_url": "https://r2media.horizondm.com/catalog/product/cache/eb4305db09fb6492bb059b8131f647e3/s/a/samsung-58_.jpg",
        "product_url": "https://dream2000.com/en/samsung-58-class-crystal-uhd-4k-led-smart-cu7000.html",
        "category_type": "zsssss"
    },
    {
        "name": "Sary Kettle 2 Liter,1500Watt, White*Blue - SRK-PLW21032",
        "price": "EGP670.00",
        "image_url": "https://r2media.horizondm.com/catalog/product/cache/eb4305db09fb6492bb059b8131f647e3/s/a/sary-kattel-blue.jpg",
        "product_url": "https://dream2000.com/en/sary-kettle-2-liter-1500watt-white-red-srk-plw21032.html",
        "category_type": "Appliances"
    },
    {
        "name": "Mienta Vacuum Cleaner 3.5L - 2000W - Blue - VC19504D",
        "price": "EGP6,490.00",
        "image_url": "https://r2media.horizondm.com/catalog/product/cache/eb4305db09fb6492bb059b8131f647e3/m/i/mienta-vacuum-cleanervc19504d.jpg",
        "product_url": "https://dream2000.com/en/mienta-vacuum-cleaner-3-5l-2000w-blue-vc19504d.html",
        "category_type": "Appliances"
    },
    {
        "name": "Mienta Lisse Hair Straightener 195°C , Black - HS24506A",
        "price": "EGP1,000.00",
        "image_url": "https://r2media.horizondm.com/catalog/product/cache/eb4305db09fb6492bb059b8131f647e3/m/i/mienta-hair-straightener--hs24506a-0.jpg",
        "product_url": "https://dream2000.com/en/mienta-lisse-hair-straightener-195-c-black-hs24506a.html",
        "category_type": "Appliances"
    },
    {
        "name": "Mienta Hair Curler , Gold &Black - CI33106A",
        "price": "EGP1,000.00",
        "image_url": "https://r2media.horizondm.com/catalog/product/cache/eb4305db09fb6492bb059b8131f647e3/m/i/mienta-hair-curlerci33106a.jpg",
        "product_url": "https://dream2000.com/en/mienta-hair-curler-gold-black-ci33106a.html",
        "category_type": "Appliances"
    },
    {
        "name": "Mienta Chopper With Blender, 1000W, 1.25L , White - CH645",
        "price": "EGP1,560.00",
        "image_url": "https://r2media.horizondm.com/catalog/product/cache/eb4305db09fb6492bb059b8131f647e3/m/i/mienta-chopper-with-blender_-1ch645.jpg",
        "product_url": "https://dream2000.com/en/mienta-chopper-with-blender-1000w-1-25l-white-ch645.html",
        "category_type": "Appliances"
    },
    {
        "name": "Mienta Hand Blender , 1000 Watt - Black - HB111238A",
        "price": "EGP3,200.00",
        "image_url": "https://r2media.horizondm.com/catalog/product/cache/eb4305db09fb6492bb059b8131f647e3/m/i/mienta-hb111238a-hand-blender-11_1.jpg",
        "product_url": "https://dream2000.com/en/mienta-hand-blender-1000-watt-black-hb111238a.html",
        "category_type": "Appliances"
    },
    {
        "name": "Mienta Fusion Chopper, 550W, 1.5L , Black - CH23228A",
        "price": "EGP1,800.00",
        "image_url": "https://r2media.horizondm.com/catalog/product/cache/eb4305db09fb6492bb059b8131f647e3/m/i/mienta-chopper_---ch23228a_1.jpg",
        "product_url": "https://dream2000.com/en/mienta-fusion-chopper-550w-1-5l-black-ch23228a.html",
        "category_type": "Appliances"
    },
    {
        "name": "Mienta Vacuum Cleaner  2000W , 3.5L , Black - VC19404D",
        "price": "EGP5,900.00",
        "image_url": "https://r2media.horizondm.com/catalog/product/cache/eb4305db09fb6492bb059b8131f647e3/m/i/mienta---vacuum-cleaner-2000w-_-3.5l-_-black---vc19404d--0_1.jpg",
        "product_url": "https://dream2000.com/en/mienta-vacuum-cleaner-2000w-3-5l-black-vc19404d.html",
        "category_type": "Appliances"
    },
    {
        "name": "Fresh Vacuum Cleaner Volcano 1800W - Red",
        "price": "EGP4,039.00",
        "image_url": "https://r2media.horizondm.com/catalog/product/cache/eb4305db09fb6492bb059b8131f647e3/f/r/fresh-vac-1.jpg",
        "product_url": "https://dream2000.com/en/fresh-vacuum-cleaner-volcano-1800w-red.html",
        "category_type": "Appliances"
    },
    {
        "name": "Fresh Vacuum Cleaner Matrix 2000W Bagless - Navy Blue",
        "price": "EGP5,879.00",
        "image_url": "https://r2media.horizondm.com/catalog/product/cache/eb4305db09fb6492bb059b8131f647e3/f/r/fresh-vacuum-cleaner-matrix-2000w-bagless-navy-blue-1.jpg",
        "product_url": "https://dream2000.com/en/fresh-vacuum-cleaner-matrix-2000w-bagless-navy-blue.html",
        "category_type": "Appliances"
    },
    {
        "name": "Fresh Kettle 1.7L , 2200W - Stainless Steel",
        "price": "EGP759.00",
        "image_url": "https://r2media.horizondm.com/catalog/product/cache/eb4305db09fb6492bb059b8131f647e3/f/r/fresh-kattel-1.jpg",
        "product_url": "https://dream2000.com/en/fresh-kettle-1-7l-2200w-stainless-steel.html",
        "category_type": "Appliances"
    },
    {
        "name": "Fresh Microwave With Grill 28L 900W FMW-28EC-B - Black",
        "price": "EGP6,575.00",
        "image_url": "https://r2media.horizondm.com/catalog/product/cache/eb4305db09fb6492bb059b8131f647e3/f/r/fresh-microwave-28l-900w-fmw-28ec-b-black-1.jpg",
        "product_url": "https://dream2000.com/en/fresh-microwave-28l-900w-fmw-28ec-b-black.html",
        "category_type": "Appliances"
    },
    {
        "name": "Fresh Microwave With Grill 1000W 36L - FMW-36KCG-S - Silver",
        "price": "EGP8,279.00",
        "image_url": "https://r2media.horizondm.com/catalog/product/cache/eb4305db09fb6492bb059b8131f647e3/f/r/fresh-micromave-1000w-36l-with-grill-fmw-36kcg-s-silver-1.jpg",
        "product_url": "https://dream2000.com/en/fresh-microwave-1000w-36l-with-grill-fmw-36kcg-s-silver.html",
        "category_type": "Appliances"
    },
    {
        "name": "BaByliss Brush Hot Air Styler, 1000 Watt - Purple - 2736E",
        "price": "EGP3,399.00",
        "image_url": "https://r2media.horizondm.com/catalog/product/cache/eb4305db09fb6492bb059b8131f647e3/b/a/babyliss-hot-air-styler_-2736e-0.jpg",
        "product_url": "https://dream2000.com/en/babyliss-hot-air-styler-1000-watt-purple-2736e.html",
        "category_type": "Appliances"
    },
    {
        "name": "Babyliss Hair Rotating Ceramic Brush 1000Watt, Rose - AS960SDE",
        "price": "EGP4,149.00",
        "image_url": "https://r2media.horizondm.com/catalog/product/cache/eb4305db09fb6492bb059b8131f647e3/b/a/babyliss-hair-as960sde-0_1.jpg",
        "product_url": "https://dream2000.com/en/babyliss-hair-rotating-ceramic-brush-1000watt-rose-as960sde.html",
        "category_type": "Appliances"
    },
    {
        "name": "BaByliss Quartz-Ceramic Hair Straightener 230°C , Pink - ST2183",
        "price": "EGP1,699.00",
        "image_url": "https://r2media.horizondm.com/catalog/product/cache/eb4305db09fb6492bb059b8131f647e3/b/a/babyliss-st2183-0_3.jpg",
        "product_url": "https://dream2000.com/en/babyliss-quartz-ceramic-hair-straightener-230-c-pink-st2183.html",
        "category_type": "Appliances"
    },
    {
        "name": "Braun Series 3 ProSkin Wet & Dry Shaver , Blue - 3040s",
        "price": "EGP2,840.00",
        "image_url": "https://r2media.horizondm.com/catalog/product/cache/eb4305db09fb6492bb059b8131f647e3/b/r/braun-shaver-_-blue---3040s-2_1.jpg",
        "product_url": "https://dream2000.com/en/braun-series-3-proskin-wet-dry-shaver-3040s.html",
        "category_type": "Appliances"
    },
    {
        "name": "Braun Silk-épil 9 Wet and Dry Epilator - SE 9985",
        "price": "EGP7,490.00",
        "image_url": "https://r2media.horizondm.com/catalog/product/cache/eb4305db09fb6492bb059b8131f647e3/b/r/braun-silk-e_pil-9-se-9985-4.jpg",
        "product_url": "https://dream2000.com/en/braun-silk-epil-9-wet-and-dry-epilator-se-9985.html",
        "category_type": "Appliances"
    },
    {
        "name": "Braun Silk-épil Flex - SES9010",
        "price": "EGP7,100.00",
        "image_url": "https://r2media.horizondm.com/catalog/product/cache/eb4305db09fb6492bb059b8131f647e3/b/r/braun-silk-e_pil-flex---ses9010_1.jpg",
        "product_url": "https://dream2000.com/en/braun-silk-epil-flex-ses9010.html",
        "category_type": "Appliances"
    },
    {
        "name": "Braun Silk-expert Pro 5 IPL Hair Removal - PL5257",
        "price": "EGP19,420.00",
        "image_url": "https://r2media.horizondm.com/catalog/product/cache/eb4305db09fb6492bb059b8131f647e3/b/r/braun-pl5257.jpg",
        "product_url": "https://dream2000.com/en/braun-silk-expert-pro-5-ipl-hair-removal-pl5257.html",
        "category_type": "Appliances"
    },
    {
        "name": "Sonai Chopper 120Watt , 350ml turbo speed , White - SH-570",
        "price": "EGP1,000.00",
        "image_url": "https://r2media.horizondm.com/catalog/product/cache/eb4305db09fb6492bb059b8131f647e3/s/o/sonai-chopper-sh-570--4_1.jpg",
        "product_url": "https://dream2000.com/en/sonai-chopper-120watt-350ml-pulse-button-turbo-speed-white-sh-570.html",
        "category_type": "Appliances"
    },
    {
        "name": "Sonai Kettle  ,2200 Watt ,1.7L - Red -MAR-3000",
        "price": "EGP620.00",
        "image_url": "https://r2media.horizondm.com/catalog/product/cache/eb4305db09fb6492bb059b8131f647e3/s/o/sonai-kettle-mar-3000red--1.jpg",
        "product_url": "https://dream2000.com/en/sonai-kettle-2200-watt-1-7l-mar-3000.html",
        "category_type": "Appliances"
    },
    {
        "name": "Sonai Blender Rotato 500Watt 1.5L , 3 Speeds , White - MAR-2500",
        "price": "EGP1,310.00",
        "image_url": "https://r2media.horizondm.com/catalog/product/cache/eb4305db09fb6492bb059b8131f647e3/s/o/sonai-blender-white---mar-2500-_2.jpg",
        "product_url": "https://dream2000.com/en/sonai-blender-rotato-500watt-1-5l-3-speeds-white-mar-2500.html",
        "category_type": "Appliances"
    },
    {
        "name": "Babyliss iPro Hair Straightener & Mini straightener - Purple - ST396ALE",
        "price": "EGP4,549.00",
        "image_url": "https://r2media.horizondm.com/catalog/product/cache/eb4305db09fb6492bb059b8131f647e3/b/a/babyliss-st396ale_2.jpg",
        "product_url": "https://dream2000.com/en/babyliss-ipro-hair-straightener-mini-straightener-purple-st396ale.html",
        "category_type": "Appliances"
    },
    {
        "name": "Okka Arzum Minio Turkish Coffee Machine - Black*Red - OK004",
        "price": "EGP3,899.00",
        "image_url": "https://r2media.horizondm.com/catalog/product/cache/eb4305db09fb6492bb059b8131f647e3/o/k/okka_arzum_minio_turkish_coffee_machine_-_black_red_-_ok004-1.jpg",
        "product_url": "https://dream2000.com/en/okka-arzum-minio-turkish-coffee-machine-black-red-ok004.html",
        "category_type": "Appliances"
    },
    {
        "name": "Kenwood Multifunction HFP90 Air Fryer + Oven 11 Liters - 2000 Watt - Black",
        "price": "EGP12,790.00",
        "image_url": "https://r2media.horizondm.com/catalog/product/cache/eb4305db09fb6492bb059b8131f647e3/k/e/kenwood-air-fryer-1_1.jpg",
        "product_url": "https://dream2000.com/en/kenwood-multifunction-hfp90-air-fryer-oven-11-liters-2000-watt-black.html",
        "category_type": "Appliances"
    },
    {
        "name": "Kenwood Air Fryer Healthy Digital 7L 1800 Watt - Black - HFP80",
        "price": "EGP10,780.00",
        "image_url": "https://r2media.horizondm.com/catalog/product/cache/eb4305db09fb6492bb059b8131f647e3/k/e/kenwood-air-fryer-healthy-digital-7l-1800-watt---black---hfp80_1.jpg",
        "product_url": "https://dream2000.com/en/kenwood-air-fryer-healthy-digital-7l-1800-watt-hfp80-black.html",
        "category_type": "Appliances"
    },
    {
        "name": "Sary Kettel Glass Stainless 1.8L 1800W - SRT-KGL31001",
        "price": "EGP510.00",
        "image_url": "https://r2media.horizondm.com/catalog/product/cache/eb4305db09fb6492bb059b8131f647e3/s/a/sary-kettel-glass-stainless-1.8l-1800w-srt-kgl31001--.jpg",
        "product_url": "https://dream2000.com/en/sary-kettel-glass-stainless-1-8l-1800w-srt-kgl31001.html",
        "category_type": "Appliances"
    },
    {
        "name": "Philips Series 3000 Wet & Dry Electric Shaver With Pop-Up Trimmer AT899",
        "price": "EGP3,780.00",
        "image_url": "https://r2media.horizondm.com/catalog/product/cache/eb4305db09fb6492bb059b8131f647e3/p/h/philips-series-3000-wet-_-dry-electric-shaver-with-pop-up-trimmer-at899-1_2.jpg",
        "product_url": "https://dream2000.com/en/philips-series-3000-wet-dry-electric-shaver-with-pop-up-trimmer-at899.html",
        "category_type": "Appliances"
    },
    {
        "name": "Philips Hair Drayer 2100W BHD 351/10",
        "price": "EGP1,620.00",
        "image_url": "https://r2media.horizondm.com/catalog/product/cache/eb4305db09fb6492bb059b8131f647e3/p/h/philips-hair-drayer-2100w-bhd-351-2.jpg",
        "product_url": "https://dream2000.com/en/philips-hair-drayer-2100w-bhd-351-10.html",
        "category_type": "Appliances"
    },
    {
        "name": "Sonai Contact Grill - Flame SH-300, 1800 Watt, 5 levels of Temperature Control",
        "price": "EGP4,110.00",
        "image_url": "https://r2media.horizondm.com/catalog/product/cache/eb4305db09fb6492bb059b8131f647e3/s/o/sonai_contact_grill_-_flame_sh-300_1800_watt_5_levels_of_temperature_control-1.jpg",
        "product_url": "https://dream2000.com/en/sonai-contact-grill-flame-sh-300-1800-watt-5-levels-of-temperature-control.html",
        "category_type": "Appliances"
    },
    {
        "name": "Sonai Yogurt Maker 8 Glass Jars, 20 Watt - MAR -1077",
        "price": "EGP530.00",
        "image_url": "https://r2media.horizondm.com/catalog/product/cache/eb4305db09fb6492bb059b8131f647e3/s/o/sonai_yogurt_maker_8_glass_jars_20_watt_-_mar_-1077-0.jpg",
        "product_url": "https://dream2000.com/en/sonai-yogurt-maker-8-glass-jars-20-watt-mar-1077.html",
        "category_type": "Appliances"
    },
    {
        "name": "Sonai Wall Fan18 With Remote MAR-1822 , 70 Watt, 3 Speed Setting",
        "price": "EGP1,490.00",
        "image_url": "https://r2media.horizondm.com/catalog/product/cache/eb4305db09fb6492bb059b8131f647e3/s/o/sonai-wall-fan-16-with-remote--mar--1622-_60-watt-_-3-speedds-setting-1.jpg",
        "product_url": "https://dream2000.com/en/sonai-wall-fan18-with-remote-mar-1822-70-watt-3-speed-setting.html",
        "category_type": "Appliances"
    },
    {
        "name": "Oriental Digital Air Fryer, 6.5 Liters 1600Watt , Silver - DF650AP",
        "price": "EGP5,280.00",
        "image_url": "https://r2media.horizondm.com/catalog/product/cache/eb4305db09fb6492bb059b8131f647e3/o/r/oriental-digital-air-fryer_-6.5-liters-1600-watt-_-df650ap.jpg",
        "product_url": "https://dream2000.com/en/oriental-digital-air-fryer-6-5-liters-1600watt-df650ap.html",
        "category_type": "Appliances"
    },
    {
        "name": "Okka Rich Turkish Coffee Machine  & “French Coffee” – OK0012 – Black Chrome",
        "price": "EGP6,330.00",
        "image_url": "https://r2media.horizondm.com/catalog/product/cache/eb4305db09fb6492bb059b8131f647e3/o/k/okka-coffee-rich-turkish-ok0012_1.jpg",
        "product_url": "https://dream2000.com/en/okka-rich-turkish-coffee-machine-ok0012-black-chrome.html",
        "category_type": "Appliances"
    },
    {
        "name": "JAC Stainless Kettle 1.5L - NGK -04D",
        "price": "EGP680.00",
        "image_url": "https://r2media.horizondm.com/catalog/product/cache/eb4305db09fb6492bb059b8131f647e3/j/a/jac_stainless_kettle_1.5l_-_ngk_-04d-1.jpg",
        "product_url": "https://dream2000.com/en/jac-stainless-kettle-1-5l-ngk-04d.html",
        "category_type": "Appliances"
    },
    {
        "name": "Jac Blender with 2 Mills 1.5 Liter 400W - White - NGB660",
        "price": "EGP840.00",
        "image_url": "https://r2media.horizondm.com/catalog/product/cache/eb4305db09fb6492bb059b8131f647e3/j/a/jac-blender-with-2-mills-1.5-liter-400w---white---ngb660-.jpg",
        "product_url": "https://dream2000.com/en/jac-blender-with-2-mills-1-5-liter-400w-white-ngb660.html",
        "category_type": "Appliances"
    },
    {
        "name": "Jac Vacuum Cleaner, 2400W - Silver - JB2400S",
        "price": "EGP3,350.00",
        "image_url": "https://r2media.horizondm.com/catalog/product/cache/eb4305db09fb6492bb059b8131f647e3/j/a/jac-vacuum-cleaner_-2400w---silver---jb2400s-7.jpg",
        "product_url": "https://dream2000.com/en/jac-vacuum-cleaner-2400w-silver-jb2400s.html",
        "category_type": "Appliances"
    },
    {
        "name": "Jac TV 55 Inch 4K UHD Smart LED , Built in Receiver - 55JB831",
        "price": "EGP17,499.00",
        "image_url": "https://r2media.horizondm.com/catalog/product/cache/eb4305db09fb6492bb059b8131f647e3/5/5/55.png",
        "product_url": "https://dream2000.com/en/jac-tv-55-inch-4k-uhd-smart-led-built-in-receiver-55jb831.html",
        "category_type": "zsssss"
    },
    {
        "name": "Sonai Yogurt Maker 10W 8 Cups MAR-1008 - White",
        "price": "EGP410.00",
        "image_url": "https://r2media.horizondm.com/catalog/product/cache/eb4305db09fb6492bb059b8131f647e3/s/o/sonai-z-1.jpg",
        "product_url": "https://dream2000.com/en/sonai-yogurt-maker-10w-8-cups-mar-1008-white.html",
        "category_type": "Appliances"
    },
    {
        "name": "Armadillo Hand Blender Multi Function , 1000Watt  , Black - SDA-HBLDG-BK-004",
        "price": "EGP1,730.00",
        "image_url": "https://r2media.horizondm.com/catalog/product/cache/eb4305db09fb6492bb059b8131f647e3/a/r/armadillo-hand-blender-sda-hbldg-bk-004.jpg",
        "product_url": "https://dream2000.com/en/hand-blender-multi-function-1000watt-black-sda-hbldg-bk-004.html",
        "category_type": "Appliances"
    },
    {
        "name": "Armadillo Hand Blender 1000 Watt , 600M  , White - ARM-SDA-HBLD-BK-0002",
        "price": "EGP1,209.00",
        "image_url": "https://r2media.horizondm.com/catalog/product/cache/eb4305db09fb6492bb059b8131f647e3/a/r/armadillo-hand-blender-arm-sda-hbld-wh-0003-_1.jpg",
        "product_url": "https://dream2000.com/en/hand-blender-1000-watt-600m-black-arm-sda-hbld-bk-0002.html",
        "category_type": "Appliances"
    },
    {
        "name": "Armadillo Electric Oven With Grill 50 liter 2000W , Black - ARM-SDA-EOV-BK-0002",
        "price": "EGP2,140.00",
        "image_url": "https://r2media.horizondm.com/catalog/product/cache/eb4305db09fb6492bb059b8131f647e3/a/r/armadillo-electric-oven-arm-sda-eov-bk-0002-0.jpg",
        "product_url": "https://dream2000.com/en/electric-oven-50-liter-2000w-black-arm-sda-eov-bk-0002.html",
        "category_type": "Appliances"
    },
    {
        "name": "Armadillo Water Dispenser With Refrigerator, 3 Taps, 16 litre , Grey -  ARM-WDS-FRI-GRY-0001 ( Water bottle on top )",
        "price": "EGP5,300.00",
        "image_url": "https://r2media.horizondm.com/catalog/product/cache/eb4305db09fb6492bb059b8131f647e3/a/r/armadillo-water-dispenser-arm-wds-fri-gry-0001-.jpg",
        "product_url": "https://dream2000.com/en/water-dispenser-with-refrigerator-3-taps-16-litre-grey-arm-wds-fri-gry-0001.html",
        "category_type": "Appliances"
    },
    {
        "name": "Armadillo Hand Blender Multi Function 400 Watt , 2 Speed - White*Gray - ARM-SDA-HBLD-WH-0001",
        "price": "EGP1,045.00",
        "image_url": "https://r2media.horizondm.com/catalog/product/cache/eb4305db09fb6492bb059b8131f647e3/a/r/armadillo-hand-blender-arm-sda-hbld-wh-0001-0_1.jpg",
        "product_url": "https://dream2000.com/en/hand-blender-multi-function-400-watt-2-speed-white-gray-arm-sda-hbld-wh-0001.html",
        "category_type": "Appliances"
    },
    {
        "name": "Armadillo food Processor 32 Function 1000 Watt , Bowl 1,5 Litre , White - ARM-SDA-KM-WH-0000",
        "price": "EGP3,340.00",
        "image_url": "https://r2media.horizondm.com/catalog/product/cache/eb4305db09fb6492bb059b8131f647e3/a/r/armadillo-food-processor-arm-sda-km-wh-0000.jpg",
        "product_url": "https://dream2000.com/en/food-processor-25-function-1000-watt-bowl-1-5-litre-white-arm-sda-km-wh-0000.html",
        "category_type": "Appliances"
    },
    {
        "name": "Armadillo Chopper 800 Watt , 2 Liter , 800 Watt , Stainless Blades - ARM-SDA-CHP-ST-0001",
        "price": "EGP1,710.00",
        "image_url": "https://r2media.horizondm.com/catalog/product/cache/eb4305db09fb6492bb059b8131f647e3/a/r/armadillo-chopper-arm-sda-chp-st-0001.jpg",
        "product_url": "https://dream2000.com/en/chopper-800-watt-2-liter-800-watt-stainless-blades-arm-sda-chp-st-0001.html",
        "category_type": "Appliances"
    },
    {
        "name": "Armadillo Suction 25 Cm 30 Watts , White - ARM-SDA-VNTC-WH-0000",
        "price": "EGP1,067.00",
        "image_url": "https://r2media.horizondm.com/catalog/product/cache/eb4305db09fb6492bb059b8131f647e3/a/r/armadillo-suction-arm-sda-vntc-wh-0000.jpg",
        "product_url": "https://dream2000.com/en/suction-25-cm-30-watts-white-arm-sda-vntc-wh-0000.html",
        "category_type": "Appliances"
    },
    {
        "name": "Armadillo Steam Iron Ceramic Soleplate , 2200 Watt , Rubber Handle , Blue - ARM-SDA-IRN-BLU-0000",
        "price": "EGP1,010.00",
        "image_url": "https://r2media.horizondm.com/catalog/product/cache/eb4305db09fb6492bb059b8131f647e3/a/r/armadillo-steam-iron-arm-sda-irn-blu-0000-.jpg",
        "product_url": "https://dream2000.com/en/steam-iron-ceramic-soleplate-2200-watt-rubber-handle-blue-arm-sda-irn-blu-0000.html",
        "category_type": "Appliances"
    },
    {
        "name": "Armadillo Hand Blender Stainless Steel Body , 1000 Watt - 600M - Black - ARM-SDA-HBLD-WH-0003",
        "price": "EGP1,180.00",
        "image_url": "https://r2media.horizondm.com/catalog/product/cache/eb4305db09fb6492bb059b8131f647e3/a/r/armadillo-hand-blender-arm-sda-hbld-bk-0002_1.jpg",
        "product_url": "https://dream2000.com/en/hand-blender-stainless-steel-body-1000-watt-600m-white-arm-sda-hbld-wh-0003.html",
        "category_type": "Appliances"
    },
    {
        "name": "Media Tech Popcorn Maker - 1200W MT-PC300 - Red",
        "price": "EGP760.00",
        "image_url": "https://r2media.horizondm.com/catalog/product/cache/eb4305db09fb6492bb059b8131f647e3/p/o/pop-1.jpg",
        "product_url": "https://dream2000.com/en/media-tech-popcorn-maker-1200w-mt-pc300-red.html",
        "category_type": "Appliances"
    },
    {
        "name": "Media Tech Verical Steam Iron 1750W - 2.1L Storage Capacity MT206",
        "price": "EGP3,899.00",
        "image_url": "https://r2media.horizondm.com/catalog/product/cache/eb4305db09fb6492bb059b8131f647e3/v/a/vac-1.jpg",
        "product_url": "https://dream2000.com/en/media-tech-verical-steam-iron-1750w-2-1l-storage-capacity-mt206.html",
        "category_type": "Appliances"
    },
    {
        "name": "Media Tech Pop corn Maker - 1200W MT-PC300 - White",
        "price": "EGP760.00",
        "image_url": "https://r2media.horizondm.com/catalog/product/cache/eb4305db09fb6492bb059b8131f647e3/p/e/pep-1.jpg",
        "product_url": "https://dream2000.com/en/media-tech-pop-corn-maker-1200w-mt-pc300-white.html",
        "category_type": "Appliances"
    },
    {
        "name": "Media Tech Hand Blender 450W MT-23E Stainless Steel - White",
        "price": "EGP550.00",
        "image_url": "https://r2media.horizondm.com/catalog/product/cache/eb4305db09fb6492bb059b8131f647e3/h/a/hand-1.jpg",
        "product_url": "https://dream2000.com/en/media-tech-hand-blender-450w-mt-23e-stainless-steel-white.html",
        "category_type": "Appliances"
    },
    {
        "name": "Media Tech Coffee Maker MT-10 330 ML - 600W",
        "price": "EGP260.00",
        "image_url": "https://r2media.horizondm.com/catalog/product/cache/eb4305db09fb6492bb059b8131f647e3/c/o/coffe-1.jpg",
        "product_url": "https://dream2000.com/en/media-tech-coffee-maker-mt-10-330-ml-600w.html",
        "category_type": "Appliances"
    },
    {
        "name": "Kenwood Health Grill, 2000 Watt, Silver - HG266",
        "price": "EGP3,570.00",
        "image_url": "https://r2media.horizondm.com/catalog/product/cache/eb4305db09fb6492bb059b8131f647e3/k/e/kenwood-health--hg266-3.jpg",
        "product_url": "https://dream2000.com/en/kenwood-health-grill-2000-watt-silver-hg266.html",
        "category_type": "Appliances"
    },
    {
        "name": "IDO Food Processor  25 Functions , 1000 Watt, White - FP1000-WH",
        "price": "EGP4,670.00",
        "image_url": "https://r2media.horizondm.com/catalog/product/cache/eb4305db09fb6492bb059b8131f647e3/i/-/i-do-food-processor-1000w-25-functions-fp1000-wh-white-6.jpg",
        "product_url": "https://dream2000.com/en/ido-food-processor-25-functions-1000-watt-white-fp1000-wh.html",
        "category_type": "Appliances"
    },
    {
        "name": "IDO Electric Hot Plate, 1500 Watt, Stainless Steel - HP1E1500-SV",
        "price": "EGP1,580.00",
        "image_url": "https://r2media.horizondm.com/catalog/product/cache/eb4305db09fb6492bb059b8131f647e3/i/d/ido-electric-single-hot-plate_-1500-watt_-black-and-silver---hp1e1500-sv-.jpg",
        "product_url": "https://dream2000.com/en/ido-electric-hot-plate-1500-watt-stainless-steel-hp1e1500-sv.html",
        "category_type": "Appliances"
    },
    {
        "name": "IDO Electric Oven, 50 Liters, 2000 Watt, Black * Silver - TO50DG-SV",
        "price": "EGP3,930.00",
        "image_url": "https://r2media.horizondm.com/catalog/product/cache/eb4305db09fb6492bb059b8131f647e3/i/d/ido-electric-oven_to50dg-sv-_2.jpg",
        "product_url": "https://dream2000.com/en/ido-electric-oven-50-liters-2000-watt-black-silver-to50dg-sv.html",
        "category_type": "Appliances"
    },
    {
        "name": "Babyliss Hair Dryer 2000W - 5910E",
        "price": "EGP1,639.00",
        "image_url": "https://r2media.horizondm.com/catalog/product/cache/eb4305db09fb6492bb059b8131f647e3/b/a/babyliss-hair-dryer-2000w-5910e-0.jpg",
        "product_url": "https://dream2000.com/en/babyliss-hair-dryer-2000w-5910e.html",
        "category_type": "Appliances"
    },
    {
        "name": "Mi Smart Air Fryer 3.5L - White",
        "price": "EGP6,480.00",
        "image_url": "https://r2media.horizondm.com/catalog/product/cache/eb4305db09fb6492bb059b8131f647e3/m/i/mi-smart-air-fryer-3.5l-3.jpg",
        "product_url": "https://dream2000.com/en/mi-smart-air-fryer-3-5l-white.html",
        "category_type": "Appliances"
    },
    {
        "name": "Tank Pro 6 Built-in Purification Functions Filter",
        "price": "EGP2,630.00",
        "image_url": "https://r2media.horizondm.com/catalog/product/cache/eb4305db09fb6492bb059b8131f647e3/t/a/tank-pro-6-built-in-purification-functions-filter-2.jpg",
        "product_url": "https://dream2000.com/en/tank-pro-6-built-in-purification-functions-filter.html",
        "category_type": "Appliances"
    },
    {
        "name": "Tank Power Water Filter, 3 Stages",
        "price": "EGP760.00",
        "image_url": "https://r2media.horizondm.com/catalog/product/cache/eb4305db09fb6492bb059b8131f647e3/t/a/tank-power-water-filter_-3-stages.jpg",
        "product_url": "https://dream2000.com/en/tank-power-water-filter-3-stages.html",
        "category_type": "Appliances"
    },
    {
        "name": "Tank Power Plus Water Filter 5STG",
        "price": "EGP1,110.00",
        "image_url": "https://r2media.horizondm.com/catalog/product/cache/eb4305db09fb6492bb059b8131f647e3/t/a/tank-power-plus-filter-5stg-.jpg",
        "product_url": "https://dream2000.com/en/tank-power-plus-water-filter-5stg.html",
        "category_type": "Appliances"
    },
    {
        "name": "Toshiba Kitchen Ventilating Fan 20 cm Oil Drawer , Creamy - VRH20J10C",
        "price": "EGP1,180.00",
        "image_url": "https://r2media.horizondm.com/catalog/product/cache/eb4305db09fb6492bb059b8131f647e3/t/o/toshiba-kitchen-ventilating-vrh20j10c.jpg",
        "product_url": "https://dream2000.com/en/toshiba-kitchen-ventilating-fan-20-cm-oil-drawer-creamy-vrh20j10c.html",
        "category_type": "Appliances"
    },
    {
        "name": "Tornado Steam Iron 1800 Watt Teflon Soleplate , Blue - TST-1800L",
        "price": "EGP949.00",
        "image_url": "https://r2media.horizondm.com/catalog/product/cache/eb4305db09fb6492bb059b8131f647e3/t/o/tornado-steam-iron--blue---tst-1800l-.jpg",
        "product_url": "https://dream2000.com/en/tornado-steam-iron-1800-watt-teflon-soleplate-blue-tst-1800l.html",
        "category_type": "Appliances"
    },
    {
        "name": "Armadillo Hand Blender Multi-Funtion -1000W , Chopper 700mm , Whisking Bowl 600mm , Egg Beater , ARM-SDA-HBLDG-WH-005 - White",
        "price": "EGP1,670.00",
        "image_url": "https://r2media.horizondm.com/catalog/product/cache/eb4305db09fb6492bb059b8131f647e3/a/r/armadllo-hand-blender-arm-sda-hbldg-wh-005-white.jpg",
        "product_url": "https://dream2000.com/en/hand-blender-multi-funtion-1000w-chopper-700mm-whisking-bowl-600mm-egg-beater-arm-sda-hbldg-wh-005-005-white.html",
        "category_type": "Appliances"
    },
    {
        "name": "Sharp Microwave Grill 25 Liter - 900 Watt - 6 Menus , Black - R-750MR(K)",
        "price": "EGP7,600.00",
        "image_url": "https://r2media.horizondm.com/catalog/product/cache/eb4305db09fb6492bb059b8131f647e3/s/h/sharp-microwave-grill-25-liter-_-900-watt-_-6-menus-_-black---r-750mr_k_-0.jpg",
        "product_url": "https://dream2000.com/en/sharp-microwave-grill-25-liter-900-watt-6-menus-black-r-750mr-k.html",
        "category_type": "Appliances"
    },
    {
        "name": "Tornado Electric Oven 48 Liter 1800 Watt Grill Fan , Black - TEO-48DGE(K)",
        "price": "EGP3,679.00",
        "image_url": "https://r2media.horizondm.com/catalog/product/cache/eb4305db09fb6492bb059b8131f647e3/t/o/tornado-electric-oven-48-liter-1800-watt-grill-fan-_-black---teo-48dge_k_.jpg",
        "product_url": "https://dream2000.com/en/tornado-electric-oven-48-liter-1800-watt-grill-fan-black-teo-48dge-k.html",
        "category_type": "Appliances"
    },
    {
        "name": "Tornado Automatic Turkish Coffee Maker 330ml , Brown x Black Water Tank -TCME-100S-PRO",
        "price": "EGP5,535.00",
        "image_url": "https://r2media.horizondm.com/catalog/product/cache/eb4305db09fb6492bb059b8131f647e3/t/o/tornado-automatic-turkish-coffee-maker-tcme-100s-pro--0_1.jpg",
        "product_url": "https://dream2000.com/en/tornado-automatic-turkish-coffee-maker-330ml-brown-x-black-water-tank-tcme-100s-pro.html",
        "category_type": "Appliances"
    },
    {
        "name": "Tornado Wall Fan 18 inch 4 Blades , Grey -TWF-18G",
        "price": "EGP1,695.00",
        "image_url": "https://r2media.horizondm.com/catalog/product/cache/eb4305db09fb6492bb059b8131f647e3/t/o/tornado-wall-fan-grey--twf-18g-.jpg",
        "product_url": "https://dream2000.com/en/tornado-wall-fan-18-inch-4-blades-grey-twf-18g.html",
        "category_type": "Appliances"
    },
    {
        "name": "Rush Brush® S3 Lite Hair Brush 230°C - Red",
        "price": "EGP2,899.00",
        "image_url": "https://r2media.horizondm.com/catalog/product/cache/eb4305db09fb6492bb059b8131f647e3/r/u/rush-brush_-s3-lite-hair-straightening-brush-230_c---red-8_1.jpg",
        "product_url": "https://dream2000.com/en/rush-brushr-s3-lite-hair-brush-230-c-red.html",
        "category_type": "Appliances"
    },
    {
        "name": "Fresh Fan Ceiling Karyoka Cycle - 16 inch",
        "price": "EGP1,470.00",
        "image_url": "https://r2media.horizondm.com/catalog/product/cache/eb4305db09fb6492bb059b8131f647e3/f/r/fresh-fan-ceiling-karyoka-cycle---16-inch-.jpg",
        "product_url": "https://dream2000.com/en/fresh-fan-ceiling-karyoka-cycle-16-inch.html",
        "category_type": "Appliances"
    },
    {
        "name": "Fresh wall Fan Shabah 20 inch with remote",
        "price": "EGP2,030.00",
        "image_url": "https://r2media.horizondm.com/catalog/product/cache/eb4305db09fb6492bb059b8131f647e3/f/r/fresh-wall-fan-shabah-20-inch-with-remote-.jpg",
        "product_url": "https://dream2000.com/en/fresh-wall-fan-shabah-20-inch-with-remote.html",
        "category_type": "Appliances"
    },
    {
        "name": "Fresh Salsa Blender 360 watt , 1.5L - White",
        "price": "EGP929.00",
        "image_url": "https://r2media.horizondm.com/catalog/product/cache/eb4305db09fb6492bb059b8131f647e3/f/r/fresh-salsa-blender-with-mill-.jpg",
        "product_url": "https://dream2000.com/en/fresh-salsa-blender-360-watt-1-5l-white.html",
        "category_type": "Appliances"
    },
    {
        "name": "Tank Power Plus 7 Stages Water Filter Cartridge Pack",
        "price": "EGP460.00",
        "image_url": "https://r2media.horizondm.com/catalog/product/cache/eb4305db09fb6492bb059b8131f647e3/_/t/_tank-power-plus-7-stages-cartridge-pack.jpg",
        "product_url": "https://dream2000.com/en/tank-power-plus-7-stages-cartridge-pack.html",
        "category_type": "Appliances"
    },
    {
        "name": "Tank Pro Compressed Cartridge",
        "price": "EGP510.00",
        "image_url": "https://r2media.horizondm.com/catalog/product/cache/eb4305db09fb6492bb059b8131f647e3/t/a/tank-power-compressed-cartridge-.jpg",
        "product_url": "https://dream2000.com/en/tank-power-compressed-cartridge.html",
        "category_type": "Appliances"
    },
    {
        "name": "Mienta Blitz Chopper, 500 Watt - CH23738A",
        "price": "EGP1,400.00",
        "image_url": "https://r2media.horizondm.com/catalog/product/cache/eb4305db09fb6492bb059b8131f647e3/m/i/mienta-chopper-blitz-500w-ch23738a-black_1.jpg",
        "product_url": "https://dream2000.com/en/mienta-blitz-chopper-500-watt-ch23738a.html",
        "category_type": "Appliances"
    },
    {
        "name": "Sonai yogurt Maker , 20 Watt , 8 Glass Jar - MAR-1070",
        "price": "EGP699.00",
        "image_url": "https://r2media.horizondm.com/catalog/product/cache/eb4305db09fb6492bb059b8131f647e3/s/o/sonai-yogurt-maker-_-20-watt-_-8-glass-jar---mar-1070.jpg",
        "product_url": "https://dream2000.com/en/sonai-yogurt-maker-20-watt-8-glass-jar-mar-1070.html",
        "category_type": "Appliances"
    },
    {
        "name": "Fresh Elite Oven 45 Liter 2000Watt , With Grill and Fan - Black",
        "price": "EGP2,950.00",
        "image_url": "https://r2media.horizondm.com/catalog/product/cache/eb4305db09fb6492bb059b8131f647e3/f/r/fresh-electric-oven-45-liter-2000watt-_-with-grill-and-fan---black-0.jpg",
        "product_url": "https://dream2000.com/en/fresh-elite-oven-45-liter-2000watt-with-grill-and-fan-black.html",
        "category_type": "Appliances"
    },
    {
        "name": "Fresh Digital Air Fryer, 5.5 Liters, 1800 Watt, Black - AFF-1800-B",
        "price": "EGP6,680.00",
        "image_url": "https://r2media.horizondm.com/catalog/product/cache/eb4305db09fb6492bb059b8131f647e3/f/r/fresh-air-fryer-5.5-liter-digital-1800w-black-aff-1800-b.jpg",
        "product_url": "https://dream2000.com/en/fresh-digital-air-fryer-5-5-liters-1800-watt-black-aff-1800-b.html",
        "category_type": "Appliances"
    },
    {
        "name": "Tornado Microwave Solo 25 Liter 900 Watt 8 Menus , Black - TMD-25SE-BK",
        "price": "EGP5,965.00",
        "image_url": "https://r2media.horizondm.com/catalog/product/cache/eb4305db09fb6492bb059b8131f647e3/t/o/tornado-microwave-solo-25l-900w-black-tmd-25se-bk.jpg",
        "product_url": "https://dream2000.com/en/tornado-microwave-solo-25-liter-900-watt-8-menus-black-tmd-25se-bk.html",
        "category_type": "Appliances"
    },
    {
        "name": "Fresh Steam Iron 2200 Watt - Blue",
        "price": "EGP1,179.00",
        "image_url": "https://r2media.horizondm.com/catalog/product/cache/eb4305db09fb6492bb059b8131f647e3/f/r/fresh-steam-iron-2200-watt---blue_1.jpg",
        "product_url": "https://dream2000.com/en/fresh-steam-iron-2200-watt.html",
        "category_type": "Appliances"
    },
    {
        "name": "Fresh Hatary Wall Fan 16 inch with Remote",
        "price": "EGP1,659.00",
        "image_url": "https://r2media.horizondm.com/catalog/product/cache/eb4305db09fb6492bb059b8131f647e3/f/r/fresh-hatary-wall-fan-16-inch-with-remote.jpg",
        "product_url": "https://dream2000.com/en/fresh-hatary-wall-fan-16-inch-with-remote.html",
        "category_type": "Appliances"
    },
    {
        "name": "Fresh Shabah Stand Fan With Remote 20\"",
        "price": "EGP2,350.00",
        "image_url": "https://r2media.horizondm.com/catalog/product/cache/eb4305db09fb6492bb059b8131f647e3/f/r/fresh-stand-fan-shabah-with-remot-20-inch.jpg",
        "product_url": "https://dream2000.com/en/fresh-shabah-stand-fan-with-remote-20.html",
        "category_type": "Appliances"
    },
    {
        "name": "Tornado Steam Iron, 1800 Watt, Baby Blue - TST-1800",
        "price": "EGP945.00",
        "image_url": "https://r2media.horizondm.com/catalog/product/cache/eb4305db09fb6492bb059b8131f647e3/t/o/tornado-steam-iron-teflon_-1800-watt_-baby-blue-and-white---tst-1800-.jpg",
        "product_url": "https://dream2000.com/en/tornado-steam-iron-1800-watt-baby-blue-tst-1800.html",
        "category_type": "Appliances"
    },
    {
        "name": "Tank Ice Box - 23 Liter - Red",
        "price": "EGP715.00",
        "image_url": "https://r2media.horizondm.com/catalog/product/cache/eb4305db09fb6492bb059b8131f647e3/i/c/ice-box-23-l---red-6.jpg",
        "product_url": "https://dream2000.com/en/tank-ice-box-23-liter-red.html",
        "category_type": "Appliances"
    },
    {
        "name": "Tank Power Cartridges – 6 Months Economic Pack",
        "price": "EGP219.00",
        "image_url": "https://r2media.horizondm.com/catalog/product/cache/eb4305db09fb6492bb059b8131f647e3/t/a/tank-power-cartridges-_-6-months-economic-pack-.jpg",
        "product_url": "https://dream2000.com/en/tank-power-cartridges-6-months-economic-pack.html",
        "category_type": "Appliances"
    },
    {
        "name": "Tornado Steam Iron 2200 Watt Ceramic Soleplate , Blue - TST-2200",
        "price": "EGP1,239.00",
        "image_url": "https://r2media.horizondm.com/catalog/product/cache/eb4305db09fb6492bb059b8131f647e3/t/o/tornado-steam-iron-2200-watt-ceramic-soleplate-_-blue---tst-2200.jpg",
        "product_url": "https://dream2000.com/en/tornado-steam-iron-2200-watt-ceramic-soleplate-blue-tst-2200.html",
        "category_type": "Appliances"
    },
    {
        "name": "Tank Power Plus 5 Stages Cartridge Pack",
        "price": "EGP400.00",
        "image_url": "https://r2media.horizondm.com/catalog/product/cache/eb4305db09fb6492bb059b8131f647e3/t/a/tank-power-plus-5-stages-cartridge-pack-.jpg",
        "product_url": "https://dream2000.com/en/tank-power-plus-5-stages-cartridge-pack.html",
        "category_type": "Appliances"
    },
    {
        "name": "Philips food processor 850W , 2.1Litre, 31 functions , Black - HR7530/10",
        "price": "EGP9,459.00",
        "image_url": "https://r2media.horizondm.com/catalog/product/cache/eb4305db09fb6492bb059b8131f647e3/p/h/philips-food-processor-hr753010.jpg",
        "product_url": "https://dream2000.com/en/philips-food-processor-850w-2-1litre-31-functions-black-hr7530-10.html",
        "category_type": "Appliances"
    },
    {
        "name": "Philips Air Fryer 4.1L 1400 Watt - HD9200/91 - Black",
        "price": "EGP5,899.00",
        "image_url": "https://r2media.horizondm.com/catalog/product/cache/eb4305db09fb6492bb059b8131f647e3/p/h/philips_air_fryer_4.1l_1400_watt_-_hd9200_91_-_black-1.jpg",
        "product_url": "https://dream2000.com/en/philips-air-fryer-4-1l-1400-watt-hd9200-91-black.html",
        "category_type": "Appliances"
    },
    {
        "name": "Carrier Optimax Pro Split Air Conditioner, Cooling Only, 3 HP, White - 53KHCT24N-708",
        "price": "EGP46,299.00",
        "image_url": "https://r2media.horizondm.com/catalog/product/cache/eb4305db09fb6492bb059b8131f647e3/c/a/carrier-optimax-pro-air-conditioner-53khct24n-708_optimax-pro_.jpg",
        "product_url": "https://dream2000.com/en/carrier-optimax-pro-split-air-conditioner-cooling-only-3-hp-white-53khct24n-708.html",
        "category_type": "Appliances"
    },
    {
        "name": "Carrier Optimax pro Split Air Conditioner - 1.5 HP Cooling Only - 53KHCT12N-708",
        "price": "EGP28,500.00",
        "image_url": "https://r2media.horizondm.com/catalog/product/cache/eb4305db09fb6492bb059b8131f647e3/5/3/53khct12n-708.jpg",
        "product_url": "https://dream2000.com/en/carrier-optimax-pro-split-air-conditioner-1-5-hp-cooling-only-53khct12n-708.html",
        "category_type": "Appliances"
    },
    {
        "name": "Carrier Optimax Pro Split Air Conditioner, 1.5 HP, Cooling & Heating - 53QHCT12N-708F",
        "price": "EGP30,500.00",
        "image_url": "https://r2media.horizondm.com/catalog/product/cache/eb4305db09fb6492bb059b8131f647e3/5/3/53qhct12n-708f--0_2.jpg",
        "product_url": "https://dream2000.com/en/carrier-optimax-pro-split-air-conditioner-1-5-hp-cooling-heating-53qhct12n-708f.html",
        "category_type": "Appliances"
    },
    {
        "name": "Carrier Optimax Inverter Split Air Conditioner, 3 HP, Cold & Hot - 53QHCT24DN-708F",
        "price": "EGP65,000.00",
        "image_url": "https://r2media.horizondm.com/catalog/product/cache/eb4305db09fb6492bb059b8131f647e3/5/3/53qhct24dn-708f.jpg",
        "product_url": "https://dream2000.com/en/carrier-optimax-inverter-split-air-conditioner-3-hp-cold-hot-53qhct24dn-708f.html",
        "category_type": "Appliances"
    },
    {
        "name": "Carrier Optimax Pro Split Air Conditioner, 2.25 HP, Cold & Hot - 53QHCT18N-708F",
        "price": "EGP42,900.00",
        "image_url": "https://r2media.horizondm.com/catalog/product/cache/eb4305db09fb6492bb059b8131f647e3/5/3/53qhct18n-708f.jpg",
        "product_url": "https://dream2000.com/en/carrier-optimax-pro-split-air-conditioner-2-25-hp-cold-hot-53qhct18n-708f.html",
        "category_type": "Appliances"
    },
    {
        "name": "Babyliss Smooth Pro Hair Dryer, 2100 Watt, Black *Rose Gold - 6709DE",
        "price": "EGP2,470.00",
        "image_url": "https://r2media.horizondm.com/catalog/product/cache/eb4305db09fb6492bb059b8131f647e3/b/a/babyliss-smooth-pro-hair-dryer_-6709de--1.jpg",
        "product_url": "https://dream2000.com/en/babyliss-smooth-pro-hair-dryer-2100-watt-black-rose-gold-6709de.html",
        "category_type": "Appliances"
    },
    {
        "name": "Babyliss Hair Straightener, Ceramic Plates, 200°C – 230°C Degrees, Black - ST240SDE",
        "price": "EGP1,790.00",
        "image_url": "https://r2media.horizondm.com/catalog/product/cache/eb4305db09fb6492bb059b8131f647e3/b/a/babyliss-hair-straightener_st240sde-0.jpg",
        "product_url": "https://dream2000.com/en/babyliss-hair-straightener-ceramic-plates-200-c-230-c-degrees-black-st240sde.html",
        "category_type": "Appliances"
    },
    {
        "name": "Braun Silk epil 3-3170 Legs Epilator Hair Removal Machine",
        "price": "EGP1,799.00",
        "image_url": "https://r2media.horizondm.com/catalog/product/cache/eb4305db09fb6492bb059b8131f647e3/b/r/braun-silk-epil-3-3170-legs-epilator-hair-removal-machine.jpg",
        "product_url": "https://dream2000.com/en/braun-silk-epil-3-3170-legs-epilator-hair-removal-machine.html",
        "category_type": "Appliances"
    },
    {
        "name": "Sonai Air Fryer Digital ,2000 Watt , 7L , Silver - SH-711",
        "price": "EGP8,499.00",
        "image_url": "https://r2media.horizondm.com/catalog/product/cache/eb4305db09fb6492bb059b8131f647e3/s/o/sonai-air-sh-711.jpg",
        "product_url": "https://dream2000.com/en/sonai-air-fryer-digital-2000-watt-7l-silver-sh-711.html",
        "category_type": "Appliances"
    },
    {
        "name": "Panasonic Water Purifier , 6.5L - TK-CS10",
        "price": "EGP2,349.00",
        "image_url": "https://r2media.horizondm.com/catalog/product/cache/eb4305db09fb6492bb059b8131f647e3/p/a/panasonic-water-purifier-_-6.5l---tk-cs10.jpg",
        "product_url": "https://dream2000.com/en/panasonic-water-purifier-6-5l-tk-cs10.html",
        "category_type": "Appliances"
    },
    {
        "name": "Bosch Coffee Grinder 180 Watt , White - TSM6A011W",
        "price": "EGP2,399.00",
        "image_url": "https://r2media.horizondm.com/catalog/product/cache/eb4305db09fb6492bb059b8131f647e3/b/o/bosch-coffee-grinder-180-watt-_-white---tsm6a011w-_1.jpg",
        "product_url": "https://dream2000.com/en/bosch-coffee-grinder-180-watt-white-tsm6a011w.html",
        "category_type": "Appliances"
    },
    {
        "name": "Samsung 50 inch Crystal UHD 4K Smart 125CM - CU8000",
        "price": "EGP22,499.00",
        "image_url": "https://r2media.horizondm.com/catalog/product/cache/eb4305db09fb6492bb059b8131f647e3/s/a/samsung-50-inch-crystal-uhd-4k-smart-125cm---cu8000-aa.jpg",
        "product_url": "https://dream2000.com/en/samsung-50-crystal-uhd-4k-smart-125cm-cu8000.html",
        "category_type": "zsssss"
    },
    {
        "name": "Sonai Citrus Juicer Squeezer, 30Watt 1 Liter , MAR-755 - Black",
        "price": "EGP549.00",
        "image_url": "https://r2media.horizondm.com/catalog/product/cache/eb4305db09fb6492bb059b8131f647e3/s/o/sonai-citrus-juicer-squeezer_-30watt-1-liter-_-mar-755---black.jpg",
        "product_url": "https://dream2000.com/en/sonai-citrus-juicer-squeezer-30watt-1-liter-mar-755-black.html",
        "category_type": "Appliances"
    },
    {
        "name": "Kenwood  Steam Iron 2000 Watt, Purple - STP40.000WP",
        "price": "EGP1,349.00",
        "image_url": "https://r2media.horizondm.com/catalog/product/cache/eb4305db09fb6492bb059b8131f647e3/k/e/kenwood-steam---stp40.000wp--2.jpg",
        "product_url": "https://dream2000.com/en/kenwood-steam-iron-2000-watt-purple-stp40-000wp.html",
        "category_type": "Appliances"
    },
    {
        "name": "Utopia TV Wall Mount for 14-55 Inch",
        "price": "EGP349.00",
        "image_url": "https://r2media.horizondm.com/catalog/product/cache/eb4305db09fb6492bb059b8131f647e3/u/t/utopia-tv-wall-mount-for-14-55-inch-.jpg",
        "product_url": "https://dream2000.com/en/utopia-tv-wall-mount-for-14-55-inch.html",
        "category_type": "zsssss"
    },
    {
        "name": "Utopia TV Wall Mount for 14-42 Inch",
        "price": "EGP99.00",
        "image_url": "https://r2media.horizondm.com/catalog/product/cache/eb4305db09fb6492bb059b8131f647e3/u/t/utopia-tv-wall-mount-for-14-42-inch--0_1.jpg",
        "product_url": "https://dream2000.com/en/utopia-tv-wall-mount-for-14-42-inch.html",
        "category_type": "zsssss"
    },
    {
        "name": "Utopia TV Wall Mount for 26-63 Inch",
        "price": "EGP199.00",
        "image_url": "https://r2media.horizondm.com/catalog/product/cache/eb4305db09fb6492bb059b8131f647e3/u/t/utopia-tv-wall-mount-for-26-63-inch-.jpg",
        "product_url": "https://dream2000.com/en/utopia-tv-wall-mount-for-26-63inch.html",
        "category_type": "zsssss"
    }
]