[
    {
        "name": "Sony DualSense Wireless Controller For Playstation 5",
        "price": "EGP5,499.00",
        "image_url": "https://r2media.horizondm.com/catalog/product/cache/eb4305db09fb6492bb059b8131f647e3/s/o/sony_dualsense_wireless_controller_playstation_5.jpg",
        "product_url": "https://dream2000.com/en/sony-dualsense-wireless-controller-playstation-5.html",
        "category_type": "zeze"
    },
    {
        "name": "Logitech Mouse HERO High Performance Gaming G502",
        "price": "EGP2,400.00",
        "image_url": "https://r2media.horizondm.com/catalog/product/cache/eb4305db09fb6492bb059b8131f647e3/l/o/logitech_mouse_hero_high_performance_gaming_g502.jpg",
        "product_url": "https://dream2000.com/en/logitech-mouse-hero-high-performance-gaming-g502.html",
        "category_type": "zeze"
    },
    {
        "name": "Logitech Gamepad F710 Wirless - Silver",
        "price": "EGP1,599.00",
        "image_url": "https://r2media.horizondm.com/catalog/product/cache/eb4305db09fb6492bb059b8131f647e3/g/a/gamepad-f710-wirless-white-logitech-1.jpg",
        "product_url": "https://dream2000.com/en/logitech-gamepad-f710-wirless-silver.html",
        "category_type": "zeze"
    },
    {
        "name": "Sony DualSense Wireless Controller For Playstation 5 - Black",
        "price": "EGP4,699.00",
        "image_url": "https://r2media.horizondm.com/catalog/product/cache/eb4305db09fb6492bb059b8131f647e3/p/s/ps5-dualsense-wireless-controller-cosmic-black-sony-1.jpg",
        "product_url": "https://dream2000.com/en/sony-dualsense-wireless-controller-for-playstation-5-black.html",
        "category_type": "zeze"
    },
    {
        "name": "Sony DualSense Wireless Controller For Playstation 5 - Red",
        "price": "EGP5,499.00",
        "image_url": "https://r2media.horizondm.com/catalog/product/cache/eb4305db09fb6492bb059b8131f647e3/p/s/ps5-dualsense-wireless-controller-cosmic-red-sony-1.jpg",
        "product_url": "https://dream2000.com/en/sony-dualsense-wireless-controller-for-playstation-5-red.html",
        "category_type": "zeze"
    },
    {
        "name": "Logitech Driving Force Shifter For G29 and G920 Racing Wheels",
        "price": "EGP20,000.00",
        "image_url": "https://r2media.horizondm.com/catalog/product/cache/eb4305db09fb6492bb059b8131f647e3/l/o/logitech_driving_force_shifter_for_g29_and_g920_racing_wheels-2.jpg",
        "product_url": "https://dream2000.com/en/logitech-driving-force-shifter-for-g29-and-g920-racing-wheels.html",
        "category_type": "zeze"
    },
    {
        "name": "Redragon Combo Gaming RD-K552-BB 4-In-1 Keyboard, Mouse, Headset, Mousepad",
        "price": "EGP2,599.00",
        "image_url": "https://r2media.horizondm.com/catalog/product/cache/eb4305db09fb6492bb059b8131f647e3/c/o/combo--gaming-4-in-1--1.jpg",
        "product_url": "https://dream2000.com/en/redragon-combo-gaming-rd-k552-bb-4-in-1-keyboard-mouse-headset-mousepad.html",
        "category_type": "zeze"
    },
    {
        "name": "Redragon K565R Rudra Rainbow Backlit Mechanical Gaming Keyboard",
        "price": "EGP1,649.00",
        "image_url": "https://r2media.horizondm.com/catalog/product/cache/eb4305db09fb6492bb059b8131f647e3/k/e/keyboard-gaming-mechanical---k565r-rudra-rainbow-backlit-black-redragon-1.jpg",
        "product_url": "https://dream2000.com/en/redragon-k565r-rudra-rainbow-backlit-mechanical-gaming-keyboard.html",
        "category_type": "zeze"
    },
    {
        "name": "Redragon M607 Griffin 7200 DPI RGB Gaming Mouse - Black",
        "price": "EGP710.00",
        "image_url": "https://r2media.horizondm.com/catalog/product/cache/eb4305db09fb6492bb059b8131f647e3/m/o/mouse-gaming-griffin--7200-dpi-rgb-programmable--m607--black-redragon-1.jpg",
        "product_url": "https://dream2000.com/en/redragon-m607-griffin-7200-dpi-rgb-gaming-mouse-black.html",
        "category_type": "zeze"
    },
    {
        "name": "Logitech Keyboard Gaming RGB G213 - Black",
        "price": "EGP3,125.00",
        "image_url": "https://r2media.horizondm.com/catalog/product/cache/eb4305db09fb6492bb059b8131f647e3/k/e/keyboard-gaming-rgb-g213-black-logitech-1.jpg",
        "product_url": "https://dream2000.com/en/logitech-keyboard-gaming-rgb-g213-black.html",
        "category_type": "zeze"
    },
    {
        "name": "Logitech Mouse Gaming Wired G102 - Black",
        "price": "EGP749.00",
        "image_url": "https://r2media.horizondm.com/catalog/product/cache/eb4305db09fb6492bb059b8131f647e3/m/o/mouse-gaming-wired-g102-black-logitech-1.jpg",
        "product_url": "https://dream2000.com/en/logitech-mouse-gaming-wired-g102-black.html",
        "category_type": "zeze"
    },
    {
        "name": "Sony PS5 Dual Sense Wireless Controller - Blue",
        "price": "EGP5,499.00",
        "image_url": "https://r2media.horizondm.com/catalog/product/cache/eb4305db09fb6492bb059b8131f647e3/p/s/ps5-dualsense-wireless-controller-cosmic-blue-sony-1.jpg",
        "product_url": "https://dream2000.com/en/sony-ps5-dual-sense-wireless-controller-blue.html",
        "category_type": "zeze"
    },
    {
        "name": "FIFA 23 Arabic Edition Cd Gaming - Play Station 4",
        "price": "EGP1,970.00",
        "image_url": "https://r2media.horizondm.com/catalog/product/cache/eb4305db09fb6492bb059b8131f647e3/p/s/ps4-cd-gaming-fifa-23---edition-1_1.jpg",
        "product_url": "https://dream2000.com/en/fifa-23-arabic-edition-cd-gaming-play-station-4.html",
        "category_type": "zeze"
    },
    {
        "name": "Rapoo Mouse Gaming Wired N200 - Black",
        "price": "EGP190.00",
        "image_url": "https://r2media.horizondm.com/catalog/product/cache/eb4305db09fb6492bb059b8131f647e3/m/o/mouse-gaming-wired-n200-black-rapoo-1.jpg",
        "product_url": "https://dream2000.com/en/rapoo-mouse-gaming-wired-n200-black.html",
        "category_type": "zeze"
    },
    {
        "name": "Redragon Mouse Gaming Wired Optical M711-2 - Black",
        "price": "EGP770.00",
        "image_url": "https://r2media.horizondm.com/catalog/product/cache/eb4305db09fb6492bb059b8131f647e3/m/o/mouse-gaming-wired-optical--m711_2-black-redragon-1.jpg",
        "product_url": "https://dream2000.com/en/redragon-mouse-gaming-wired-optical-m711-2-black.html",
        "category_type": "zeze"
    },
    {
        "name": "Onikuma Headphone Gaming Wired K1B Pro - Camouflaged",
        "price": "EGP495.00",
        "image_url": "https://r2media.horizondm.com/catalog/product/cache/eb4305db09fb6492bb059b8131f647e3/h/e/headphone-gaming-wired-k1b-pro-onikuma-camouflaged-1.jpg",
        "product_url": "https://dream2000.com/en/onikuma-headphone-gaming-wired-k1b-pro-camouflaged.html",
        "category_type": "zeze"
    },
    {
        "name": "Onikuma Headphone Gaming Wired K20 RGB - Black",
        "price": "EGP420.00",
        "image_url": "https://r2media.horizondm.com/catalog/product/cache/eb4305db09fb6492bb059b8131f647e3/o/n/onkiuma-1.jpg",
        "product_url": "https://dream2000.com/en/onikuma-headphone-gaming-wired-k20-rgb-black.html",
        "category_type": "zeze"
    },
    {
        "name": "Rapoo Mouse Wired Gaming N500 - Black",
        "price": "EGP310.00",
        "image_url": "https://r2media.horizondm.com/catalog/product/cache/eb4305db09fb6492bb059b8131f647e3/m/o/mouse-wired-gaming-n500-black-rapoo-1.jpg",
        "product_url": "https://dream2000.com/en/rapoo-mouse-wired-gaming-n500-black.html",
        "category_type": "zeze"
    },
    {
        "name": "Havit Pad Mouse Gaming MP-909BK - Black",
        "price": "EGP450.00",
        "image_url": "https://r2media.horizondm.com/catalog/product/cache/eb4305db09fb6492bb059b8131f647e3/p/a/pad-mouse-gaming-mp-909bk-black-gamenote--havit-1.jpg",
        "product_url": "https://dream2000.com/en/havit-pad-mouse-gaming-mp-909bk-black.html",
        "category_type": "zeze"
    },
    {
        "name": "Onikuma CًW908 Mouse Gaming Wired - Pink",
        "price": "EGP250.00",
        "image_url": "https://r2media.horizondm.com/catalog/product/cache/eb4305db09fb6492bb059b8131f647e3/o/n/onikuma-c_w908-mouse-gaming-wired-wired---pink-5_1.jpg",
        "product_url": "https://dream2000.com/en/onikuma-c-w908-mouse-gaming-wired-wired-pink.html",
        "category_type": "zeze"
    },
    {
        "name": "Onikuma CW921 Professional Mouse Gaming Wired - Pink",
        "price": "EGP199.00",
        "image_url": "https://r2media.horizondm.com/catalog/product/cache/eb4305db09fb6492bb059b8131f647e3/o/n/onikuma-cw921-professional-mouse-gaming-wired---pink--2.jpg",
        "product_url": "https://dream2000.com/en/onikuma-cw921-professional-mouse-gaming-wired-pink.html",
        "category_type": "zeze"
    },
    {
        "name": "DOBE HeadPhone Wired Gaming PS5 12-IN-1 Game Set - 0578",
        "price": "EGP699.00",
        "image_url": "https://r2media.horizondm.com/catalog/product/cache/eb4305db09fb6492bb059b8131f647e3/d/o/dobe-headphone-wired-gaming-ps5-12-in-1-game-set---0578.jpg",
        "product_url": "https://dream2000.com/en/dobe-headphone-wired-gaming-ps5-12-in-1-game-set-0578.html",
        "category_type": "zeze"
    },
    {
        "name": "Aula S20 Wired Gaming Mouse, 2400 DPI - Black",
        "price": "EGP165.00",
        "image_url": "https://r2media.horizondm.com/catalog/product/cache/eb4305db09fb6492bb059b8131f647e3/a/u/aula-s20-wired-gaming-mouse_-2400-dpi---black--3.jpg",
        "product_url": "https://dream2000.com/en/aula-s20-wired-gaming-mouse-2400-dpi-black.html",
        "category_type": "zeze"
    },
    {
        "name": "Aula S30 Wired Gaming Mouse, 3200 DPI - Black",
        "price": "EGP229.00",
        "image_url": "https://r2media.horizondm.com/catalog/product/cache/eb4305db09fb6492bb059b8131f647e3/a/u/aula-s30-wired-gaming-mouse_-3200-dpi---black-.jpg",
        "product_url": "https://dream2000.com/en/aula-s30-wired-gaming-mouse-3200-dpi-black.html",
        "category_type": "zeze"
    },
    {
        "name": "Redragon M703 High performance Mouse Wired Gaming - Black",
        "price": "EGP645.00",
        "image_url": "https://r2media.horizondm.com/catalog/product/cache/eb4305db09fb6492bb059b8131f647e3/r/e/redragon-m703-high-performance-mouse-wired-gaming---black-3.jpg",
        "product_url": "https://dream2000.com/en/redragon-m703-high-performance-mouse-wired-gaming-black.html",
        "category_type": "zeze"
    },
    {
        "name": "Redragon K505 Gaming Keyboard RGB Wireless LED Backlit",
        "price": "EGP1,119.00",
        "image_url": "https://r2media.horizondm.com/catalog/product/cache/eb4305db09fb6492bb059b8131f647e3/r/e/redragon-k505-gaming-keyboard-rgb-wired-led-backlit--5.jpg",
        "product_url": "https://dream2000.com/en/redragon-k505-gaming-keyboard-rgb-wireless-led-backlit.html",
        "category_type": "zeze"
    },
    {
        "name": "Redragon H510 Zeus-X Gaming Headset Microphone Wired - Black",
        "price": "EGP2,245.00",
        "image_url": "https://r2media.horizondm.com/catalog/product/cache/eb4305db09fb6492bb059b8131f647e3/r/e/redragon_h510_zeus-x_gaming_headset_microphone_wired_-_black.jpg-1.jpg",
        "product_url": "https://dream2000.com/en/redragon-h510-zeus-x-gaming-headset-microphone-wired-black.html",
        "category_type": "zeze"
    },
    {
        "name": "Redragon K530 PRO Draconic Gaming Keyboard Wired - Black",
        "price": "EGP2,999.00",
        "image_url": "https://r2media.horizondm.com/catalog/product/cache/eb4305db09fb6492bb059b8131f647e3/_/r/_redragon-k530-pro-draconic-gaming-keyboard-wired---black--aaaa.jpg",
        "product_url": "https://dream2000.com/en/redragon-k530-pro-draconic-gaming-keyboard-wired.html",
        "category_type": "zeze"
    },
    {
        "name": "Redragon H130 Pelias Wired Gaming Headset - Black",
        "price": "EGP745.00",
        "image_url": "https://r2media.horizondm.com/catalog/product/cache/eb4305db09fb6492bb059b8131f647e3/r/e/redragon-h130-pelias-wired-gaming-headset---black--1.jpg",
        "product_url": "https://dream2000.com/en/redragon-h130-pelias-wired-gaming-headset-black.html",
        "category_type": "zeze"
    },
    {
        "name": "Redragon K552RGB-2 Gaming Keyboard KUMARA LED Backlit Wired - Black",
        "price": "EGP1,720.00",
        "image_url": "https://r2media.horizondm.com/catalog/product/cache/eb4305db09fb6492bb059b8131f647e3/r/e/redragon-k552rgb-2-gaming-keyboard-kumara-led-backlit-wired---black-.jpg",
        "product_url": "https://dream2000.com/en/redragon-k552rgb-2-gaming-keyboard-kumara-led-backlit-wired-black.html",
        "category_type": "zeze"
    },
    {
        "name": "Redragon K606-OG Gaming Keyboard Wired LAKSHMI - Blue Switch",
        "price": "EGP1,399.00",
        "image_url": "https://r2media.horizondm.com/catalog/product/cache/eb4305db09fb6492bb059b8131f647e3/r/e/redragon-k606-og-gaming-keyboard-7_2_1.jpg",
        "product_url": "https://dream2000.com/en/redragon-k606-og-gaming-keyboard-wireless-lakshmi-blue-switch.html",
        "category_type": "zeze"
    },
    {
        "name": "Redragon T-TGK313-2 Gaming Keyboard Wired Mechanical - Blue Switch",
        "price": "EGP745.00",
        "image_url": "https://r2media.horizondm.com/catalog/product/cache/eb4305db09fb6492bb059b8131f647e3/r/e/redragon-t-tgk313-2-gaming-keyboard--2.jpg",
        "product_url": "https://dream2000.com/en/redragon-t-tgk313-2-gaming-keyboard-wired-mechanical.html",
        "category_type": "zeze"
    },
    {
        "name": "Redragon T-TGK313-2 Gaming Keyboard Wired Mechanical - BROWN SWitch",
        "price": "EGP970.00",
        "image_url": "https://r2media.horizondm.com/catalog/product/cache/eb4305db09fb6492bb059b8131f647e3/r/e/redragon-t-tgk313-2-gaming-keyboard--2_1.jpg",
        "product_url": "https://dream2000.com/en/redragon-t-tgk313-2-gaming-keyboard-wired-mechanical-brown-switch.html",
        "category_type": "zeze"
    },
    {
        "name": "Redragon K608R Gaming Keyboard Wired VALHIM - Red Switch",
        "price": "EGP1,499.00",
        "image_url": "https://r2media.horizondm.com/catalog/product/cache/eb4305db09fb6492bb059b8131f647e3/r/e/redragon-k608r-gaming-keyboard--z.jpg",
        "product_url": "https://dream2000.com/en/redragon-k608r-gaming-keyboard-wired-valhim-red-switch.html",
        "category_type": "zeze"
    },
    {
        "name": "Redragon K565R-1Gaming Keyboard Wired RUDRA - Red Switch",
        "price": "EGP1,725.00",
        "image_url": "https://r2media.horizondm.com/catalog/product/cache/eb4305db09fb6492bb059b8131f647e3/r/e/redragon-k565r-1gaming-keyboard.jpg",
        "product_url": "https://dream2000.com/en/redragon-k565r-1gaming-keyboard-wired-rudra-red-switch.html",
        "category_type": "zeze"
    },
    {
        "name": "Redragon M808 Storm RGB Gaming Mouse Wired - Black",
        "price": "EGP1,050.00",
        "image_url": "https://r2media.horizondm.com/catalog/product/cache/eb4305db09fb6492bb059b8131f647e3/_/r/_redragon-m808-gaming-mouse-storm-rgb.jpg",
        "product_url": "https://dream2000.com/en/redragon-m808-storm-rgb-gaming-mouse-wired-black.html",
        "category_type": "zeze"
    },
    {
        "name": "Redragon M602-1 Nemeanlion Gaming Mouse Wired - Black",
        "price": "EGP745.00",
        "image_url": "https://r2media.horizondm.com/catalog/product/cache/eb4305db09fb6492bb059b8131f647e3/r/e/redragon-m602-1gaming-mouse-wired---black.jpg",
        "product_url": "https://dream2000.com/en/redragon-m602-1-nemeanlion-gaming-mouse-wired-black.html",
        "category_type": "zeze"
    },
    {
        "name": "Redragon K565R-1Gaming Keyboard Wired RUDRA - Brown Switch",
        "price": "EGP1,725.00",
        "image_url": "https://r2media.horizondm.com/catalog/product/cache/eb4305db09fb6492bb059b8131f647e3/r/e/redragon-k565r-1gaming-keyboard_1.jpg",
        "product_url": "https://dream2000.com/en/redragon-k565r-1gaming-keyboard-wired-rudra-brown-switch.html",
        "category_type": "zeze"
    },
    {
        "name": "Redragon K607-RGB Gaming Keyboard Wired ABS-TKL",
        "price": "EGP1,759.00",
        "image_url": "https://r2media.horizondm.com/catalog/product/cache/eb4305db09fb6492bb059b8131f647e3/r/e/redragon-k607-gaming-keyboard--6_1.jpg",
        "product_url": "https://dream2000.com/en/redragon-k607-gaming-keyboard-wired-abs-tkl.html",
        "category_type": "zeze"
    },
    {
        "name": "Redragon K568RGB-1 Gaming Keyboard Wired  Dark Avenger",
        "price": "EGP1,399.00",
        "image_url": "https://r2media.horizondm.com/catalog/product/cache/eb4305db09fb6492bb059b8131f647e3/r/e/redragon-k568rgb-1-gaming-keyboard--7.jpg",
        "product_url": "https://dream2000.com/en/redragon-k568rgb-1-gaming-keyboard-wired-dark-avenger.html",
        "category_type": "zeze"
    },
    {
        "name": "Redragon G807 Saturn GamePad Wired",
        "price": "EGP950.00",
        "image_url": "https://r2media.horizondm.com/catalog/product/cache/eb4305db09fb6492bb059b8131f647e3/r/e/redragon-g807-saturn-gamepad-wired--8.jpg",
        "product_url": "https://dream2000.com/en/redragon-g807-saturn-gamepad-wired.html",
        "category_type": "zeze"
    },
    {
        "name": "Redragon H220-RGB THEMIS Wired Gaming Headset - Black",
        "price": "EGP795.00",
        "image_url": "https://r2media.horizondm.com/catalog/product/cache/eb4305db09fb6492bb059b8131f647e3/r/e/redragon-h220-rgb-5.jpg",
        "product_url": "https://dream2000.com/en/redragon-h220-rgb-themis-wired-gaming-headset-black.html",
        "category_type": "zeze"
    },
    {
        "name": "Redragon H260RGB Gaming Headset with Mic Wired - Black",
        "price": "EGP899.00",
        "image_url": "https://r2media.horizondm.com/catalog/product/cache/eb4305db09fb6492bb059b8131f647e3/r/e/redragon-h260rgb-gaming-headset-with-mic-wired---black-5.jpg",
        "product_url": "https://dream2000.com/en/redragon-h260rgb-gaming-headset-with-mic-wired-black.html",
        "category_type": "zeze"
    },
    {
        "name": "Spider man 2 PS5 Gaming CD",
        "price": "EGP4,499.00",
        "image_url": "https://r2media.horizondm.com/catalog/product/cache/eb4305db09fb6492bb059b8131f647e3/s/p/spider_man_2_ps5_gaming_cd-1.jpg",
        "product_url": "https://dream2000.com/en/spider-man-2-ps5-gaming-cd.html",
        "category_type": "zeze"
    },
    {
        "name": "PlayStation 5 Slim Console",
        "price": "EGP37,199.00",
        "image_url": "https://r2media.horizondm.com/catalog/product/cache/eb4305db09fb6492bb059b8131f647e3/p/l/playstation-5-slim-console-warranty-2-years-1.jpg",
        "product_url": "https://dream2000.com/en/playstation-5-slim-console-warranty-2-years.html",
        "category_type": "zeze"
    },
    {
        "name": "DOBE DOCK PS5 Controller Wireless Charging Dual - TP5-0591",
        "price": "EGP239.00",
        "image_url": "https://r2media.horizondm.com/catalog/product/cache/eb4305db09fb6492bb059b8131f647e3/d/o/dobe_dock_ps5_controller_wireless_charging_dual_-_tp5-0591-1_1.jpg",
        "product_url": "https://dream2000.com/en/dobe-dock-ps5-controller-wireless-charging-dual-tp5-0591.html",
        "category_type": "zeze"
    },
    {
        "name": "DOBE DOCK PS4 Controller Wireless Charging Dual - TP4-002",
        "price": "EGP225.00",
        "image_url": "https://r2media.horizondm.com/catalog/product/cache/eb4305db09fb6492bb059b8131f647e3/d/o/dobe_dock_ps4_controller_wireless_charging_dual_-_tp4-002-0.jpg",
        "product_url": "https://dream2000.com/en/dobe-dock-ps4-controller-wireless-charging-dual-tp4-002.html",
        "category_type": "zeze"
    },
    {
        "name": "DOBE Dock PS4 Controller Dual Charging - TP4-1781",
        "price": "EGP425.00",
        "image_url": "https://r2media.horizondm.com/catalog/product/cache/eb4305db09fb6492bb059b8131f647e3/d/o/dobe_dock_ps4_controller_dual_charging_-_tp4-1781-1.jpg",
        "product_url": "https://dream2000.com/en/dobe-dock-ps4-controller-dual-charging-tp4-1781.html",
        "category_type": "zeze"
    },
    {
        "name": "DOBE Multi Functional Cooling Stand 3 Built-in Slim & PRO - TP4-882",
        "price": "EGP640.00",
        "image_url": "https://r2media.horizondm.com/catalog/product/cache/eb4305db09fb6492bb059b8131f647e3/d/o/dobe_multi_functional_cooling_stand_3_built-in_slim_pro_-_tp4-882-0.jpg",
        "product_url": "https://dream2000.com/en/dobe-multi-functional-cooling-stand-3-built-in-slim-pro-tp4-882.html",
        "category_type": "zeze"
    },
    {
        "name": "Redragon Keyboard Wired Gaming Mechanical K552 - Blue",
        "price": "EGP1,250.00",
        "image_url": "https://r2media.horizondm.com/catalog/product/cache/eb4305db09fb6492bb059b8131f647e3/k/e/keyboard-wired-gaming-mechanical-k552-blue--redragon-1.jpg",
        "product_url": "https://dream2000.com/en/redragon-keyboard-wired-gaming-mechanical-k552-blue.html",
        "category_type": "zeze"
    },
    {
        "name": "Redragon Harrow G808 Wireless Gampad",
        "price": "EGP1,270.00",
        "image_url": "https://r2media.horizondm.com/catalog/product/cache/eb4305db09fb6492bb059b8131f647e3/r/e/redragon-g808-gampad.jpg",
        "product_url": "https://dream2000.com/en/redragon-harrow-g808-wireless-gampad.html",
        "category_type": "zeze"
    },
    {
        "name": "Redragon Pad Mouse P018 Taurus",
        "price": "EGP449.00",
        "image_url": "https://r2media.horizondm.com/catalog/product/cache/eb4305db09fb6492bb059b8131f647e3/p/a/pad_mouse_p018.jpg",
        "product_url": "https://dream2000.com/en/redragon-pad-mouse-p018-taurus.html",
        "category_type": "zeze"
    },
    {
        "name": "Redragon Pad Mouse P020 Libra",
        "price": "EGP330.00",
        "image_url": "https://r2media.horizondm.com/catalog/product/cache/eb4305db09fb6492bb059b8131f647e3/m/o/mouse-pad-p020.jpg",
        "product_url": "https://dream2000.com/en/redragon-pad-mouse-p020-libra.html",
        "category_type": "zeze"
    },
    {
        "name": "ONIKUMA X16 Wired RGB Gaming Headset - Black",
        "price": "EGP540.00",
        "image_url": "https://r2media.horizondm.com/catalog/product/cache/eb4305db09fb6492bb059b8131f647e3/o/n/onikuma_x16_wired_rgb_gaming_headset_-_black-1.jpg",
        "product_url": "https://dream2000.com/en/onikuma-x16-wired-rgb-gaming-headset-black.html",
        "category_type": "zeze"
    },
    {
        "name": "ONIKUMA X32 Wired RGB Gaming Headset - Black",
        "price": "EGP609.00",
        "image_url": "https://r2media.horizondm.com/catalog/product/cache/eb4305db09fb6492bb059b8131f647e3/o/n/onikuma_x32_wired_rgb_gaming_headset_-_black-1.jpg",
        "product_url": "https://dream2000.com/en/onikuma-x32-wired-rgb-gaming-headset-black.html",
        "category_type": "zeze"
    },
    {
        "name": "Redragon H510 Wired Gaming Headset",
        "price": "EGP2,229.00",
        "image_url": "https://r2media.horizondm.com/catalog/product/cache/eb4305db09fb6492bb059b8131f647e3/r/e/redragon_h510_wired_gaming_headset-1.jpg",
        "product_url": "https://dream2000.com/en/redragon-h510-wired-gaming-headset.html",
        "category_type": "zeze"
    },
    {
        "name": "Yes-Original H30 Wired Gaming Headset with Microphone",
        "price": "EGP300.00",
        "image_url": "https://r2media.horizondm.com/catalog/product/cache/eb4305db09fb6492bb059b8131f647e3/y/e/yes-original_h30_wired_gaming_headset_with_microphone-1.jpg",
        "product_url": "https://dream2000.com/en/yes-original-h30-wired-gaming-headset-with-microphone.html",
        "category_type": "zeze"
    },
    {
        "name": "Havit HV-MP838 Gaming Mouse Pad - Black",
        "price": "EGP60.00",
        "image_url": "https://r2media.horizondm.com/catalog/product/cache/eb4305db09fb6492bb059b8131f647e3/h/a/havit_hv-mp838_gaming_mouse_pad_-_black-1.jpg",
        "product_url": "https://dream2000.com/en/havit-hv-mp838-gaming-mouse-pad-black.html",
        "category_type": "zeze"
    },
    {
        "name": "FC24 Gaming CD PS4",
        "price": "EGP3,500.00",
        "image_url": "https://r2media.horizondm.com/catalog/product/cache/eb4305db09fb6492bb059b8131f647e3/f/c/fc24_gaming_cd_ps4-1.jpg",
        "product_url": "https://dream2000.com/en/fc24-gaming-cd-ps4.html",
        "category_type": "zeze"
    },
    {
        "name": "DOBE PS5 TP5-0541 Controller Silicone Cover - Black",
        "price": "EGP199.00",
        "image_url": "https://r2media.horizondm.com/catalog/product/cache/eb4305db09fb6492bb059b8131f647e3/d/o/dobe_ps5_tp5-0541_controller_silicone_case_-_black-1.jpg",
        "product_url": "https://dream2000.com/en/dobe-ps5-tp5-0541-controller-silicone-cover-black.html",
        "category_type": "zeze"
    },
    {
        "name": "DOBE PS5 TP5-0541 Controller Silicone Cover - Blue",
        "price": "EGP199.00",
        "image_url": "https://r2media.horizondm.com/catalog/product/cache/eb4305db09fb6492bb059b8131f647e3/d/o/dobe_ps5_tp5-0541_controller_silicone_cover_-_blue-2.jpg",
        "product_url": "https://dream2000.com/en/dobe-ps5-tp5-0541-controller-silicone-cover-blue.html",
        "category_type": "zeze"
    },
    {
        "name": "DOBE PS5 TP5-0541 Controller Silicone Cover - Red",
        "price": "EGP199.00",
        "image_url": "https://r2media.horizondm.com/catalog/product/cache/eb4305db09fb6492bb059b8131f647e3/d/o/dobe_ps5_tp5-0541_controller_silicone_cover_-_red-3.jpg",
        "product_url": "https://dream2000.com/en/dobe-ps5-tp5-0541-controller-silicone-cover-red.html",
        "category_type": "zeze"
    },
    {
        "name": "Logitech G29 Driving Force Racing Wheel",
        "price": "EGP18,999.00",
        "image_url": "https://r2media.horizondm.com/catalog/product/cache/eb4305db09fb6492bb059b8131f647e3/l/o/logitech_g29_driving_force_racing_wheel-0.jpg",
        "product_url": "https://dream2000.com/en/logitech-g29-driving-force-racing-wheel.html",
        "category_type": "zeze"
    },
    {
        "name": "ONIKUMA X27 Wired Gaming Headset - white",
        "price": "EGP650.00",
        "image_url": "https://r2media.horizondm.com/catalog/product/cache/eb4305db09fb6492bb059b8131f647e3/o/n/onikuma_x27_wired_gaming_headset_-_white-1.jpg",
        "product_url": "https://dream2000.com/en/onikuma-x27-wired-gaming-headset-white.html",
        "category_type": "zeze"
    },
    {
        "name": "FC24 Arabic Gaming CD PS4",
        "price": "EGP3,999.00",
        "image_url": "https://r2media.horizondm.com/catalog/product/cache/eb4305db09fb6492bb059b8131f647e3/f/c/fc24_arabic_gaming_cd_ps4-1.jpg",
        "product_url": "https://dream2000.com/en/fc24-arabic-gaming-cd-ps4.html",
        "category_type": "zeze"
    },
    {
        "name": "FC24 Arabic Gaming CD PS5",
        "price": "EGP3,999.00",
        "image_url": "https://r2media.horizondm.com/catalog/product/cache/eb4305db09fb6492bb059b8131f647e3/f/c/fc24_arabic_gaming_cd_ps5-2.jpg",
        "product_url": "https://dream2000.com/en/fc24-arabic-gaming-cd-ps5.html",
        "category_type": "zeze"
    },
    {
        "name": "Play Station 5 + Spider Man 2 limited Edition",
        "price": "EGP56,999.00",
        "image_url": "https://r2media.horizondm.com/catalog/product/cache/eb4305db09fb6492bb059b8131f647e3/p/l/playstation-5_spider-man2-limited-edition-1.jpg",
        "product_url": "https://dream2000.com/en/play-station-5-spider-man-2-limited-edition.html",
        "category_type": "zeze"
    },
    {
        "name": "PlayStation 5 + FIFA 2024 Gaming CD",
        "price": "EGP39,999.00",
        "image_url": "https://r2media.horizondm.com/catalog/product/cache/eb4305db09fb6492bb059b8131f647e3/p/l/playstation_5_fifa_2024_gaming_cd-1.jpg",
        "product_url": "https://dream2000.com/en/playstation-5-fifa-2024-gaming-cd.html",
        "category_type": "zeze"
    },
    {
        "name": "PlayStation 5 Portal Remote Player Console",
        "price": "EGP25,999.00",
        "image_url": "https://r2media.horizondm.com/catalog/product/cache/eb4305db09fb6492bb059b8131f647e3/p/l/playstation_5_portal_remote_player_console-1.jpg",
        "product_url": "https://dream2000.com/en/playstation-5-portal-remote-player-console.html",
        "category_type": "zeze"
    },
    {
        "name": "Sony PS5 Dual Sense Wireless Gamepad Controller - Red",
        "price": "EGP4,777.00",
        "image_url": "https://r2media.horizondm.com/catalog/product/cache/eb4305db09fb6492bb059b8131f647e3/s/o/sony_ps5_dual_sense_wireless_gamepad_controller_-_red-1.jpg",
        "product_url": "https://dream2000.com/en/sony-ps5-dual-sense-wireless-gamepad-controller-red.html",
        "category_type": "zeze"
    },
    {
        "name": "Sony PS5 Dual Sense Wireless Gamepad Controller - Silver",
        "price": "EGP4,777.00",
        "image_url": "https://r2media.horizondm.com/catalog/product/cache/eb4305db09fb6492bb059b8131f647e3/s/o/sony_ps5_dual_sense_wireless_gamepad_controller_-_silver-1.jpg",
        "product_url": "https://dream2000.com/en/sony-ps5-dual-sense-wireless-gamepad-controller-silver.html",
        "category_type": "zeze"
    },
    {
        "name": "Sony PS5 Dual Sense Wireless Gamepad Controller - Blue",
        "price": "EGP4,777.00",
        "image_url": "https://r2media.horizondm.com/catalog/product/cache/eb4305db09fb6492bb059b8131f647e3/s/o/sony_ps5_dual_sense_wireless_gamepad_controller_-_blue-1.jpg",
        "product_url": "https://dream2000.com/en/sony-ps5-dual-sense-wireless-gamepad-controller-blue.html",
        "category_type": "zeze"
    },
    {
        "name": "Redragon H270 Mento RGB Gaming Headset - Black",
        "price": "EGP1,295.00",
        "image_url": "https://r2media.horizondm.com/catalog/product/cache/eb4305db09fb6492bb059b8131f647e3/r/e/redragon_h270_mento_rgb_gaming_headset_-_black-1.jpg",
        "product_url": "https://dream2000.com/en/redragon-h270-mento-rgb-gaming-headset-black.html",
        "category_type": "zeze"
    },
    {
        "name": "Razer X-2 Professional Mouse Pad Gaming - Black*Green",
        "price": "EGP50.00",
        "image_url": "https://r2media.horizondm.com/catalog/product/cache/eb4305db09fb6492bb059b8131f647e3/r/a/razer_x-2_professional_mouse_pad_gaming_-_black_green-1.jpg",
        "product_url": "https://dream2000.com/en/razer-x-2-professional-mouse-pad-gaming-black-green.html",
        "category_type": "zeze"
    },
    {
        "name": "Razer GMS-WT-5 Mouse Pad Gaming 800*300 - Black*Green",
        "price": "EGP235.00",
        "image_url": "https://r2media.horizondm.com/catalog/product/cache/eb4305db09fb6492bb059b8131f647e3/r/a/razer_gms-wt-5_mouse_pad_gaming_800_300_-_black_green-1.jpg",
        "product_url": "https://dream2000.com/en/razer-gms-wt-5-mouse-pad-gaming-800-300-black-green.html",
        "category_type": "zeze"
    },
    {
        "name": "DOBE PS5 Stand Multifunctional Cooling Controller - TP5-05102",
        "price": "EGP875.00",
        "image_url": "https://r2media.horizondm.com/catalog/product/cache/eb4305db09fb6492bb059b8131f647e3/d/o/dobe_ps5_stand_multifunctional_cooling_controller_-_tp5-05102-1.jpg",
        "product_url": "https://dream2000.com/en/dobe-ps5-stand-multifunctional-cooling-controller-tp5-05102.html",
        "category_type": "zeze"
    },
    {
        "name": "DOBE PS5 Stand Multifunctional Cooling Controller - TP5-3536B",
        "price": "EGP1,125.00",
        "image_url": "https://r2media.horizondm.com/catalog/product/cache/eb4305db09fb6492bb059b8131f647e3/d/o/dobe_ps5_stand_multifunctional_cooling_controller_-_tp5-3536b-1.jpg",
        "product_url": "https://dream2000.com/en/dobe-ps5-stand-multifunctional-cooling-controller-tp5-3536b.html",
        "category_type": "zeze"
    },
    {
        "name": "ABKONCORE B780 Bass Vibration Gaming Headset RGB - Black",
        "price": "EGP525.00",
        "image_url": "https://r2media.horizondm.com/catalog/product/cache/eb4305db09fb6492bb059b8131f647e3/a/b/abkoncore_b780_bass_vibration_gaming_headset_rgb_-_black-1.jpg",
        "product_url": "https://dream2000.com/en/abkoncore-b780-bass-vibration-gaming-headset-rgb-black.html",
        "category_type": "zeze"
    },
    {
        "name": "RUNMUS K1B Pro Headset Gaming Wired - Blue",
        "price": "EGP380.00",
        "image_url": "https://r2media.horizondm.com/catalog/product/cache/eb4305db09fb6492bb059b8131f647e3/r/u/runmus_k1b_pro_headset_gaming_wired_-_blue-2_1.jpg",
        "product_url": "https://dream2000.com/en/runmus-k1b-pro-headset-gaming-wired-blue.html",
        "category_type": "zeze"
    }
]